cd_cliente,vl_total_historico,vl_desconto_historico,qtd_produtos_historico,fat_faixa,ds_segmento,modal_comerc,situacao_contrato,nps_historico_nota,resposta_NPS_previsao,mes_previsao,vl_total_previsao,vl_desconto_previsao,situacao_contrato_previsao
T00053,254759.0533562215,0.0,118,Faixa 05 - De 35 M ate 50 M,MANUFATURA,MODALIDADE TRADICIONAL,ATIVO,10.0,9,2025-09,267497.0060240326,0.0,Manter Ativo
T00082,452679.0964751565,0.0,245,Faixa 04 - De 25 M ate 35 M,CONSTRUCAO E PROJETOS,MODALIDADE TRADICIONAL,ATIVO,10.0,9,2025-09,475313.05129891436,0.0,Manter Ativo
T00145,728.4864432868164,0.0,31,Faixa 03 - De 15 M ate 25 M,LOGISTICA,MODALIDADE TRADICIONAL,ATIVO,9.0,9,2025-09,764.9107654511573,0.0,Manter Ativo
T00336,465034.5569764903,0.0,54,Faixa 08 - De 150 M ate 300 M,MANUFATURA,MODALIDADE ASSINATURA COMPLEMENTAR,ATIVO,7.0,8,2025-09,488286.2848253148,0.0,Manter Ativo
T00673,183124.07526123,168722.4418362074,108,Faixa 03 - De 15 M ate 25 M,MANUFATURA,MODALIDADE TRADICIONAL,ATIVO,9.0,9,2025-09,192280.2790242915,172096.89067293156,Manter Ativo
T00686,1006590.6726678726,0.0,66,Faixa 09 - De 300 M ate 500 M,MANUFATURA,MODALIDADE TRADICIONAL,CANCELADO,8.0,9,2025-09,1056920.2063012663,0.0,Risco de Churn
T01085,383258.2480172753,67633.65416734293,78,Faixa 07 - De 75 M ate 150 M,MANUFATURA,MODALIDADE TRADICIONAL,CANCELADO,8.0,8,2025-09,402421.1604181391,68986.32725068979,Risco de Churn
T01104,195412.52627611882,0.0,58,Faixa 04 - De 25 M ate 35 M,LOGISTICA,MODALIDADE TRADICIONAL,CANCELADO,10.0,9,2025-09,205183.15258992478,0.0,Risco de Churn
T01127,145867.2926493218,39308.58870447048,385,"Faixa 00 - Ate 4,5 M",MANUFATURA,MODALIDADE ASSINATURA COMPLEMENTAR,ATIVO,6.0,5,2025-09,153160.65728178792,40094.76047855989,Manter Ativo
T01134,3278522.612911385,870591.7880547344,280,Faixa 04 - De 25 M ate 35 M,MANUFATURA,MODALIDADE TRADICIONAL,ATIVO,10.0,9,2025-09,3442448.7435569544,888003.623815829,Manter Ativo
T01259,1615306.1297074878,349322.9415194755,188,Faixa 04 - De 25 M ate 35 M,VAREJO,MODALIDADE TRADICIONAL,ATIVO,10.0,9,2025-09,1696071.4361928622,356309.400349865,Manter Ativo
T01351,411498.47963846335,203657.0808997945,603,Faixa 08 - De 150 M ate 300 M,AGROINDUSTRIA,MODALIDADE TRADICIONAL,CANCELADO,9.0,9,2025-09,432073.40362038655,207730.2225177904,Risco de Churn
T01384,1830692.3426032253,94815.48061900903,352,Faixa 09 - De 300 M ate 500 M,DISTRIBUICAO,MODALIDADE TRADICIONAL,CANCELADO,9.0,9,2025-09,1922226.9597333865,96711.79023138921,Risco de Churn
T01436,348009.73635102663,0.0,9,Faixa 07 - De 75 M ate 150 M,CONSTRUCAO E PROJETOS,MODALIDADE TRADICIONAL,ATIVO,9.0,9,2025-09,365410.223168578,0.0,Manter Ativo
T01440,51766.194532129746,3621.190125153966,124,"Faixa 01 - De 4,5 M ate 7,5 M",HOSPITALITY,MODALIDADE TRADICIONAL,ATIVO,7.0,8,2025-09,54354.50425873623,3693.6139276570457,Manter Ativo
T01487,100321.73083422703,0.0,68,Faixa 06 - De 50 M ate 75 M,MANUFATURA,MODALIDADE CORPORATIVO,ATIVO,10.0,9,2025-09,105337.81737593838,0.0,Manter Ativo
T01502,6410536.48339311,3124093.197845101,1349,Faixa 07 - De 75 M ate 150 M,MANUFATURA,MODALIDADE TRADICIONAL,ATIVO,9.0,9,2025-09,6731063.307562767,3186575.061802003,Manter Ativo
T01667,494429.974971523,1481.569656033328,243,Faixa 03 - De 15 M ate 25 M,MANUFATURA,MODALIDADE TRADICIONAL,ATIVO,7.0,8,2025-09,519151.47372009914,1511.2010491539947,Manter Ativo
T01670,5804.770330770971,0.0,49,Faixa 04 - De 25 M ate 35 M,MANUFATURA,MODALIDADE TRADICIONAL,ATIVO,9.0,9,2025-09,6095.008847309519,0.0,Manter Ativo
T01690,67002.86957314386,1027.8851650300603,147,Faixa 10 - De 500 M ate 850 M,CONSTRUCAO E PROJETOS,MODALIDADE TRADICIONAL,ATIVO,6.0,9,2025-09,70353.01305180106,1048.4428683306614,Manter Ativo
T01702,9071.705599387704,0.0,26,Faixa 07 - De 75 M ate 150 M,MANUFATURA,MODALIDADE TRADICIONAL,GRATUITO,10.0,9,2025-09,9525.29087935709,0.0,Risco de Churn
T01744,9687.368918634294,676.8210362350815,21,Sem Informações de Faturamento,SERVICOS,MODALIDADE ASSINATURA COMPLEMENTAR,ATIVO,0.0,8,2025-09,10171.73736456601,690.3574569597831,Manter Ativo
T01773,847937.095602579,155794.7228429505,45,Sem Informações de Faturamento,MANUFATURA,MODALIDADE TRADICIONAL,CANCELADO,0.0,9,2025-09,890333.950382708,158910.6172998095,Risco de Churn
T01777,45684.51191267644,3573.278762731796,68,"Faixa 02 - De 7,5 M ate 15 M",MANUFATURA,MODALIDADE TRADICIONAL,ATIVO,10.0,9,2025-09,47968.73750831027,3644.744337986432,Manter Ativo
T01872,19870.641667817865,0.0,56,"Faixa 00 - Ate 4,5 M",MANUFATURA,MODALIDADE CORPORATIVO,CANCELADO,7.0,8,2025-09,20864.17375120876,0.0,Risco de Churn
T01901,124088.56216077865,0.0,108,Faixa 04 - De 25 M ate 35 M,MANUFATURA,MODALIDADE CORPORATIVO,GRATUITO,9.0,9,2025-09,130292.99026881758,0.0,Risco de Churn
T02072,39804.32438072506,0.0,13,Faixa 06 - De 50 M ate 75 M,MANUFATURA,MODALIDADE TRADICIONAL,ATIVO,7.0,8,2025-09,41794.54059976132,0.0,Manter Ativo
T02076,308148.9835928524,0.0,62,Faixa 08 - De 150 M ate 300 M,MANUFATURA,MODALIDADE TRADICIONAL,ATIVO,10.0,9,2025-09,323556.4327724951,0.0,Manter Ativo
T02145,2096287.0695374154,0.0,296,Faixa 10 - De 500 M ate 850 M,MANUFATURA,MODALIDADE TRADICIONAL,ATIVO,9.0,9,2025-09,2201101.4230142864,0.0,Manter Ativo
T02250,13573835.05527611,1783733.4649603264,1500,Faixa 08 - De 150 M ate 300 M,MANUFATURA,MODALIDADE TRADICIONAL,ATIVO,9.0,9,2025-09,14252526.808039917,1819408.134259533,Manter Ativo
T02266,79811.50169488188,0.0,84,Faixa 04 - De 25 M ate 35 M,SERVICOS,MODALIDADE TRADICIONAL,ATIVO,0.0,9,2025-09,83802.07677962598,0.0,Manter Ativo
T02382,444338.28612932836,1008.9257683007428,165,Faixa 05 - De 35 M ate 50 M,LOGISTICA,MODALIDADE TRADICIONAL,ATIVO,9.0,9,2025-09,466555.2004357948,1029.1042836667577,Manter Ativo
T02413,90771.20167677607,2091.082731950641,38,Faixa 07 - De 75 M ate 150 M,MANUFATURA,MODALIDADE TRADICIONAL,CANCELADO,8.0,8,2025-09,95309.76176061487,2132.9043865896538,Risco de Churn
T02434,401126.95815634425,729588.1229640832,160,Faixa 07 - De 75 M ate 150 M,MANUFATURA,MODALIDADE TRADICIONAL,ATIVO,8.0,9,2025-09,421183.3060641615,744179.8854233649,Manter Ativo
T02523,28699.431573057715,0.0,34,"Faixa 00 - Ate 4,5 M",MANUFATURA,MODALIDADE TRADICIONAL,CANCELADO,7.0,8,2025-09,30134.4031517106,0.0,Risco de Churn
T02542,299579.65576436056,0.0,96,Faixa 06 - De 50 M ate 75 M,LOGISTICA,MODALIDADE TRADICIONAL,ATIVO,8.0,8,2025-09,314558.63855257863,0.0,Manter Ativo
T02553,193810.33534062782,0.0,48,Faixa 06 - De 50 M ate 75 M,VAREJO,MODALIDADE CORPORATIVO,CANCELADO,10.0,9,2025-09,203500.85210765922,0.0,Risco de Churn
T02684,10738868.108979432,0.0,1122,Faixa 11 - Acima de 850 M,MANUFATURA,MODALIDADE SERVICOS NÃO RECORRENTES,CANCELADO,0.0,8,2025-09,11275811.514428403,0.0,Risco de Churn
T02776,236762.0877327144,0.0,120,Faixa 09 - De 300 M ate 500 M,SERVICOS,MODALIDADE ASSINATURA (INTERA),TROCADO,10.0,9,2025-09,248600.19211935013,0.0,Risco de Churn
T02810,1303496.4775649374,0.0,182,Faixa 06 - De 50 M ate 75 M,MANUFATURA,MODALIDADE ASSINATURA (INTERA),ATIVO,9.0,8,2025-09,1368671.3014431843,0.0,Manter Ativo
T02817,167527.28939036516,0.0,185,Faixa 10 - De 500 M ate 850 M,SERVICOS,MODALIDADE TRADICIONAL,ATIVO,10.0,9,2025-09,175903.65385988343,0.0,Manter Ativo
T02860,1251415.6285126747,2618828.3606400792,396,Faixa 08 - De 150 M ate 300 M,MANUFATURA,MODALIDADE TRADICIONAL,ATIVO,4.0,5,2025-09,1313986.4099383084,2671204.9278528807,Manter Ativo
T02904,384104.16921613435,6172.267338017143,136,Sem Informações de Faturamento,MANUFATURA,MODALIDADE TRADICIONAL,ATIVO,0.0,8,2025-09,403309.3776769411,6295.712684777485,Manter Ativo
T02963,10486170.379248865,2222510.5186239164,2310,Faixa 09 - De 300 M ate 500 M,AGROINDUSTRIA,MODALIDADE TRADICIONAL,ATIVO,10.0,9,2025-09,11010478.898211308,2266960.7289963947,Manter Ativo
T02984,20851.13254488202,0.0,62,Sem Informações de Faturamento,SERVICOS,MPN,GRATUITO,8.0,8,2025-09,21893.689172126124,0.0,Risco de Churn
T03000,53911.275811971274,0.0,760,Faixa 09 - De 300 M ate 500 M,HOSPITALITY,MODALIDADE ASSINATURA COMPLEMENTAR,CANCELADO,7.0,8,2025-09,56606.83960256984,0.0,Risco de Churn
T03013,537342.2951814989,24012.433285557665,128,Faixa 06 - De 50 M ate 75 M,MANUFATURA,MODALIDADE TRADICIONAL,ATIVO,8.0,8,2025-09,564209.4099405739,24492.68195126882,Manter Ativo
T03062,18153317.2355389,771587.5839543281,1872,Faixa 11 - Acima de 850 M,MANUFATURA,MODALIDADE TRADICIONAL,ATIVO,9.0,9,2025-09,19060983.097315844,787019.3356334147,Manter Ativo
T03067,1122940.8372436457,52459.17099222974,264,Faixa 10 - De 500 M ate 850 M,MANUFATURA,MODALIDADE TRADICIONAL,ATIVO,9.0,9,2025-09,1179087.879105828,53508.35441207433,Manter Ativo
T03085,15591.93882331968,0.0,24,Faixa 03 - De 15 M ate 25 M,MANUFATURA,MODALIDADE TRADICIONAL,ATIVO,10.0,9,2025-09,16371.535764485665,0.0,Manter Ativo
T03108,487878.79294964834,0.0,390,Faixa 07 - De 75 M ate 150 M,MANUFATURA,MODALIDADE TRADICIONAL,ATIVO,8.0,8,2025-09,512272.73259713076,0.0,Manter Ativo
T03120,16453856.035772862,1514115.079004289,1040,Faixa 11 - Acima de 850 M,EDUCACIONAL,MODALIDADE ASSINATURA COMPLEMENTAR,PENDENTE,7.0,8,2025-09,17276548.837561507,1544397.3805843748,Risco de Churn
T03133,685137.0270070097,0.0,57,Sem Informações de Faturamento,MANUFATURA,MODALIDADE ASSINATURA COMPLEMENTAR,ATIVO,0.0,8,2025-09,719393.8783573603,0.0,Manter Ativo
T03154,177570.0103723097,0.0,33,Faixa 08 - De 150 M ate 300 M,MANUFATURA,MODALIDADE TRADICIONAL,ATIVO,8.0,8,2025-09,186448.51089092522,0.0,Manter Ativo
T03193,275443.0909784431,15226.7076951948,420,Faixa 08 - De 150 M ate 300 M,MANUFATURA,MODALIDADE ASSINATURA COMPLEMENTAR,ATIVO,6.0,5,2025-09,289215.24552736524,15531.241849098697,Manter Ativo
T03211,302730.4468616163,0.0,120,Faixa 07 - De 75 M ate 150 M,EDUCACIONAL,MODALIDADE TRADICIONAL,PENDENTE,9.0,9,2025-09,317866.9692046971,0.0,Risco de Churn
T03231,55653.051627506844,0.0,54,"Faixa 02 - De 7,5 M ate 15 M",VAREJO,MODALIDADE SERVICOS NÃO RECORRENTES,ATIVO,9.0,9,2025-09,58435.70420888219,0.0,Manter Ativo
T03306,15750812.47231816,1046390.8394336583,1056,Faixa 08 - De 150 M ate 300 M,MANUFATURA,MODALIDADE TRADICIONAL,ATIVO,6.0,5,2025-09,16538353.095934069,1067318.6562223316,Manter Ativo
T03314,186450912.37807766,0.0,517,Faixa 07 - De 75 M ate 150 M,LOGISTICA,MODALIDADE TRADICIONAL,ATIVO,8.0,9,2025-09,195773457.99698156,0.0,Manter Ativo
T03372,125140.79606768362,0.0,84,Faixa 06 - De 50 M ate 75 M,DISTRIBUICAO,MODALIDADE TRADICIONAL,ATIVO,10.0,9,2025-09,131397.8358710678,0.0,Manter Ativo
T03378,579519.9913164293,0.0,87,Faixa 10 - De 500 M ate 850 M,MANUFATURA,MODALIDADE TRADICIONAL,ATIVO,9.0,8,2025-09,608495.9908822508,0.0,Manter Ativo
T03386,757.53509769914,0.0,20,Faixa 03 - De 15 M ate 25 M,MANUFATURA,MODALIDADE TRADICIONAL,ATIVO,9.0,9,2025-09,795.411852584097,0.0,Manter Ativo
T03439,441708.6472299721,0.0,125,Faixa 07 - De 75 M ate 150 M,MANUFATURA,MODALIDADE SERVICOS RECORRENTES,CANCELADO,8.0,8,2025-09,463794.07959147077,0.0,Risco de Churn
T03456,338141.3030916991,12542.427057771733,176,Faixa 03 - De 15 M ate 25 M,MANUFATURA,MODALIDADE TRADICIONAL,CANCELADO,9.0,9,2025-09,355048.3682462841,12793.275598927168,Risco de Churn
T03459,1344384.884275983,0.0,399,Faixa 09 - De 300 M ate 500 M,SERVICOS,MODALIDADE SERVICOS RECORRENTES,CANCELADO,8.0,8,2025-09,1411604.1284897823,0.0,Risco de Churn
T03491,151991.0348617409,0.0,24,Faixa 08 - De 150 M ate 300 M,MANUFATURA,MODALIDADE SERVICOS NÃO RECORRENTES,ATIVO,0.0,8,2025-09,159590.58660482793,0.0,Manter Ativo
T03510,1411.9916127368892,0.0,30,"Faixa 00 - Ate 4,5 M",SERVICOS,MODALIDADE TRADICIONAL,ATIVO,8.0,8,2025-09,1482.5911933737339,0.0,Manter Ativo
T03581,20186.923080750683,0.0,35,Faixa 08 - De 150 M ate 300 M,CONSTRUCAO E PROJETOS,MODALIDADE TRADICIONAL,ATIVO,9.0,9,2025-09,21196.26923478822,0.0,Manter Ativo
T03585,547810.9425842467,0.0,224,Faixa 08 - De 150 M ate 300 M,MANUFATURA,MODALIDADE TRADICIONAL,ATIVO,8.0,9,2025-09,575201.4897134592,0.0,Manter Ativo
T03607,18074.123221637423,0.0,14,Faixa 06 - De 50 M ate 75 M,MANUFATURA,MODALIDADE CORPORATIVO,ATIVO,7.0,8,2025-09,18977.829382719294,0.0,Manter Ativo
T03718,780373.5071259865,60604.43891258974,147,Faixa 06 - De 50 M ate 75 M,CONSTRUCAO E PROJETOS,MODALIDADE ASSINATURA COMPLEMENTAR,ATIVO,7.0,8,2025-09,819392.1824822859,61816.52769084154,Manter Ativo
T03752,9032.91240359655,1882.1510207650333,42,"Faixa 02 - De 7,5 M ate 15 M",CONSTRUCAO E PROJETOS,MODALIDADE TRADICIONAL,CANCELADO,10.0,9,2025-09,9484.558023776379,1919.794041180334,Risco de Churn
T03753,18634.77065950998,0.0,52,"Faixa 00 - Ate 4,5 M",MANUFATURA,MODALIDADE CORPORATIVO,ATIVO,10.0,9,2025-09,19566.509192485482,0.0,Manter Ativo
T03799,95072.89121336208,4.842843687843359,48,Faixa 07 - De 75 M ate 150 M,SERVICOS,MODALIDADE SERVICOS RECORRENTES,ATIVO,8.0,8,2025-09,99826.53577403018,4.939700561600227,Manter Ativo
T03969,845410.7286633218,39135.5999737806,318,Faixa 10 - De 500 M ate 850 M,MANUFATURA,MODALIDADE ASSINATURA COMPLEMENTAR,CANCELADO,8.0,8,2025-09,887681.265096488,39918.31197325621,Risco de Churn
T04065,5000730.481324948,0.0,900,"Faixa 02 - De 7,5 M ate 15 M",VAREJO,MODALIDADE TRADICIONAL,ATIVO,10.0,9,2025-09,5250767.005391196,0.0,Manter Ativo
T04083,125712.99150174615,481535.1301428837,140,"Faixa 00 - Ate 4,5 M",LOGISTICA,MODALIDADE TRADICIONAL,ATIVO,8.0,9,2025-09,131998.64107683345,491165.83274574135,Manter Ativo
T04205,140128.79192609858,280.0273469918708,196,Faixa 06 - De 50 M ate 75 M,MANUFATURA,MODALIDADE CORPORATIVO,ATIVO,9.0,9,2025-09,147135.2315224035,285.62789393170823,Manter Ativo
T04247,2692192.196096922,0.0,486,Faixa 07 - De 75 M ate 150 M,MANUFATURA,MODALIDADE TRADICIONAL,CANCELADO,7.0,8,2025-09,2826801.805901768,0.0,Risco de Churn
T04251,4253894.772351763,84661.49194025072,182,Faixa 03 - De 15 M ate 25 M,MANUFATURA,MODALIDADE TRADICIONAL,ATIVO,8.0,8,2025-09,4466589.510969352,86354.72177905573,Manter Ativo
T04305,1699146.667157785,0.0,324,Faixa 07 - De 75 M ate 150 M,MANUFATURA,MODALIDADE TRADICIONAL,ATIVO,10.0,9,2025-09,1784104.0005156745,0.0,Manter Ativo
T04396,15048.026941628743,0.0,42,Faixa 07 - De 75 M ate 150 M,MANUFATURA,MODALIDADE TRADICIONAL,ATIVO,8.0,8,2025-09,15800.42828871018,0.0,Manter Ativo
T04398,1268912.6966411334,927478.1337259829,200,Faixa 07 - De 75 M ate 150 M,MANUFATURA,MODALIDADE TRADICIONAL,ATIVO,8.0,8,2025-09,1332358.33147319,946027.6964005026,Manter Ativo
T04411,755365.949335868,0.0,198,Faixa 09 - De 300 M ate 500 M,MANUFATURA,MODALIDADE CORPORATIVO,ATIVO,8.0,8,2025-09,793134.2468026615,0.0,Manter Ativo
T04467,4302.22763032908,422.90805121272797,20,Faixa 04 - De 25 M ate 35 M,AGROINDUSTRIA,MODALIDADE TRADICIONAL,ATIVO,8.0,9,2025-09,4517.3390118455345,431.36621223698256,Manter Ativo
T04491,1229764.1698059468,61.01478583798675,295,Faixa 08 - De 150 M ate 300 M,LOGISTICA,MODALIDADE TRADICIONAL,ATIVO,10.0,9,2025-09,1291252.3782962442,62.235081554746486,Manter Ativo
T04586,8947.60772988672,0.0,12,Faixa 03 - De 15 M ate 25 M,MANUFATURA,MODALIDADE CORPORATIVO,ATIVO,10.0,9,2025-09,9394.988116381057,0.0,Manter Ativo
T04610,5144821.997360328,2500.050792131354,124,Faixa 07 - De 75 M ate 150 M,MANUFATURA,MODALIDADE TRADICIONAL,CANCELADO,9.0,9,2025-09,5402063.0972283445,2550.051807973981,Risco de Churn
T04819,929686.9076488041,0.0,504,Faixa 08 - De 150 M ate 300 M,MANUFATURA,MODALIDADE TRADICIONAL,TROCADO,8.0,8,2025-09,976171.2530312444,0.0,Risco de Churn
T04851,46872.86251729744,0.0,225,Faixa 08 - De 150 M ate 300 M,SERVICOS,MODALIDADE TRADICIONAL,ATIVO,7.0,8,2025-09,49216.505643162316,0.0,Manter Ativo
T04870,361544.26113605587,0.0,105,Faixa 08 - De 150 M ate 300 M,MANUFATURA,MODALIDADE TRADICIONAL,ATIVO,10.0,9,2025-09,379621.4741928587,0.0,Manter Ativo
T05034,2612869.060716326,0.0,267,Faixa 07 - De 75 M ate 150 M,VAREJO,MODALIDADE TRADICIONAL,CANCELADO,0.0,8,2025-09,2743512.5137521424,0.0,Risco de Churn
T05049,1680837.7080558597,216770.2236338352,520,Faixa 04 - De 25 M ate 35 M,MANUFATURA,MODALIDADE TRADICIONAL,ATIVO,8.0,8,2025-09,1764879.5934586527,221105.62810651193,Manter Ativo
T05051,139167.1847763312,0.0,96,Faixa 03 - De 15 M ate 25 M,MANUFATURA,MODALIDADE TRADICIONAL,ATIVO,4.0,5,2025-09,146125.54401514778,0.0,Manter Ativo
T05114,5698.875163673061,0.0,31,Faixa 03 - De 15 M ate 25 M,LOGISTICA,MODALIDADE TRADICIONAL,CANCELADO,0.0,9,2025-09,5983.818921856715,0.0,Risco de Churn
T05154,3028191.007484914,664213.020594655,253,Faixa 05 - De 35 M ate 50 M,SERVICOS,MODALIDADE TRADICIONAL,PENDENTE,9.0,9,2025-09,3179600.5578591595,677497.2810065481,Risco de Churn
T05174,253855.91345472666,525610.2709316856,264,Faixa 06 - De 50 M ate 75 M,MANUFATURA,MODALIDADE CORPORATIVO,ATIVO,7.0,9,2025-09,266548.709127463,536122.4763503193,Manter Ativo
T05273,11226489.382034443,687356.8444631385,1512,Faixa 09 - De 300 M ate 500 M,MANUFATURA,MODALIDADE ASSINATURA COMPLEMENTAR,ATIVO,10.0,9,2025-09,11787813.851136167,701103.9813524013,Manter Ativo
T05353,30215.376170788524,3438.351756651045,62,"Faixa 01 - De 4,5 M ate 7,5 M",VAREJO,MODALIDADE TRADICIONAL,ATIVO,8.0,9,2025-09,31726.144979327953,3507.118791784066,Manter Ativo
T05357,1114.913420260736,0.0,4,Faixa 09 - De 300 M ate 500 M,DISTRIBUICAO,MODALIDADE ASSINATURA (INTERA),ATIVO,9.0,9,2025-09,1170.659091273773,0.0,Manter Ativo
T05395,338494.595264899,27190.54945570502,88,Faixa 06 - De 50 M ate 75 M,VAREJO,MODALIDADE TRADICIONAL,TROCADO,5.0,5,2025-09,355419.325028144,27734.360444819118,Risco de Churn
T05409,53124.860214154534,15490.0373207213,30,Sem Informações de Faturamento,DISTRIBUICAO,MODALIDADE TRADICIONAL,ATIVO,10.0,9,2025-09,55781.103224862265,15799.838067135726,Manter Ativo
T05513,550804.610308519,216261.7250466112,76,"Faixa 02 - De 7,5 M ate 15 M",MANUFATURA,MODALIDADE TRADICIONAL,ATIVO,6.0,5,2025-09,578344.840823945,220586.9595475434,Manter Ativo
T05606,2430.5021758364896,0.0,80,"Faixa 00 - Ate 4,5 M",MANUFATURA,MODALIDADE ASSINATURA COMPLEMENTAR,ATIVO,8.0,9,2025-09,2552.027284628314,0.0,Manter Ativo
T05615,486005.9324536667,88041.01491689507,170,Faixa 07 - De 75 M ate 150 M,MANUFATURA,MODALIDADE TRADICIONAL,GRATUITO,10.0,9,2025-09,510306.22907635005,89801.83521523298,Risco de Churn
T05690,466250.13596528367,0.0,300,Faixa 07 - De 75 M ate 150 M,MANUFATURA,MODALIDADE ASSINATURA COMPLEMENTAR,ATIVO,8.0,8,2025-09,489562.6427635479,0.0,Manter Ativo
T05691,20901931.431833744,395955.06173688406,1425,Faixa 09 - De 300 M ate 500 M,EDUCACIONAL,MODALIDADE ASSINATURA COMPLEMENTAR,ATIVO,9.0,9,2025-09,21947028.00342543,403874.1629716217,Manter Ativo
T05720,1293535.5047933708,76125.50490454391,188,Faixa 08 - De 150 M ate 300 M,MANUFATURA,MODALIDADE TRADICIONAL,CANCELADO,9.0,8,2025-09,1358212.2800330394,77648.01500263478,Risco de Churn
T05723,254708.73738738443,175939.5316805901,368,"Faixa 00 - Ate 4,5 M",LOGISTICA,MODALIDADE ASSINATURA (INTERA),ATIVO,0.0,8,2025-09,267444.17425675364,179458.3223142019,Manter Ativo
T05748,97512.10798552209,0.0,44,Faixa 07 - De 75 M ate 150 M,MANUFATURA,MODALIDADE CORPORATIVO,ATIVO,9.0,9,2025-09,102387.7133847982,0.0,Manter Ativo
T05787,124284.73936870978,0.0,93,Faixa 05 - De 35 M ate 50 M,MANUFATURA,MODALIDADE TRADICIONAL,ATIVO,8.0,8,2025-09,130498.97633714527,0.0,Manter Ativo
T05809,1564321.7475493571,363237.4908067052,90,Faixa 07 - De 75 M ate 150 M,SERVICOS,MODALIDADE TRADICIONAL,CANCELADO,8.0,8,2025-09,1642537.834926825,370502.2406228393,Risco de Churn
T05821,13953.49382188762,0.0,13,"Faixa 02 - De 7,5 M ate 15 M",SERVICOS,MODALIDADE SERVICOS RECORRENTES,ATIVO,6.0,5,2025-09,14651.168512982002,0.0,Manter Ativo
T05914,88670.80740075522,0.0,100,Faixa 07 - De 75 M ate 150 M,MANUFATURA,MODALIDADE TRADICIONAL,ATIVO,10.0,8,2025-09,93104.34777079299,0.0,Manter Ativo
T05967,1229802.2021035543,0.0,238,Faixa 08 - De 150 M ate 300 M,VAREJO,MODALIDADE TRADICIONAL,ATIVO,10.0,9,2025-09,1291292.3122087321,0.0,Manter Ativo
T05995,109449.02403959082,1073.2952323183301,108,"Faixa 00 - Ate 4,5 M",MANUFATURA,MODALIDADE ASSINATURA COMPLEMENTAR,ATIVO,8.0,8,2025-09,114921.47524157037,1094.7611369646968,Manter Ativo
T05997,257779.7981258003,0.0,140,Faixa 05 - De 35 M ate 50 M,CONSTRUCAO E PROJETOS,MODALIDADE TRADICIONAL,CANCELADO,10.0,8,2025-09,270668.78803209035,0.0,Risco de Churn
T06016,1070801.7101166907,1002852.943208762,264,Faixa 03 - De 15 M ate 25 M,MANUFATURA,MODALIDADE TRADICIONAL,ATIVO,9.0,9,2025-09,1124341.7956225253,1022910.0020729372,Manter Ativo
T06131,1548770.7753160892,0.0,222,Faixa 10 - De 500 M ate 850 M,MANUFATURA,MODALIDADE TRADICIONAL,ATIVO,7.0,8,2025-09,1626209.3140818938,0.0,Manter Ativo
T06178,466226.01002784877,0.0,108,Faixa 08 - De 150 M ate 300 M,MANUFATURA,MODALIDADE TRADICIONAL,CANCELADO,5.0,5,2025-09,489537.3105292412,0.0,Risco de Churn
T06381,210427.68325698774,93271.50470034932,185,"Faixa 01 - De 4,5 M ate 7,5 M",VAREJO,MODALIDADE TRADICIONAL,ATIVO,10.0,9,2025-09,220949.06741983714,95136.93479435632,Manter Ativo
T06449,8696922.462347602,0.0,852,Faixa 09 - De 300 M ate 500 M,MANUFATURA,MODALIDADE ASSINATURA COMPLEMENTAR,ATIVO,9.0,9,2025-09,9131768.585464982,0.0,Manter Ativo
T06468,898458.0319128984,5821.955699691011,210,Faixa 08 - De 150 M ate 300 M,MANUFATURA,MODALIDADE TRADICIONAL,CANCELADO,8.0,8,2025-09,943380.9335085434,5938.394813684832,Risco de Churn
T06525,44629.074666457134,0.0,40,Faixa 05 - De 35 M ate 50 M,MANUFATURA,MODALIDADE TRADICIONAL,ATIVO,0.0,9,2025-09,46860.52839977999,0.0,Manter Ativo
T06552,166671.00568309365,0.0,144,"Faixa 01 - De 4,5 M ate 7,5 M",SERVICOS,MODALIDADE TRADICIONAL,ATIVO,10.0,9,2025-09,175004.55596724834,0.0,Manter Ativo
T06619,494456.02207177517,0.0,150,Faixa 08 - De 150 M ate 300 M,SERVICOS,MODALIDADE TRADICIONAL,CANCELADO,7.0,9,2025-09,519178.82317536394,0.0,Risco de Churn
T06638,174070.9338959791,0.0,52,Faixa 07 - De 75 M ate 150 M,VAREJO,MODALIDADE CORPORATIVO,ATIVO,9.0,9,2025-09,182774.48059077808,0.0,Manter Ativo
T06661,149557.33775430496,0.0,39,Faixa 05 - De 35 M ate 50 M,MANUFATURA,MODALIDADE TRADICIONAL,TROCADO,9.0,9,2025-09,157035.20464202022,0.0,Risco de Churn
T06682,7463704.743840613,1524.6129516234646,735,Faixa 09 - De 300 M ate 500 M,MANUFATURA,MODALIDADE ASSINATURA COMPLEMENTAR,CANCELADO,9.0,9,2025-09,7836889.981032644,1555.105210655934,Risco de Churn
T06684,57290.3069373037,57290.37840287882,34,Faixa 04 - De 25 M ate 35 M,DISTRIBUICAO,MODALIDADE TRADICIONAL,CANCELADO,7.0,8,2025-09,60154.822284168884,58436.1859709364,Risco de Churn
T06816,30765.677915678687,0.0,36,Faixa 08 - De 150 M ate 300 M,EDUCACIONAL,MODALIDADE TRADICIONAL,ATIVO,10.0,9,2025-09,32303.96181146262,0.0,Manter Ativo
T06925,33857.60660206891,3154.280298871235,54,Faixa 07 - De 75 M ate 150 M,MANUFATURA,MODALIDADE TRADICIONAL,ATIVO,6.0,5,2025-09,35550.48693217236,3217.3659048486597,Manter Ativo
T06937,39737579.19499701,0.0,817,Faixa 11 - Acima de 850 M,SERVICOS,MODALIDADE ASSINATURA COMPLEMENTAR,PENDENTE,0.0,8,2025-09,41724458.15474687,0.0,Risco de Churn
T06961,305000.39531685744,4242.667379140382,308,Faixa 06 - De 50 M ate 75 M,MANUFATURA,MODALIDADE ASSINATURA COMPLEMENTAR,ATIVO,10.0,9,2025-09,320250.4150827003,4327.52072672319,Manter Ativo
T07049,4109924.6216785805,0.0,486,Faixa 10 - De 500 M ate 850 M,VAREJO,MODALIDADE TRADICIONAL,TROCADO,9.0,9,2025-09,4315420.85276251,0.0,Risco de Churn
T07157,3130862.03878606,4676.421382362354,684,Faixa 08 - De 150 M ate 300 M,EDUCACIONAL,MODALIDADE ASSINATURA COMPLEMENTAR,ATIVO,0.0,9,2025-09,3287405.1407253635,4769.949810009602,Manter Ativo
T07244,7507407.082354167,0.0,255,Faixa 10 - De 500 M ate 850 M,DISTRIBUICAO,MODALIDADE ASSINATURA COMPLEMENTAR,CANCELADO,10.0,9,2025-09,7882777.436471875,0.0,Risco de Churn
T07272,42162.5874715512,0.0,50,Faixa 03 - De 15 M ate 25 M,MANUFATURA,MODALIDADE TRADICIONAL,ATIVO,8.0,8,2025-09,44270.716845128765,0.0,Manter Ativo
T07300,48986.641875177615,10972.656270302095,104,Faixa 06 - De 50 M ate 75 M,SERVICOS,MODALIDADE TRADICIONAL,ATIVO,8.0,9,2025-09,51435.973968936494,11192.109395708138,Manter Ativo
T07413,11518.249694940185,0.0,22,"Faixa 02 - De 7,5 M ate 15 M",SAUDE,MODALIDADE INTERA 17,CANCELADO,10.0,9,2025-09,12094.162179687195,0.0,Risco de Churn
T07457,2645.3276950519185,0.0,36,Faixa 04 - De 25 M ate 35 M,MANUFATURA,MODALIDADE TRADICIONAL,ATIVO,10.0,9,2025-09,2777.5940798045144,0.0,Manter Ativo
T07483,101503.61590621613,0.0,44,Faixa 06 - De 50 M ate 75 M,VAREJO,MODALIDADE CORPORATIVO,ATIVO,10.0,9,2025-09,106578.79670152694,0.0,Manter Ativo
T07499,10023184.78235349,1886947.9246995617,3248,Faixa 05 - De 35 M ate 50 M,DISTRIBUICAO,MODALIDADE TRADICIONAL,ATIVO,8.0,8,2025-09,10524344.021471165,1924686.883193553,Manter Ativo
T07543,260789.4783427871,106450.3957636242,144,Faixa 05 - De 35 M ate 50 M,MANUFATURA,MODALIDADE TRADICIONAL,ATIVO,9.0,9,2025-09,273828.9522599265,108579.40367889668,Manter Ativo
T07544,18941.799382375986,0.0,18,Faixa 06 - De 50 M ate 75 M,VAREJO,MODALIDADE TRADICIONAL,ATIVO,10.0,9,2025-09,19888.889351494785,0.0,Manter Ativo
T07589,149319.85344387632,0.0,144,"Faixa 01 - De 4,5 M ate 7,5 M",DISTRIBUICAO,MODALIDADE TRADICIONAL,CANCELADO,8.0,8,2025-09,156785.84611607014,0.0,Risco de Churn
T07602,206131.16866882175,0.0,78,"Faixa 02 - De 7,5 M ate 15 M",LOGISTICA,MODALIDADE TRADICIONAL,ATIVO,9.0,9,2025-09,216437.72710226284,0.0,Manter Ativo
T07614,19416.10379376892,2243.6827544061357,40,Faixa 06 - De 50 M ate 75 M,LOGISTICA,MODALIDADE TRADICIONAL,ATIVO,9.0,9,2025-09,20386.908983457368,2288.5564094942583,Manter Ativo
T07621,182313.34034853987,75085.64294987277,126,Faixa 03 - De 15 M ate 25 M,MANUFATURA,MODALIDADE TRADICIONAL,ATIVO,8.0,8,2025-09,191429.00736596689,76587.35580887023,Manter Ativo
T07650,3067.1343356342572,0.0,96,"Faixa 00 - Ate 4,5 M",MANUFATURA,MODALIDADE TRADICIONAL,ATIVO,10.0,9,2025-09,3220.4910524159704,0.0,Manter Ativo
T07651,15899.039011760944,134.00215745981038,26,Sem Informações de Faturamento,SERVICOS,MODALIDADE TRADICIONAL,ATIVO,0.0,9,2025-09,16693.99096234899,136.6822006090066,Manter Ativo
T07654,20403.917790367967,0.0,33,"Faixa 01 - De 4,5 M ate 7,5 M",MANUFATURA,MODALIDADE TRADICIONAL,ATIVO,9.0,8,2025-09,21424.113679886366,0.0,Manter Ativo
T07673,72963.72072027104,0.0,63,Faixa 03 - De 15 M ate 25 M,DISTRIBUICAO,MODALIDADE CORPORATIVO,ATIVO,10.0,9,2025-09,76611.9067562846,0.0,Manter Ativo
T07677,57554.28395686483,0.0,18,Faixa 08 - De 150 M ate 300 M,EDUCACIONAL,MODALIDADE CORPORATIVO,ATIVO,7.0,8,2025-09,60431.99815470807,0.0,Manter Ativo
T07682,70611.35143747456,0.0,32,Faixa 09 - De 300 M ate 500 M,LOGISTICA,MODALIDADE TRADICIONAL,CANCELADO,6.0,5,2025-09,74141.91900934829,0.0,Risco de Churn
T07684,3640403.9477389157,303391.52024815127,680,Faixa 08 - De 150 M ate 300 M,MANUFATURA,MODALIDADE CORPORATIVO,ATIVO,9.0,9,2025-09,3822424.1451258617,309459.3506531143,Manter Ativo
T07742,47236.64331463038,0.0,9,Faixa 07 - De 75 M ate 150 M,CONSTRUCAO E PROJETOS,MODALIDADE CORPORATIVO,ATIVO,9.0,9,2025-09,49598.47548036191,0.0,Manter Ativo
T07781,49750.600466934884,0.0,46,Faixa 08 - De 150 M ate 300 M,AGROINDUSTRIA,MODALIDADE TRADICIONAL,ATIVO,8.0,9,2025-09,52238.130490281634,0.0,Manter Ativo
T07784,45885.300752140465,0.0,13,Faixa 08 - De 150 M ate 300 M,SAUDE,MODALIDADE TRADICIONAL,ATIVO,6.0,5,2025-09,48179.56578974749,0.0,Manter Ativo
T07800,670933.6937378896,68918.58419113443,432,Faixa 07 - De 75 M ate 150 M,MANUFATURA,MODALIDADE TRADICIONAL,ATIVO,7.0,8,2025-09,704480.3784247842,70296.95587495712,Manter Ativo
T07826,220806.65817822024,0.0,54,Faixa 04 - De 25 M ate 35 M,EDUCACIONAL,MODALIDADE ASSINATURA COMPLEMENTAR,ATIVO,10.0,9,2025-09,231846.99108713126,0.0,Manter Ativo
T07849,51936.80808340678,415.172953655755,30,Faixa 06 - De 50 M ate 75 M,EDUCACIONAL,MODALIDADE TRADICIONAL,ATIVO,8.0,8,2025-09,54533.64848757712,423.4764127288701,Manter Ativo
T07885,18591.138823888326,0.0,96,"Faixa 00 - Ate 4,5 M",VAREJO,MODALIDADE TRADICIONAL,ATIVO,1.0,5,2025-09,19520.695765082743,0.0,Manter Ativo
T07888,14646.949521727627,0.0,26,"Faixa 02 - De 7,5 M ate 15 M",VAREJO,MODALIDADE CORPORATIVO,ATIVO,10.0,9,2025-09,15379.29699781401,0.0,Manter Ativo
T07912,2073.510608152742,0.0,22,Faixa 04 - De 25 M ate 35 M,VAREJO,MODALIDADE TRADICIONAL,ATIVO,10.0,9,2025-09,2177.1861385603793,0.0,Manter Ativo
T07947,449455.95699259924,245103.3815221407,280,Faixa 03 - De 15 M ate 25 M,MANUFATURA,MODALIDADE TRADICIONAL,ATIVO,9.0,8,2025-09,471928.75484222925,250005.44915258352,Manter Ativo
T07984,24765.4492365863,0.0,50,"Faixa 01 - De 4,5 M ate 7,5 M",EDUCACIONAL,MODALIDADE TRADICIONAL,ATIVO,5.0,9,2025-09,26003.72169841562,0.0,Manter Ativo
T08043,396034.73744557844,0.0,123,Faixa 07 - De 75 M ate 150 M,MANUFATURA,MODALIDADE TRADICIONAL,ATIVO,10.0,9,2025-09,415836.4743178574,0.0,Manter Ativo
T08115,19999.23766470252,0.0,7,Faixa 04 - De 25 M ate 35 M,SERVICOS,MODALIDADE CORPORATIVO,ATIVO,6.0,5,2025-09,20999.199547937646,0.0,Manter Ativo
T08223,1200115.015387902,125149.3383058556,280,Faixa 06 - De 50 M ate 75 M,SAUDE,MODALIDADE ASSINATURA COMPLEMENTAR,CANCELADO,8.0,8,2025-09,1260120.7661572972,127652.32507197272,Risco de Churn
T08257,648762.9283266452,0.0,108,Faixa 07 - De 75 M ate 150 M,DISTRIBUICAO,MODALIDADE TRADICIONAL,ATIVO,8.0,8,2025-09,681201.0747429775,0.0,Manter Ativo
T08368,862698.793615022,2610.29274774768,96,"Faixa 02 - De 7,5 M ate 15 M",VAREJO,MODALIDADE ASSINATURA COMPLEMENTAR,ATIVO,10.0,9,2025-09,905833.7332957732,2662.498602702634,Manter Ativo
T08383,371879.141797356,654.8096390566542,126,"Faixa 02 - De 7,5 M ate 15 M",MANUFATURA,MODALIDADE TRADICIONAL,ATIVO,8.0,8,2025-09,390473.0988872238,667.9058318377873,Manter Ativo
T08492,57753.891512408256,0.0,26,"Faixa 00 - Ate 4,5 M",LOGISTICA,MODALIDADE SERVICOS NÃO RECORRENTES,ATIVO,10.0,9,2025-09,60641.58608802867,0.0,Manter Ativo
T08807,1867975.7188168436,195822.82275522777,100,Faixa 04 - De 25 M ate 35 M,SERVICOS,MODALIDADE TRADICIONAL,ATIVO,7.0,8,2025-09,1961374.5047576858,199739.27921033232,Manter Ativo
T08810,544355.1700426626,87396.93352184164,92,Faixa 07 - De 75 M ate 150 M,AGROINDUSTRIA,MODALIDADE TRADICIONAL,CANCELADO,0.0,8,2025-09,571572.9285447958,89144.87219227848,Risco de Churn
T08881,203495.005382832,0.0,54,Faixa 04 - De 25 M ate 35 M,LOGISTICA,MODALIDADE TRADICIONAL,ATIVO,9.0,9,2025-09,213669.7556519736,0.0,Manter Ativo
T08886,58484.0637024997,0.0,296,"Faixa 02 - De 7,5 M ate 15 M",LOGISTICA,MODALIDADE TRADICIONAL,CANCELADO,8.0,8,2025-09,61408.26688762468,0.0,Risco de Churn
T08909,910977.6908791641,0.0,136,Faixa 08 - De 150 M ate 300 M,CONSTRUCAO E PROJETOS,MODALIDADE TRADICIONAL,ATIVO,8.0,8,2025-09,956526.5754231224,0.0,Manter Ativo
T08976,203705.4757058143,0.0,672,Faixa 06 - De 50 M ate 75 M,MANUFATURA,MODALIDADE TRADICIONAL,ATIVO,10.0,8,2025-09,213890.749491105,0.0,Manter Ativo
T09092,11782.235122216065,0.0,15,Faixa 07 - De 75 M ate 150 M,DISTRIBUICAO,MODALIDADE SERVICOS RECORRENTES,CANCELADO,8.0,8,2025-09,12371.346878326869,0.0,Risco de Churn
T09129,225796.58642765268,0.0,161,Faixa 08 - De 150 M ate 300 M,DISTRIBUICAO,MODALIDADE CORPORATIVO,ATIVO,10.0,9,2025-09,237086.41574903534,0.0,Manter Ativo
T09163,2368303.461851831,737053.299247175,258,Faixa 11 - Acima de 850 M,DISTRIBUICAO,MODALIDADE ASSINATURA COMPLEMENTAR,ATIVO,8.0,8,2025-09,2486718.6349444226,751794.3652321185,Manter Ativo
T09170,7557883.361087672,91701.89365945967,270,Faixa 11 - Acima de 850 M,MANUFATURA,MODALIDADE TRADICIONAL,TROCADO,8.0,8,2025-09,7935777.529142057,93535.93153264887,Risco de Churn
T09188,54108.01633679008,0.0,32,"Faixa 02 - De 7,5 M ate 15 M",MANUFATURA,MODALIDADE TRADICIONAL,ATIVO,10.0,9,2025-09,56813.41715362959,0.0,Manter Ativo
T09190,563899.4074090058,45939.4170080376,120,Faixa 08 - De 150 M ate 300 M,EDUCACIONAL,MODALIDADE ASSINATURA COMPLEMENTAR,ATIVO,9.0,9,2025-09,592094.3777794561,46858.20534819835,Manter Ativo
T09401,59683.911857022074,0.0,96,"Faixa 02 - De 7,5 M ate 15 M",CONSTRUCAO E PROJETOS,MODALIDADE TRADICIONAL,CANCELADO,5.0,5,2025-09,62668.10744987318,0.0,Risco de Churn
T09408,115331.36394651467,0.0,84,Faixa 05 - De 35 M ate 50 M,MANUFATURA,MODALIDADE CORPORATIVO,ATIVO,9.0,9,2025-09,121097.93214384041,0.0,Manter Ativo
T09428,604360.2818257381,307814.823174534,350,Faixa 07 - De 75 M ate 150 M,EDUCACIONAL,MODALIDADE ASSINATURA COMPLEMENTAR,PENDENTE,8.0,8,2025-09,634578.2959170251,313971.1196380247,Risco de Churn
T09440,6815089.627342883,56499.8430248416,896,Faixa 10 - De 500 M ate 850 M,DISTRIBUICAO,MODALIDADE ASSINATURA COMPLEMENTAR,ATIVO,5.0,5,2025-09,7155844.108710027,57629.83988533843,Manter Ativo
T09444,234087.18590107918,398580.7153794539,132,Faixa 08 - De 150 M ate 300 M,DISTRIBUICAO,MODALIDADE TRADICIONAL,ATIVO,4.0,5,2025-09,245791.54519613314,406552.329687043,Manter Ativo
T09466,477320.22503780114,0.0,129,Faixa 07 - De 75 M ate 150 M,MANUFATURA,MODALIDADE TRADICIONAL,ATIVO,0.0,8,2025-09,501186.23628969124,0.0,Manter Ativo
T09481,182643.49869464416,0.0,99,Faixa 07 - De 75 M ate 150 M,MANUFATURA,MODALIDADE TRADICIONAL,CANCELADO,8.0,8,2025-09,191775.67362937637,0.0,Risco de Churn
T09514,188777.38901874927,0.0,255,Faixa 07 - De 75 M ate 150 M,MANUFATURA,MODALIDADE TRADICIONAL,ATIVO,7.0,8,2025-09,198216.25846968673,0.0,Manter Ativo
T09519,2345.550626145571,0.0,24,"Faixa 00 - Ate 4,5 M",VAREJO,MODALIDADE CORPORATIVO,GRATUITO,7.0,8,2025-09,2462.82815745285,0.0,Risco de Churn
T09590,5092230.2703375835,0.0,1738,Faixa 10 - De 500 M ate 850 M,LOGISTICA,MODALIDADE TRADICIONAL,ATIVO,10.0,9,2025-09,5346841.783854463,0.0,Manter Ativo
T09656,2152437.4416954047,819333.5329967954,336,Faixa 07 - De 75 M ate 150 M,MANUFATURA,MODALIDADE TRADICIONAL,ATIVO,8.0,8,2025-09,2260059.313780175,835720.2036567313,Manter Ativo
T09800,28561.80569054676,0.0,90,"Faixa 00 - Ate 4,5 M",DISTRIBUICAO,MODALIDADE TRADICIONAL,ATIVO,10.0,9,2025-09,29989.895975074098,0.0,Manter Ativo
T09860,4201593.271233976,0.0,780,Faixa 11 - Acima de 850 M,CONSTRUCAO E PROJETOS,MODALIDADE ASSINATURA COMPLEMENTAR,ATIVO,10.0,9,2025-09,4411672.934795675,0.0,Manter Ativo
T09935,305806.25795885833,0.0,130,Faixa 06 - De 50 M ate 75 M,CONSTRUCAO E PROJETOS,MODALIDADE CORPORATIVO,ATIVO,10.0,9,2025-09,321096.57085680123,0.0,Manter Ativo
T09979,150127.54896768936,332287.28036800586,48,Faixa 06 - De 50 M ate 75 M,SAUDE,MODALIDADE TRADICIONAL,ATIVO,7.0,8,2025-09,157633.92641607384,338933.025975366,Manter Ativo
T09981,5369.137203305534,0.0,68,"Faixa 01 - De 4,5 M ate 7,5 M",VAREJO,MODALIDADE TRADICIONAL,ATIVO,10.0,9,2025-09,5637.594063470811,0.0,Manter Ativo
T10019,5038.129678012896,0.0,58,Faixa 04 - De 25 M ate 35 M,MANUFATURA,MODALIDADE TRADICIONAL,ATIVO,8.0,8,2025-09,5290.036161913541,0.0,Manter Ativo
T10041,844265.8039053142,227541.01067332985,540,Faixa 09 - De 300 M ate 500 M,EDUCACIONAL,MODALIDADE ASSINATURA COMPLEMENTAR,ATIVO,0.0,5,2025-09,886479.09410058,232091.83088679644,Manter Ativo
T10047,13550245.807496337,14420184.20681583,1014,Faixa 11 - Acima de 850 M,MANUFATURA,MODALIDADE TRADICIONAL,CANCELADO,0.0,9,2025-09,14227758.097871155,14708587.890952146,Risco de Churn
T10145,222241.67852161854,0.0,57,Faixa 07 - De 75 M ate 150 M,MANUFATURA,MODALIDADE TRADICIONAL,ATIVO,10.0,9,2025-09,233353.76244769947,0.0,Manter Ativo
T10219,264156.5242707636,0.0,150,Faixa 07 - De 75 M ate 150 M,EDUCACIONAL,MODALIDADE TRADICIONAL,ATIVO,7.0,8,2025-09,277364.3504843018,0.0,Manter Ativo
T10289,745912.8445729184,6805.036152893785,130,Faixa 08 - De 150 M ate 300 M,VAREJO,MODALIDADE TRADICIONAL,CANCELADO,10.0,9,2025-09,783208.4868015643,6941.136875951661,Risco de Churn
T10391,23173.318131776687,0.0,76,"Faixa 00 - Ate 4,5 M",DISTRIBUICAO,MODALIDADE CORPORATIVO,ATIVO,8.0,8,2025-09,24331.98403836552,0.0,Manter Ativo
T10413,1304273.0056902228,156383.494086615,186,Faixa 10 - De 500 M ate 850 M,AGROINDUSTRIA,MODALIDADE TRADICIONAL,ATIVO,8.0,8,2025-09,1369486.655974734,159511.1639683473,Manter Ativo
T10415,87409.57031708947,0.0,22,Faixa 05 - De 35 M ate 50 M,MANUFATURA,MODALIDADE ASSINATURA COMPLEMENTAR,CANCELADO,10.0,9,2025-09,91780.04883294395,0.0,Risco de Churn
T10494,1002810.6608113565,0.0,116,Faixa 08 - De 150 M ate 300 M,MANUFATURA,MODALIDADE TRADICIONAL,ATIVO,9.0,9,2025-09,1052951.1938519243,0.0,Manter Ativo
T10661,12871.370489096718,0.0,108,Faixa 03 - De 15 M ate 25 M,MANUFATURA,MODALIDADE TRADICIONAL,ATIVO,10.0,9,2025-09,13514.939013551555,0.0,Manter Ativo
T10680,292780.71520465007,7005.728303638279,330,Faixa 07 - De 75 M ate 150 M,MANUFATURA,MODALIDADE TRADICIONAL,CANCELADO,8.0,8,2025-09,307419.7509648826,7145.842869711045,Risco de Churn
T10698,285038.4416631511,0.0,92,Faixa 07 - De 75 M ate 150 M,MANUFATURA,MODALIDADE TRADICIONAL,ATIVO,8.0,8,2025-09,299290.36374630866,0.0,Manter Ativo
T10703,1560677.7599056973,0.0,741,Faixa 07 - De 75 M ate 150 M,SERVICOS,MODALIDADE ASSINATURA COMPLEMENTAR,ATIVO,9.0,9,2025-09,1638711.6479009823,0.0,Manter Ativo
T10752,207208.5500505017,0.0,120,Faixa 03 - De 15 M ate 25 M,VAREJO,MODALIDADE TRADICIONAL,ATIVO,9.0,9,2025-09,217568.9775530268,0.0,Manter Ativo
T10765,523789.86616794026,285423.88914135797,144,Faixa 03 - De 15 M ate 25 M,LOGISTICA,MODALIDADE TRADICIONAL,ATIVO,7.0,8,2025-09,549979.3594763373,291132.36692418513,Manter Ativo
T10859,906698.8871420906,68183.0773060431,390,Faixa 05 - De 35 M ate 50 M,LOGISTICA,MODALIDADE TRADICIONAL,ATIVO,8.0,8,2025-09,952033.8314991952,69546.73885216395,Manter Ativo
T10869,568222.1372517184,68241.34276916251,440,Faixa 03 - De 15 M ate 25 M,MANUFATURA,MODALIDADE TRADICIONAL,ATIVO,10.0,9,2025-09,596633.2441143044,69606.16962454576,Manter Ativo
T10872,67019.91201091332,0.0,80,Faixa 04 - De 25 M ate 35 M,MANUFATURA,MODALIDADE ASSINATURA COMPLEMENTAR,ATIVO,10.0,9,2025-09,70370.90761145898,0.0,Manter Ativo
T10881,12078.018526622893,0.0,31,"Faixa 02 - De 7,5 M ate 15 M",MANUFATURA,MODALIDADE TRADICIONAL,ATIVO,10.0,9,2025-09,12681.919452954038,0.0,Manter Ativo
T10944,1941151.5914030424,116671.73444127443,605,Faixa 09 - De 300 M ate 500 M,CONSTRUCAO E PROJETOS,MODALIDADE SERVICOS RECORRENTES,ATIVO,6.0,5,2025-09,2038209.1709731945,119005.16913009992,Manter Ativo
T10967,810877.6252400909,34807.9390063756,414,Faixa 06 - De 50 M ate 75 M,MANUFATURA,MODALIDADE TRADICIONAL,CANCELADO,10.0,9,2025-09,851421.5065020955,35504.09778650311,Risco de Churn
T11026,38404.42306177832,0.0,64,"Faixa 02 - De 7,5 M ate 15 M",MANUFATURA,MODALIDADE CORPORATIVO,ATIVO,9.0,9,2025-09,40324.644214867236,0.0,Manter Ativo
T11036,1077455.4620544855,44448.72918537338,781,Faixa 08 - De 150 M ate 300 M,SERVICOS,MODALIDADE TRADICIONAL,PENDENTE,8.0,8,2025-09,1131328.2351572097,45337.70376908084,Risco de Churn
T11037,54822.5039350415,0.0,35,Faixa 06 - De 50 M ate 75 M,LOGISTICA,MODALIDADE TRADICIONAL,ATIVO,8.0,8,2025-09,57563.62913179358,0.0,Manter Ativo
T11157,4510.621247771596,0.0,34,"Faixa 01 - De 4,5 M ate 7,5 M",VAREJO,MODALIDADE CORPORATIVO,CANCELADO,6.0,9,2025-09,4736.152310160176,0.0,Risco de Churn
T11271,126283.69877030012,0.0,26,Faixa 08 - De 150 M ate 300 M,VAREJO,MODALIDADE CORPORATIVO,CANCELADO,0.0,9,2025-09,132597.88370881512,0.0,Risco de Churn
T11293,131812.1159254187,0.0,150,Faixa 05 - De 35 M ate 50 M,SERVICOS,MODALIDADE TRADICIONAL,ATIVO,9.0,9,2025-09,138402.72172168965,0.0,Manter Ativo
T11387,519556.5481675861,0.0,256,Faixa 08 - De 150 M ate 300 M,MANUFATURA,MODALIDADE CORPORATIVO,CANCELADO,8.0,8,2025-09,545534.3755759654,0.0,Risco de Churn
T11454,92277.85154586616,0.0,27,Faixa 08 - De 150 M ate 300 M,DISTRIBUICAO,MODALIDADE TRADICIONAL,ATIVO,10.0,9,2025-09,96891.74412315947,0.0,Manter Ativo
T11510,12326.340381345924,0.0,26,Faixa 03 - De 15 M ate 25 M,EDUCACIONAL,MODALIDADE CORPORATIVO,ATIVO,9.0,9,2025-09,12942.657400413222,0.0,Manter Ativo
T11564,259545.44764732895,27449.877009017142,88,Faixa 07 - De 75 M ate 150 M,MANUFATURA,MODALIDADE TRADICIONAL,ATIVO,8.0,8,2025-09,272522.7200296954,27998.874549197484,Manter Ativo
T11623,59526.19994400693,0.0,37,Faixa 08 - De 150 M ate 300 M,EDUCACIONAL,MODALIDADE ASSINATURA COMPLEMENTAR,ATIVO,9.0,9,2025-09,62502.509941207274,0.0,Manter Ativo
T11677,509721.14461559773,0.0,468,Faixa 04 - De 25 M ate 35 M,SERVICOS,MODALIDADE INTERA 17,ATIVO,8.0,8,2025-09,535207.2018463777,0.0,Manter Ativo
T11687,14551.080554452212,0.0,18,"Faixa 00 - Ate 4,5 M",VAREJO,MODALIDADE TRADICIONAL,GRATUITO,8.0,8,2025-09,15278.634582174824,0.0,Risco de Churn
T11727,274125.2321398887,0.0,96,Faixa 06 - De 50 M ate 75 M,MANUFATURA,MODALIDADE TRADICIONAL,ATIVO,6.0,8,2025-09,287831.4937468831,0.0,Manter Ativo
T11806,277106.7507163674,25312.518215160533,164,Faixa 05 - De 35 M ate 50 M,MANUFATURA,MODALIDADE TRADICIONAL,ATIVO,7.0,8,2025-09,290962.0882521858,25818.768579463744,Manter Ativo
T11855,680490.7178549749,13566.47830488225,133,Faixa 08 - De 150 M ate 300 M,SERVICOS,MODALIDADE CORPORATIVO,ATIVO,0.0,9,2025-09,714515.2537477236,13837.807870979896,Manter Ativo
T11906,611680.7949690857,867774.7411939162,350,Faixa 03 - De 15 M ate 25 M,MANUFATURA,MODALIDADE TRADICIONAL,ATIVO,8.0,8,2025-09,642264.8347175401,885130.2360177945,Manter Ativo
T11910,85258.6666947933,0.0,64,Faixa 05 - De 35 M ate 50 M,VAREJO,MODALIDADE CORPORATIVO,ATIVO,6.0,5,2025-09,89521.60002953297,0.0,Manter Ativo
T11933,34248088.51896738,12933929.873024253,3996,Faixa 11 - Acima de 850 M,LOGISTICA,MODALIDADE TRADICIONAL,CANCELADO,0.0,9,2025-09,35960492.94491576,13192608.47048474,Risco de Churn
T12061,42038.586290769694,0.0,52,Faixa 03 - De 15 M ate 25 M,MANUFATURA,MODALIDADE CORPORATIVO,ATIVO,10.0,8,2025-09,44140.51560530818,0.0,Manter Ativo
T12062,369885.84919549763,0.0,156,Faixa 08 - De 150 M ate 300 M,MANUFATURA,MODALIDADE CORPORATIVO,ATIVO,7.0,8,2025-09,388380.1416552725,0.0,Manter Ativo
T12183,1146778.6591095675,1984941.639196724,500,Faixa 08 - De 150 M ate 300 M,LOGISTICA,MODALIDADE TRADICIONAL,ATIVO,8.0,8,2025-09,1204117.5920650458,2024640.4719806584,Manter Ativo
T12230,49356.37113068603,0.0,108,"Faixa 01 - De 4,5 M ate 7,5 M",MANUFATURA,MODALIDADE TRADICIONAL,ATIVO,10.0,9,2025-09,51824.18968722033,0.0,Manter Ativo
T12280,310202.7612945202,0.0,170,Faixa 04 - De 25 M ate 35 M,VAREJO,MODALIDADE TRADICIONAL,ATIVO,8.0,8,2025-09,325712.89935924625,0.0,Manter Ativo
T12357,143370.39895407355,0.0,133,Faixa 06 - De 50 M ate 75 M,MANUFATURA,MODALIDADE CORPORATIVO,ATIVO,10.0,9,2025-09,150538.91890177724,0.0,Manter Ativo
T12368,191131.83080322837,47782.900948732655,72,Faixa 07 - De 75 M ate 150 M,SERVICOS,MODALIDADE CORPORATIVO,ATIVO,0.0,8,2025-09,200688.4223433898,48738.55896770731,Manter Ativo
T12377,4005955.3131065033,11476.530614420944,3822,Faixa 11 - Acima de 850 M,VAREJO,MODALIDADE ASSINATURA COMPLEMENTAR,ATIVO,7.0,8,2025-09,4206253.078761829,11706.061226709364,Manter Ativo
T12450,146972.8903216551,0.0,54,Faixa 06 - De 50 M ate 75 M,SERVICOS,MODALIDADE TRADICIONAL,ATIVO,10.0,9,2025-09,154321.53483773788,0.0,Manter Ativo
T12552,25944.627024430396,23806.032296507517,12,"Faixa 02 - De 7,5 M ate 15 M",MANUFATURA,MODALIDADE TRADICIONAL,ATIVO,9.0,8,2025-09,27241.85837565192,24282.152942437668,Manter Ativo
T12562,26490.67026180686,0.0,110,Faixa 07 - De 75 M ate 150 M,EDUCACIONAL,MODALIDADE TRADICIONAL,CANCELADO,7.0,8,2025-09,27815.203774897203,0.0,Risco de Churn
T12595,62672.177624576725,37436.90528855163,92,Faixa 04 - De 25 M ate 35 M,MANUFATURA,MODALIDADE TRADICIONAL,ATIVO,0.0,9,2025-09,65805.78650580556,38185.64339432266,Manter Ativo
T12653,4025962.840777933,3392.407799477047,845,Faixa 08 - De 150 M ate 300 M,MANUFATURA,MODALIDADE TRADICIONAL,ATIVO,9.0,9,2025-09,4227260.98281683,3460.2559554665877,Manter Ativo
T12690,1268614.7356386106,0.0,108,Faixa 08 - De 150 M ate 300 M,MANUFATURA,MODALIDADE CORPORATIVO,ATIVO,0.0,9,2025-09,1332045.472420541,0.0,Manter Ativo
T12757,59607.62866122367,40289.15525096728,56,"Faixa 02 - De 7,5 M ate 15 M",SERVICOS,MODALIDADE TRADICIONAL,ATIVO,0.0,9,2025-09,62588.01009428486,41094.938355986626,Manter Ativo
T12817,4508.254476073467,0.0,26,"Faixa 00 - Ate 4,5 M",MANUFATURA,MODALIDADE CORPORATIVO,ATIVO,8.0,8,2025-09,4733.667199877141,0.0,Manter Ativo
T12825,7552521.391461171,0.0,406,Faixa 06 - De 50 M ate 75 M,MANUFATURA,MODALIDADE TRADICIONAL,ATIVO,8.0,8,2025-09,7930147.46103423,0.0,Manter Ativo
T12870,437309.9620923368,323797.2162701857,140,Faixa 03 - De 15 M ate 25 M,MANUFATURA,MODALIDADE TRADICIONAL,ATIVO,8.0,8,2025-09,459175.4601969537,330273.16059558943,Manter Ativo
T12953,685850.5855527825,0.0,104,Faixa 06 - De 50 M ate 75 M,SAUDE,MODALIDADE TRADICIONAL,CANCELADO,8.0,8,2025-09,720143.1148304216,0.0,Risco de Churn
T12969,261673.47387782804,127456.64644152495,45,Faixa 08 - De 150 M ate 300 M,MANUFATURA,MODALIDADE CORPORATIVO,ATIVO,10.0,9,2025-09,274757.1475717195,130005.77937035545,Manter Ativo
T13017,3349634.9464391125,672193.2955210389,2158,Faixa 11 - Acima de 850 M,AGROINDUSTRIA,MODALIDADE TRADICIONAL,CANCELADO,8.0,8,2025-09,3517116.6937610684,685637.1614314597,Risco de Churn
T13023,100665.65681321111,0.0,132,"Faixa 01 - De 4,5 M ate 7,5 M",MANUFATURA,MODALIDADE TRADICIONAL,ATIVO,10.0,9,2025-09,105698.93965387167,0.0,Manter Ativo
T13047,3116070.6152981697,1310405.075744091,328,Faixa 04 - De 25 M ate 35 M,MANUFATURA,MODALIDADE TRADICIONAL,ATIVO,7.0,8,2025-09,3271874.146063078,1336613.177258973,Manter Ativo
T13065,4600.281117714608,0.0,31,Faixa 04 - De 25 M ate 35 M,SERVICOS,MODALIDADE CORPORATIVO,ATIVO,8.0,8,2025-09,4830.295173600338,0.0,Manter Ativo
T13275,48269.026607044114,0.0,96,"Faixa 01 - De 4,5 M ate 7,5 M",MANUFATURA,MODALIDADE CORPORATIVO,ATIVO,10.0,9,2025-09,50682.477937396325,0.0,Manter Ativo
T13347,2755066.869327044,2959.5155870155136,384,Faixa 10 - De 500 M ate 850 M,MANUFATURA,MODALIDADE ASSINATURA COMPLEMENTAR,ATIVO,10.0,9,2025-09,2892820.2127933963,3018.705898755824,Manter Ativo
T13454,33896.12234327388,0.0,40,Faixa 03 - De 15 M ate 25 M,VAREJO,MODALIDADE CORPORATIVO,CANCELADO,10.0,9,2025-09,35590.92846043757,0.0,Risco de Churn
T13468,603134.1091163774,34595.67363629718,264,Faixa 07 - De 75 M ate 150 M,MANUFATURA,MODALIDADE TRADICIONAL,TROCADO,8.0,8,2025-09,633290.8145721963,35287.58710902312,Risco de Churn
T13481,153508.47603269463,0.0,38,"Faixa 01 - De 4,5 M ate 7,5 M",MANUFATURA,MODALIDADE TRADICIONAL,CANCELADO,7.0,8,2025-09,161183.89983432938,0.0,Risco de Churn
T13485,36815.398607563555,0.0,13,Faixa 07 - De 75 M ate 150 M,VAREJO,MODALIDADE TRADICIONAL,ATIVO,9.0,9,2025-09,38656.16853794173,0.0,Manter Ativo
T13629,17086044.634255584,33486595.632487446,1870,Faixa 04 - De 25 M ate 35 M,LOGISTICA,MODALIDADE ASSINATURA COMPLEMENTAR,ATIVO,0.0,9,2025-09,17940346.865968365,34156327.5451372,Manter Ativo
T13630,44234.98826135885,0.0,48,Faixa 04 - De 25 M ate 35 M,VAREJO,MODALIDADE CORPORATIVO,ATIVO,8.0,8,2025-09,46446.7376744268,0.0,Manter Ativo
T13640,4179.4371604695125,0.0,22,"Faixa 00 - Ate 4,5 M",DISTRIBUICAO,MODALIDADE CORPORATIVO,ATIVO,10.0,9,2025-09,4388.409018492988,0.0,Manter Ativo
T13659,267707.6991514556,0.0,44,Faixa 08 - De 150 M ate 300 M,LOGISTICA,MODALIDADE CORPORATIVO,ATIVO,9.0,9,2025-09,281093.0841090284,0.0,Manter Ativo
T13661,28287.789859591016,0.0,52,Faixa 03 - De 15 M ate 25 M,MANUFATURA,MODALIDADE CORPORATIVO,ATIVO,8.0,8,2025-09,29702.17935257057,0.0,Manter Ativo
T13777,32226.770582472862,0.0,40,Faixa 03 - De 15 M ate 25 M,VAREJO,MODALIDADE TRADICIONAL,GRATUITO,9.0,8,2025-09,33838.1091115965,0.0,Risco de Churn
T13825,50219.4819023232,0.0,48,Faixa 04 - De 25 M ate 35 M,MANUFATURA,MODALIDADE CORPORATIVO,ATIVO,10.0,8,2025-09,52730.45599743936,0.0,Manter Ativo
T13830,19080.451006084728,0.0,24,Faixa 04 - De 25 M ate 35 M,VAREJO,MODALIDADE CORPORATIVO,ATIVO,10.0,9,2025-09,20034.473556388966,0.0,Manter Ativo
T13833,65902.88405039662,0.0,39,Faixa 05 - De 35 M ate 50 M,MANUFATURA,MODALIDADE CORPORATIVO,CANCELADO,8.0,8,2025-09,69198.02825291645,0.0,Risco de Churn
T13875,2212110.4571541282,0.0,132,Faixa 08 - De 150 M ate 300 M,SERVICOS,MODALIDADE TRADICIONAL,ATIVO,8.0,8,2025-09,2322715.9800118348,0.0,Manter Ativo
T13918,256982.1330056678,0.0,51,Faixa 03 - De 15 M ate 25 M,MANUFATURA,MODALIDADE TRADICIONAL,ATIVO,0.0,9,2025-09,269831.2396559512,0.0,Manter Ativo
T13935,601211.2353292896,0.0,188,Faixa 06 - De 50 M ate 75 M,VAREJO,MODALIDADE SERVICOS RECORRENTES,ATIVO,7.0,8,2025-09,631271.7970957541,0.0,Manter Ativo
T13937,1144961.8150130128,1274367.0754602905,650,Faixa 07 - De 75 M ate 150 M,EDUCACIONAL,MODALIDADE ASSINATURA COMPLEMENTAR,ATIVO,7.0,8,2025-09,1202209.9057636636,1299854.4169694963,Manter Ativo
T14012,24545.726223537164,0.0,54,Faixa 09 - De 300 M ate 500 M,LOGISTICA,MODALIDADE ASSINATURA (INTERA),ATIVO,9.0,9,2025-09,25773.012534714024,0.0,Manter Ativo
T14063,7865772.319286887,79308.0813673588,880,Faixa 07 - De 75 M ate 150 M,MANUFATURA,MODALIDADE TRADICIONAL,ATIVO,0.0,8,2025-09,8259060.935251231,80894.24299470597,Manter Ativo
T14081,20773948.416207366,1099423.736064033,1633,Faixa 05 - De 35 M ate 50 M,VAREJO,MODALIDADE TRADICIONAL,CANCELADO,9.0,9,2025-09,21812645.837017734,1121412.2107853135,Risco de Churn
T14119,3974150.4122224706,5089.694192487813,230,Faixa 07 - De 75 M ate 150 M,SERVICOS,MODALIDADE SERVICOS RECORRENTES,PENDENTE,7.0,8,2025-09,4172857.9328335943,5191.4880763375695,Risco de Churn
T14167,1665084.4251867614,51467.82575544165,265,Faixa 05 - De 35 M ate 50 M,MANUFATURA,MODALIDADE TRADICIONAL,ATIVO,10.0,9,2025-09,1748338.6464460995,52497.18227055048,Manter Ativo
T14189,19724083.029805116,12192702.96316293,6480,Sem Informações de Faturamento,LOGISTICA,MODALIDADE SERVICOS RECORRENTES,ATIVO,0.0,9,2025-09,20710287.181295373,12436557.02242619,Manter Ativo
T14190,1548686.2483559884,1792852.5144013863,216,Faixa 04 - De 25 M ate 35 M,VAREJO,MODALIDADE TRADICIONAL,ATIVO,9.0,9,2025-09,1626120.5607737878,1828709.564689414,Manter Ativo
T14228,646042.0741301199,0.0,192,Faixa 08 - De 150 M ate 300 M,MANUFATURA,MODALIDADE CORPORATIVO,CANCELADO,7.0,8,2025-09,678344.1778366258,0.0,Risco de Churn
T14333,1964182.4029739064,1088.5468268491434,66,Faixa 07 - De 75 M ate 150 M,MANUFATURA,MODALIDADE TRADICIONAL,ATIVO,10.0,9,2025-09,2062391.5231226017,1110.3177633861262,Manter Ativo
T14354,25980.13280375991,0.0,20,Faixa 04 - De 25 M ate 35 M,MANUFATURA,MODALIDADE CORPORATIVO,CANCELADO,8.0,8,2025-09,27279.139443947905,0.0,Risco de Churn
T14398,1863982.2350831863,61723.10217362292,324,Faixa 10 - De 500 M ate 850 M,MANUFATURA,MODALIDADE TRADICIONAL,ATIVO,10.0,9,2025-09,1957181.3468373457,62957.56421709538,Manter Ativo
T14439,373192.23346165515,0.0,264,Faixa 04 - De 25 M ate 35 M,SERVICOS,MODALIDADE ASSINATURA COMPLEMENTAR,ATIVO,9.0,9,2025-09,391851.8451347379,0.0,Manter Ativo
T14449,615751.6086590255,12781.576095717955,1014,Faixa 06 - De 50 M ate 75 M,CONSTRUCAO E PROJETOS,MODALIDADE TRADICIONAL,ATIVO,10.0,9,2025-09,646539.1890919768,13037.207617632315,Manter Ativo
T14466,235992.05036320325,0.0,198,Faixa 04 - De 25 M ate 35 M,MANUFATURA,MODALIDADE CORPORATIVO,ATIVO,10.0,9,2025-09,247791.65288136344,0.0,Manter Ativo
T14472,685127.9929175258,159021.7340781449,288,Faixa 11 - Acima de 850 M,LOGISTICA,MODALIDADE TRADICIONAL,CANCELADO,0.0,9,2025-09,719384.3925634022,162202.1687597078,Risco de Churn
T14475,725874.435365261,110088.06080580287,728,Faixa 07 - De 75 M ate 150 M,LOGISTICA,MODALIDADE ASSINATURA COMPLEMENTAR,ATIVO,9.0,9,2025-09,762168.1571335241,112289.82202191894,Manter Ativo
T14511,827656.111213221,0.0,144,Faixa 08 - De 150 M ate 300 M,MANUFATURA,MODALIDADE TRADICIONAL,TROCADO,8.0,8,2025-09,869038.9167738821,0.0,Risco de Churn
T14588,318686.5069947159,329280.8329173348,148,"Faixa 02 - De 7,5 M ate 15 M",AGROINDUSTRIA,MODALIDADE TRADICIONAL,ATIVO,9.0,9,2025-09,334620.8323444517,335866.44957568153,Manter Ativo
T14622,126422.6026254508,53869.75010889092,170,Faixa 09 - De 300 M ate 500 M,SERVICOS,MODALIDADE TRADICIONAL,ATIVO,0.0,9,2025-09,132743.73275672336,54947.14511106874,Manter Ativo
T14744,317773.87898714223,0.0,174,"Faixa 00 - Ate 4,5 M",MANUFATURA,MODALIDADE CORPORATIVO,ATIVO,10.0,9,2025-09,333662.5729364994,0.0,Manter Ativo
T14772,414210.84204310423,7473.819413841411,384,Faixa 06 - De 50 M ate 75 M,LOGISTICA,MODALIDADE TRADICIONAL,ATIVO,10.0,9,2025-09,434921.38414525945,7623.295802118239,Manter Ativo
T15011,81514.01768645809,0.0,43,Faixa 03 - De 15 M ate 25 M,EDUCACIONAL,MODALIDADE TRADICIONAL,GRATUITO,10.0,9,2025-09,85589.718570781,0.0,Risco de Churn
T15034,80301.94051085287,0.0,52,Faixa 06 - De 50 M ate 75 M,DISTRIBUICAO,MODALIDADE TRADICIONAL,ATIVO,8.0,9,2025-09,84317.03753639552,0.0,Manter Ativo
T15035,893534.886141613,1840619.6508849894,558,Faixa 03 - De 15 M ate 25 M,MANUFATURA,MODALIDADE TRADICIONAL,ATIVO,10.0,9,2025-09,938211.6304486936,1877432.0439026891,Manter Ativo
T15045,1376656.0686115539,142022.06635345923,351,Faixa 08 - De 150 M ate 300 M,MANUFATURA,MODALIDADE CORPORATIVO,ATIVO,10.0,9,2025-09,1445488.8720421316,144862.50768052842,Manter Ativo
T15062,125114.99279115975,0.0,75,Faixa 08 - De 150 M ate 300 M,LOGISTICA,MODALIDADE TRADICIONAL,ATIVO,8.0,8,2025-09,131370.74243071774,0.0,Manter Ativo
T15086,3366249.851914338,370858.9160604504,336,Faixa 08 - De 150 M ate 300 M,SAUDE,MODALIDADE ASSINATURA (INTERA),ATIVO,0.0,8,2025-09,3534562.3445100547,378276.09438165947,Manter Ativo
T15122,30550.877619607454,0.0,96,"Faixa 02 - De 7,5 M ate 15 M",MANUFATURA,MODALIDADE CORPORATIVO,ATIVO,10.0,9,2025-09,32078.42150058783,0.0,Manter Ativo
T15138,149624.4607448985,0.0,44,Faixa 08 - De 150 M ate 300 M,MANUFATURA,MODALIDADE CORPORATIVO,ATIVO,0.0,8,2025-09,157105.68378214343,0.0,Manter Ativo
T15140,28239.32779185362,0.0,40,Faixa 03 - De 15 M ate 25 M,MANUFATURA,MODALIDADE CORPORATIVO,ATIVO,10.0,8,2025-09,29651.2941814463,0.0,Manter Ativo
T15159,4359660.309303863,1160520.9006910021,1764,Faixa 03 - De 15 M ate 25 M,VAREJO,MODALIDADE TRADICIONAL,ATIVO,7.0,8,2025-09,4577643.324769056,1183731.318704822,Manter Ativo
T15172,446489.2528094844,0.0,90,Faixa 07 - De 75 M ate 150 M,SERVICOS,MODALIDADE TRADICIONAL,ATIVO,8.0,8,2025-09,468813.71544995863,0.0,Manter Ativo
T15173,138756.11058360914,17699.08029041577,75,"Faixa 02 - De 7,5 M ate 15 M",MANUFATURA,MODALIDADE TRADICIONAL,ATIVO,9.0,9,2025-09,145693.91611278962,18053.061896224088,Manter Ativo
T15176,4540.165957353341,0.0,54,Faixa 03 - De 15 M ate 25 M,HOSPITALITY,MODALIDADE ASSINATURA COMPLEMENTAR,CANCELADO,8.0,8,2025-09,4767.174255221008,0.0,Risco de Churn
T15225,111373.54994262435,0.0,56,Faixa 07 - De 75 M ate 150 M,DISTRIBUICAO,MODALIDADE CORPORATIVO,ATIVO,10.0,9,2025-09,116942.22743975557,0.0,Manter Ativo
T15283,797532.1857556135,223939.42313508276,252,Faixa 07 - De 75 M ate 150 M,MANUFATURA,MODALIDADE TRADICIONAL,ATIVO,7.0,8,2025-09,837408.7950433942,228418.21159778442,Manter Ativo
T15314,76301.54983954043,0.0,52,Faixa 03 - De 15 M ate 25 M,SERVICOS,MODALIDADE TRADICIONAL,CANCELADO,8.0,8,2025-09,80116.62733151745,0.0,Risco de Churn
T15331,502816.56952794595,0.0,360,Faixa 05 - De 35 M ate 50 M,LOGISTICA,MODALIDADE TRADICIONAL,ATIVO,10.0,9,2025-09,527957.3980043433,0.0,Manter Ativo
T15456,126201.3115736037,2005.32404164508,160,Faixa 04 - De 25 M ate 35 M,MANUFATURA,MODALIDADE TRADICIONAL,ATIVO,10.0,8,2025-09,132511.37715228388,2045.4305224779814,Manter Ativo
T15467,46539.56809359644,0.0,46,Faixa 07 - De 75 M ate 150 M,SERVICOS,MODALIDADE ASSINATURA COMPLEMENTAR,ATIVO,8.0,8,2025-09,48866.546498276264,0.0,Manter Ativo
T15526,84889.48814459989,0.0,27,Faixa 06 - De 50 M ate 75 M,MANUFATURA,MODALIDADE CORPORATIVO,ATIVO,10.0,9,2025-09,89133.96255182989,0.0,Manter Ativo
T15561,178613.30687845065,34.05124468015011,243,Sem Informações de Faturamento,JURIDICO,MODALIDADE TRADICIONAL,ATIVO,0.0,9,2025-09,187543.97222237318,34.732269573753115,Manter Ativo
T15628,168476.41949146462,0.0,46,"Faixa 00 - Ate 4,5 M",MANUFATURA,MODALIDADE TRADICIONAL,ATIVO,8.0,9,2025-09,176900.24046603785,0.0,Manter Ativo
T15633,1146276.319173388,15715.931596386457,294,Faixa 06 - De 50 M ate 75 M,SERVICOS,MODALIDADE TRADICIONAL,ATIVO,8.0,8,2025-09,1203590.1351320574,16030.250228314188,Manter Ativo
T15644,197195.75212530204,0.0,64,Faixa 07 - De 75 M ate 150 M,MANUFATURA,MODALIDADE CORPORATIVO,ATIVO,9.0,9,2025-09,207055.53973156714,0.0,Manter Ativo
T15648,19841.66027512344,0.0,18,"Faixa 02 - De 7,5 M ate 15 M",MANUFATURA,MODALIDADE CORPORATIVO,ATIVO,0.0,8,2025-09,20833.74328887961,0.0,Manter Ativo
T15650,705734.683768036,0.0,140,Faixa 08 - De 150 M ate 300 M,EDUCACIONAL,MODALIDADE ASSINATURA COMPLEMENTAR,CANCELADO,6.0,5,2025-09,741021.4179564378,0.0,Risco de Churn
T15688,85118.0224426921,0.0,94,Faixa 04 - De 25 M ate 35 M,CONSTRUCAO E PROJETOS,MODALIDADE SERVICOS RECORRENTES,CANCELADO,7.0,8,2025-09,89373.92356482672,0.0,Risco de Churn
T15854,1203839.7339084556,0.0,144,Faixa 06 - De 50 M ate 75 M,MANUFATURA,MODALIDADE TRADICIONAL,CANCELADO,9.0,9,2025-09,1264031.7206038784,0.0,Risco de Churn
T15865,1629340.8336460064,0.0,399,"Faixa 01 - De 4,5 M ate 7,5 M",DISTRIBUICAO,MODALIDADE SERVICOS RECORRENTES,ATIVO,9.0,9,2025-09,1710807.8753283068,0.0,Manter Ativo
T15868,1975206.7666898323,0.0,288,Faixa 09 - De 300 M ate 500 M,MANUFATURA,MODALIDADE CORPORATIVO,ATIVO,9.0,8,2025-09,2073967.105024324,0.0,Manter Ativo
T15878,1011606.6354059816,120004.3045349763,324,Faixa 03 - De 15 M ate 25 M,CONSTRUCAO E PROJETOS,MODALIDADE TRADICIONAL,ATIVO,7.0,8,2025-09,1062186.9671762807,122404.39062567582,Manter Ativo
T15900,532231.5228481679,216384.15818859474,252,"Faixa 02 - De 7,5 M ate 15 M",VAREJO,MODALIDADE TRADICIONAL,ATIVO,0.0,9,2025-09,558843.0989905763,220711.84135236664,Manter Ativo
T15927,122178.0981606406,0.0,171,Faixa 06 - De 50 M ate 75 M,CONSTRUCAO E PROJETOS,MODALIDADE TRADICIONAL,ATIVO,10.0,9,2025-09,128287.00306867264,0.0,Manter Ativo
T15954,64883.59577368398,0.0,68,Faixa 07 - De 75 M ate 150 M,SERVICOS,MODALIDADE TRADICIONAL,CANCELADO,6.0,5,2025-09,68127.77556236817,0.0,Risco de Churn
T15971,196558.78786077225,105839.33987205263,92,Faixa 08 - De 150 M ate 300 M,MANUFATURA,MODALIDADE TRADICIONAL,ATIVO,10.0,9,2025-09,206386.72725381088,107956.12666949368,Manter Ativo
T16015,8312.993421625548,0.0,12,"Faixa 00 - Ate 4,5 M",SERVICOS,MODALIDADE SERVICOS NÃO RECORRENTES,ATIVO,9.0,9,2025-09,8728.643092706825,0.0,Manter Ativo
T16072,148482.79818020546,0.0,64,Faixa 04 - De 25 M ate 35 M,DISTRIBUICAO,MODALIDADE TRADICIONAL,ATIVO,8.0,9,2025-09,155906.93808921575,0.0,Manter Ativo
T16194,66424.51969189486,0.0,78,Faixa 03 - De 15 M ate 25 M,VAREJO,MODALIDADE CORPORATIVO,ATIVO,10.0,9,2025-09,69745.7456764896,0.0,Manter Ativo
T16208,13674.097053501004,0.0,100,"Faixa 02 - De 7,5 M ate 15 M",DISTRIBUICAO,MODALIDADE TRADICIONAL,ATIVO,5.0,5,2025-09,14357.801906176055,0.0,Manter Ativo
T16221,3928514.206834811,0.0,1035,Faixa 06 - De 50 M ate 75 M,SERVICOS,MODALIDADE TRADICIONAL,ATIVO,10.0,9,2025-09,4124939.9171765517,0.0,Manter Ativo
T16235,4216946.708413381,503471.40439014725,220,Faixa 05 - De 35 M ate 50 M,CONSTRUCAO E PROJETOS,MODALIDADE TRADICIONAL,ATIVO,6.0,5,2025-09,4427794.04383405,513540.8324779502,Manter Ativo
T16236,12033.726685394498,0.0,64,"Faixa 00 - Ate 4,5 M",LOGISTICA,MODALIDADE CORPORATIVO,ATIVO,7.0,8,2025-09,12635.413019664224,0.0,Manter Ativo
T16237,597582.6968614575,8.02095985799064,144,Faixa 03 - De 15 M ate 25 M,LOGISTICA,MODALIDADE TRADICIONAL,CANCELADO,10.0,8,2025-09,627461.8317045304,8.181379055150453,Risco de Churn
T16250,713302.9092067885,269655.3378622974,136,Faixa 04 - De 25 M ate 35 M,MANUFATURA,MODALIDADE TRADICIONAL,ATIVO,5.0,5,2025-09,748968.054667128,275048.4446195434,Manter Ativo
T16279,166133.90405033863,79974.64499161602,84,Faixa 04 - De 25 M ate 35 M,MANUFATURA,MODALIDADE TRADICIONAL,ATIVO,10.0,9,2025-09,174440.59925285558,81574.13789144834,Manter Ativo
T16284,227266.43993320127,86878.9678478254,301,"Faixa 02 - De 7,5 M ate 15 M",MANUFATURA,MODALIDADE TRADICIONAL,ATIVO,9.0,9,2025-09,238629.76192986133,88616.54720478192,Manter Ativo
T16313,138345.31384547337,0.0,156,Faixa 03 - De 15 M ate 25 M,CONSTRUCAO E PROJETOS,MODALIDADE TRADICIONAL,CANCELADO,7.0,8,2025-09,145262.57953774705,0.0,Risco de Churn
T16326,43143.39784177539,0.0,28,Faixa 06 - De 50 M ate 75 M,SERVICOS,MODALIDADE CORPORATIVO,GRATUITO,10.0,9,2025-09,45300.56773386416,0.0,Risco de Churn
T16333,8330255.048518265,3153470.804096468,1235,Faixa 06 - De 50 M ate 75 M,MANUFATURA,MODALIDADE TRADICIONAL,ATIVO,9.0,9,2025-09,8746767.800944177,3216540.2201783974,Manter Ativo
T16411,7022137.236917919,2530582.3824533555,1230,Faixa 06 - De 50 M ate 75 M,MANUFATURA,MODALIDADE TRADICIONAL,ATIVO,8.0,8,2025-09,7373244.098763815,2581194.0301024225,Manter Ativo
T16447,15533.828902922913,0.0,68,"Faixa 00 - Ate 4,5 M",LOGISTICA,MODALIDADE CORPORATIVO,ATIVO,7.0,8,2025-09,16310.52034806906,0.0,Manter Ativo
T16472,1225046.0755854999,251453.7284621208,70,"Faixa 02 - De 7,5 M ate 15 M",SERVICOS,MODALIDADE TRADICIONAL,CANCELADO,9.0,9,2025-09,1286298.379364775,256482.80303136323,Risco de Churn
T16523,48276.53049244581,0.0,60,Faixa 03 - De 15 M ate 25 M,CONSTRUCAO E PROJETOS,MODALIDADE CORPORATIVO,ATIVO,5.0,5,2025-09,50690.357017068105,0.0,Manter Ativo
T16528,83458.01585682,0.0,22,"Faixa 01 - De 4,5 M ate 7,5 M",MANUFATURA,MODALIDADE TRADICIONAL,ATIVO,0.0,8,2025-09,87630.916649661,0.0,Manter Ativo
T16544,10479.459723897744,0.0,66,Faixa 03 - De 15 M ate 25 M,LOGISTICA,MODALIDADE TRADICIONAL,ATIVO,0.0,8,2025-09,11003.432710092631,0.0,Manter Ativo
T16545,314920.43933309126,238755.82594345356,128,"Faixa 02 - De 7,5 M ate 15 M",MANUFATURA,MODALIDADE TRADICIONAL,ATIVO,0.0,9,2025-09,330666.46129974583,243530.94246232262,Manter Ativo
T16567,67175.06797864857,4.4476810952589005,46,"Faixa 00 - Ate 4,5 M",SERVICOS,MODALIDADE TRADICIONAL,ATIVO,2.0,5,2025-09,70533.821377581,4.536634717164079,Manter Ativo
T16582,22770.142987048974,0.0,33,Faixa 06 - De 50 M ate 75 M,MANUFATURA,MODALIDADE TRADICIONAL,ATIVO,8.0,8,2025-09,23908.650136401422,0.0,Manter Ativo
T16588,312540.0303216508,0.0,108,Faixa 06 - De 50 M ate 75 M,LOGISTICA,MODALIDADE TRADICIONAL,CANCELADO,5.0,5,2025-09,328167.03183773335,0.0,Risco de Churn
T16590,26885.862281392856,0.0,28,"Faixa 02 - De 7,5 M ate 15 M",SAUDE,MODALIDADE CORPORATIVO,ATIVO,9.0,9,2025-09,28230.1553954625,0.0,Manter Ativo
T16597,6308529.573275089,4897846.739044843,324,Faixa 11 - Acima de 850 M,AGROINDUSTRIA,MODALIDADE TRADICIONAL,ATIVO,8.0,8,2025-09,6623956.051938844,4995803.67382574,Manter Ativo
T16602,2681532.365668792,0.0,260,Faixa 11 - Acima de 850 M,MANUFATURA,MODALIDADE TRADICIONAL,ATIVO,5.0,5,2025-09,2815608.9839522317,0.0,Manter Ativo
T16603,538932.8750629394,0.0,165,Faixa 03 - De 15 M ate 25 M,EDUCACIONAL,MODALIDADE TRADICIONAL,CANCELADO,8.0,9,2025-09,565879.5188160863,0.0,Risco de Churn
T16606,41154.63699815983,0.0,54,"Faixa 02 - De 7,5 M ate 15 M",SERVICOS,MODALIDADE CORPORATIVO,ATIVO,10.0,9,2025-09,43212.368848067825,0.0,Manter Ativo
T16639,478952.4651457586,0.0,88,Faixa 09 - De 300 M ate 500 M,AGROINDUSTRIA,MODALIDADE TRADICIONAL,TROCADO,8.0,8,2025-09,502900.08840304654,0.0,Risco de Churn
T16646,2828904.7653715513,8244.268761374813,544,Faixa 11 - Acima de 850 M,EDUCACIONAL,MODALIDADE TRADICIONAL,PENDENTE,8.0,8,2025-09,2970350.0036401288,8409.15413660231,Risco de Churn
T16649,275212.206724082,0.0,133,Faixa 08 - De 150 M ate 300 M,MANUFATURA,MODALIDADE CORPORATIVO,ATIVO,10.0,9,2025-09,288972.8170602861,0.0,Manter Ativo
T16677,603770.3292981527,439.3871720949724,260,Faixa 04 - De 25 M ate 35 M,SERVICOS,MODALIDADE TRADICIONAL,PENDENTE,7.0,8,2025-09,633958.8457630604,448.1749155368719,Risco de Churn
T16696,104465.8724082355,0.0,106,"Faixa 01 - De 4,5 M ate 7,5 M",VAREJO,MODALIDADE TRADICIONAL,TROCADO,10.0,9,2025-09,109689.16602864729,0.0,Risco de Churn
T16698,963464.8133190343,0.0,268,Faixa 05 - De 35 M ate 50 M,SERVICOS,MODALIDADE TRADICIONAL,CANCELADO,0.0,8,2025-09,1011638.053984986,0.0,Risco de Churn
T16716,244968.02151875128,0.0,156,"Faixa 02 - De 7,5 M ate 15 M",MANUFATURA,MODALIDADE TRADICIONAL,ATIVO,9.0,9,2025-09,257216.42259468886,0.0,Manter Ativo
T16736,20128.06907759983,0.0,80,"Faixa 01 - De 4,5 M ate 7,5 M",MANUFATURA,MODALIDADE SERVICOS NÃO RECORRENTES,ATIVO,10.0,9,2025-09,21134.472531479823,0.0,Manter Ativo
T16751,8694.501885478972,0.0,68,Faixa 07 - De 75 M ate 150 M,EDUCACIONAL,MODALIDADE TRADICIONAL,CANCELADO,8.0,8,2025-09,9129.22697975292,0.0,Risco de Churn
T16755,18065.824807193065,0.0,24,Faixa 04 - De 25 M ate 35 M,MANUFATURA,MODALIDADE CORPORATIVO,CANCELADO,8.0,8,2025-09,18969.116047552718,0.0,Risco de Churn
T16758,65533.05810616872,0.0,48,"Faixa 02 - De 7,5 M ate 15 M",SERVICOS,MODALIDADE TRADICIONAL,CANCELADO,0.0,9,2025-09,68809.71101147716,0.0,Risco de Churn
T16800,6239.600521479122,0.0,64,"Faixa 02 - De 7,5 M ate 15 M",MANUFATURA,MODALIDADE TRADICIONAL,GRATUITO,9.0,9,2025-09,6551.580547553079,0.0,Risco de Churn
T16834,21353.17400718842,0.0,32,"Faixa 02 - De 7,5 M ate 15 M",MANUFATURA,MODALIDADE CORPORATIVO,ATIVO,8.0,8,2025-09,22420.83270754784,0.0,Manter Ativo
T16867,52869.43384047974,0.0,175,Faixa 05 - De 35 M ate 50 M,MANUFATURA,MODALIDADE ASSINATURA (INTERA),ATIVO,9.0,8,2025-09,55512.905532503726,0.0,Manter Ativo
T16878,1121347.94524065,0.0,336,Faixa 08 - De 150 M ate 300 M,MANUFATURA,MODALIDADE ASSINATURA COMPLEMENTAR,CANCELADO,7.0,8,2025-09,1177415.3425026827,0.0,Risco de Churn
T16898,181002.1572354857,0.0,312,Faixa 11 - Acima de 850 M,CONSTRUCAO E PROJETOS,MODALIDADE TRADICIONAL,CANCELADO,0.0,9,2025-09,190052.26509726,0.0,Risco de Churn
T16951,169902.00637892942,0.0,160,Faixa 07 - De 75 M ate 150 M,MANUFATURA,MODALIDADE CORPORATIVO,ATIVO,10.0,9,2025-09,178397.1066978759,0.0,Manter Ativo
T16961,211189.88884022288,0.0,80,Faixa 08 - De 150 M ate 300 M,MANUFATURA,MODALIDADE CORPORATIVO,ATIVO,9.0,9,2025-09,221749.38328223402,0.0,Manter Ativo
T16976,104073.55162323175,0.0,260,Faixa 06 - De 50 M ate 75 M,MANUFATURA,MODALIDADE TRADICIONAL,TROCADO,3.0,5,2025-09,109277.22920439334,0.0,Risco de Churn
T17085,27969.726011134142,5327.569461651541,52,Faixa 03 - De 15 M ate 25 M,VAREJO,MODALIDADE CORPORATIVO,ATIVO,6.0,5,2025-09,29368.21231169085,5434.120850884572,Manter Ativo
T17146,2242881.860723542,343790.8628045888,1449,Faixa 06 - De 50 M ate 75 M,SERVICOS,MODALIDADE TRADICIONAL,ATIVO,7.0,8,2025-09,2355025.953759719,350666.6800606806,Manter Ativo
T17217,67522.94558355869,0.0,30,Faixa 05 - De 35 M ate 50 M,MANUFATURA,MODALIDADE CORPORATIVO,ATIVO,10.0,9,2025-09,70899.09286273662,0.0,Manter Ativo
T17230,807418.9772600684,275559.0165492207,336,Faixa 06 - De 50 M ate 75 M,MANUFATURA,MODALIDADE TRADICIONAL,ATIVO,8.0,8,2025-09,847789.9261230718,281070.1968802051,Manter Ativo
T17274,290613.12647246104,0.0,69,Faixa 06 - De 50 M ate 75 M,MANUFATURA,MODALIDADE ASSINATURA (INTERA),ATIVO,10.0,9,2025-09,305143.7827960841,0.0,Manter Ativo
T17275,133449.8756980998,620.8046368075508,77,Faixa 03 - De 15 M ate 25 M,SERVICOS,MODALIDADE CORPORATIVO,ATIVO,9.0,9,2025-09,140122.3694830048,633.2207295437017,Manter Ativo
T17299,5747.829082722475,0.0,35,Faixa 04 - De 25 M ate 35 M,MANUFATURA,MODALIDADE TRADICIONAL,ATIVO,10.0,9,2025-09,6035.220536858598,0.0,Manter Ativo
T17312,2383647.864941754,0.0,176,Faixa 09 - De 300 M ate 500 M,MANUFATURA,MODALIDADE TRADICIONAL,ATIVO,10.0,9,2025-09,2502830.258188842,0.0,Manter Ativo
T17319,441074.34821101505,0.0,60,Faixa 03 - De 15 M ate 25 M,MANUFATURA,MODALIDADE TRADICIONAL,CANCELADO,10.0,9,2025-09,463128.0656215658,0.0,Risco de Churn
T17348,124264.55664948662,0.0,99,"Faixa 02 - De 7,5 M ate 15 M",VAREJO,MODALIDADE TRADICIONAL,CANCELADO,9.0,9,2025-09,130477.78448196096,0.0,Risco de Churn
T17433,74009.4134251115,0.0,46,Faixa 04 - De 25 M ate 35 M,MANUFATURA,MODALIDADE ASSINATURA COMPLEMENTAR,CANCELADO,0.0,9,2025-09,77709.88409636708,0.0,Risco de Churn
T17436,1031491.8392357231,0.0,123,Faixa 08 - De 150 M ate 300 M,SAUDE,MODALIDADE TRADICIONAL,CANCELADO,10.0,9,2025-09,1083066.4311975094,0.0,Risco de Churn
T17812,911360.1283954979,16615.746246702838,124,Sem Informações de Faturamento,MANUFATURA,MODALIDADE TRADICIONAL,PENDENTE,0.0,8,2025-09,956928.1348152729,16948.061171636895,Risco de Churn
T17816,1660363.913748323,0.0,100,Faixa 08 - De 150 M ate 300 M,MANUFATURA,MODALIDADE TRADICIONAL,ATIVO,10.0,9,2025-09,1743382.1094357392,0.0,Manter Ativo
T17891,307428.00523882464,189.62759815212442,168,Faixa 07 - De 75 M ate 150 M,MANUFATURA,MODALIDADE TRADICIONAL,ATIVO,5.0,5,2025-09,322799.4055007659,193.4201501151669,Manter Ativo
T17941,59613448.14505511,1065558.4532184105,3480,"Faixa 00 - Ate 4,5 M",EDUCACIONAL,MODALIDADE ASSINATURA COMPLEMENTAR,ATIVO,6.0,5,2025-09,62594120.55230787,1086869.6222827786,Manter Ativo
T17987,269370.77034934825,1647.9120882245447,168,Faixa 07 - De 75 M ate 150 M,SERVICOS,MODALIDADE SERVICOS RECORRENTES,ATIVO,10.0,9,2025-09,282839.3088668157,1680.8703299890356,Manter Ativo
T17997,1063383.1924465247,58795.149147725635,504,Faixa 08 - De 150 M ate 300 M,MANUFATURA,MODALIDADE ASSINATURA COMPLEMENTAR,ATIVO,9.0,9,2025-09,1116552.352068851,59971.052130680146,Manter Ativo
T18038,237446.8330400881,0.0,62,Faixa 09 - De 300 M ate 500 M,SERVICOS,MODALIDADE TRADICIONAL,ATIVO,9.0,9,2025-09,249319.17469209252,0.0,Manter Ativo
T19263,29428.82604953604,0.0,18,Faixa 05 - De 35 M ate 50 M,SERVICOS,MODALIDADE TRADICIONAL,ATIVO,9.0,9,2025-09,30900.267352012845,0.0,Manter Ativo
T19482,3397.6247864706393,37021.48851116848,16,Faixa 04 - De 25 M ate 35 M,SERVICOS,MODALIDADE TRADICIONAL,GRATUITO,10.0,9,2025-09,3567.5060257941714,37761.918281391845,Risco de Churn
T19654,2449587.8900719997,1176009.155576201,1288,Faixa 05 - De 35 M ate 50 M,CONSTRUCAO E PROJETOS,MODALIDADE TRADICIONAL,ATIVO,10.0,9,2025-09,2572067.2845755997,1199529.338687725,Manter Ativo
T19751,190109.37702191764,0.0,252,Faixa 08 - De 150 M ate 300 M,MANUFATURA,MODALIDADE ASSINATURA (INTERA),ATIVO,10.0,9,2025-09,199614.84587301352,0.0,Manter Ativo
T19828,2665415.2935946407,2449604.7559477556,354,Faixa 07 - De 75 M ate 150 M,CONSTRUCAO E PROJETOS,MODALIDADE TRADICIONAL,ATIVO,8.0,8,2025-09,2798686.058274373,2498596.851066711,Manter Ativo
T20139,26044.788130078505,8.12185243482096,12,Sem Informações de Faturamento,SERVICOS,MODALIDADE TRADICIONAL,GRATUITO,10.0,9,2025-09,27347.02753658243,8.28428948351738,Risco de Churn
T20520,23562.62054719027,0.0,19,Faixa 05 - De 35 M ate 50 M,CONSTRUCAO E PROJETOS,MODALIDADE TRADICIONAL,ATIVO,0.0,9,2025-09,24740.751574549784,0.0,Manter Ativo
T20563,183737.66607879417,0.0,42,Faixa 05 - De 35 M ate 50 M,MANUFATURA,MODALIDADE TRADICIONAL,CANCELADO,10.0,9,2025-09,192924.54938273388,0.0,Risco de Churn
T20957,99515.4351949174,0.0,20,"Faixa 02 - De 7,5 M ate 15 M",EDUCACIONAL,MODALIDADE ASSINATURA COMPLEMENTAR,CANCELADO,9.0,9,2025-09,104491.20695466327,0.0,Risco de Churn
T20994,104449.72118822791,22885.702822235715,132,Faixa 07 - De 75 M ate 150 M,CONSTRUCAO E PROJETOS,MODALIDADE TRADICIONAL,ATIVO,9.0,9,2025-09,109672.20724763931,23343.41687868043,Manter Ativo
T21308,2858.6230101854367,0.0,32,"Faixa 02 - De 7,5 M ate 15 M",SERVICOS,MODALIDADE ASSINATURA COMPLEMENTAR,CANCELADO,10.0,9,2025-09,3001.5541606947086,0.0,Risco de Churn
T21528,13130.664411550017,0.0,60,"Faixa 02 - De 7,5 M ate 15 M",VAREJO,MODALIDADE TRADICIONAL,ATIVO,8.0,8,2025-09,13787.197632127518,0.0,Manter Ativo
T21576,405459.4073172912,184729.02392715446,27,Faixa 04 - De 25 M ate 35 M,JURIDICO,MODALIDADE TRADICIONAL,ATIVO,5.0,5,2025-09,425732.37768315576,188423.60440569755,Manter Ativo
T21668,129402.71711356928,123105.31355328119,34,"Faixa 00 - Ate 4,5 M",CONSTRUCAO E PROJETOS,MODALIDADE TRADICIONAL,ATIVO,10.0,9,2025-09,135872.85296924776,125567.41982434681,Manter Ativo
T21777,88508.68564136142,0.0,68,Faixa 03 - De 15 M ate 25 M,CONSTRUCAO E PROJETOS,MODALIDADE TRADICIONAL,CANCELADO,0.0,8,2025-09,92934.11992342949,0.0,Risco de Churn
T21852,18420.48743789502,11627.919925954498,6,"Faixa 00 - Ate 4,5 M",CONSTRUCAO E PROJETOS,MODALIDADE TRADICIONAL,GRATUITO,10.0,9,2025-09,19341.511809789772,11860.478324473588,Risco de Churn
T21883,152360.78093267896,711388.598677159,78,Faixa 11 - Acima de 850 M,CONSTRUCAO E PROJETOS,MODALIDADE TRADICIONAL,ATIVO,8.0,8,2025-09,159978.81997931292,725616.3706507023,Manter Ativo
T21961,87502.68996164609,0.0,186,"Faixa 02 - De 7,5 M ate 15 M",SERVICOS,MODALIDADE TRADICIONAL,ATIVO,10.0,9,2025-09,91877.82445972839,0.0,Manter Ativo
T22175,776951.0081154709,0.0,561,"Faixa 00 - Ate 4,5 M",LOGISTICA,MODALIDADE TRADICIONAL,ATIVO,10.0,9,2025-09,815798.5585212444,0.0,Manter Ativo
T22211,4601497.1927585555,1266630.1282060738,462,Faixa 07 - De 75 M ate 150 M,MANUFATURA,MODALIDADE TRADICIONAL,ATIVO,8.0,8,2025-09,4831572.052396484,1291962.7307701954,Manter Ativo
T22532,67754.4940473838,0.0,60,Faixa 07 - De 75 M ate 150 M,MANUFATURA,MODALIDADE TRADICIONAL,ATIVO,9.0,9,2025-09,71142.218749753,0.0,Manter Ativo
T22629,27561.043813254488,0.0,22,"Faixa 01 - De 4,5 M ate 7,5 M",EDUCACIONAL,MODALIDADE TRADICIONAL,TROCADO,8.0,8,2025-09,28939.096003917213,0.0,Risco de Churn
T22643,746605.6991211546,0.0,420,Faixa 05 - De 35 M ate 50 M,CONSTRUCAO E PROJETOS,MODALIDADE TRADICIONAL,ATIVO,0.0,9,2025-09,783935.9840772124,0.0,Manter Ativo
T22782,114365.68746281482,8570.31993883065,280,Faixa 06 - De 50 M ate 75 M,CONSTRUCAO E PROJETOS,MODALIDADE TRADICIONAL,ATIVO,7.0,8,2025-09,120083.97183595557,8741.726337607262,Manter Ativo
T22870,78138.3622585924,0.0,38,Faixa 07 - De 75 M ate 150 M,EDUCACIONAL,MODALIDADE TRADICIONAL,ATIVO,10.0,9,2025-09,82045.28037152202,0.0,Manter Ativo
T22884,21821.096963096912,0.0,9,Faixa 03 - De 15 M ate 25 M,CONSTRUCAO E PROJETOS,MODALIDADE TRADICIONAL,GRATUITO,4.0,9,2025-09,22912.15181125176,0.0,Risco de Churn
T23177,23861.825891494584,0.0,38,Faixa 05 - De 35 M ate 50 M,SERVICOS,MODALIDADE TRADICIONAL,CANCELADO,10.0,9,2025-09,25054.917186069313,0.0,Risco de Churn
T23248,494255.91846106306,0.0,272,Sem Informações de Faturamento,SERVICOS,MODALIDADE TRADICIONAL,CANCELADO,9.0,9,2025-09,518968.71438411623,0.0,Risco de Churn
T23280,717673.9707976592,0.0,228,Faixa 06 - De 50 M ate 75 M,MANUFATURA,MODALIDADE TRADICIONAL,ATIVO,6.0,5,2025-09,753557.6693375423,0.0,Manter Ativo
T23398,230430.78847046904,0.0,185,"Faixa 01 - De 4,5 M ate 7,5 M",MANUFATURA,MODALIDADE ASSINATURA COMPLEMENTAR,ATIVO,7.0,9,2025-09,241952.3278939925,0.0,Manter Ativo
T23569,91490.5993804336,0.0,64,Faixa 11 - Acima de 850 M,SERVICOS,MODALIDADE TRADICIONAL,CANCELADO,10.0,9,2025-09,96065.12934945528,0.0,Risco de Churn
T23615,61043.89334640296,0.0,88,"Faixa 00 - Ate 4,5 M",CONSTRUCAO E PROJETOS,MODALIDADE TRADICIONAL,CANCELADO,10.0,9,2025-09,64096.088013723114,0.0,Risco de Churn
T23793,2678991.4828100433,100895.89787739496,407,Sem Informações de Faturamento,DISTRIBUICAO,MODALIDADE TRADICIONAL,ATIVO,7.0,8,2025-09,2812941.0569505454,102913.81583494287,Manter Ativo
T23824,26585.19399472455,0.0,68,"Faixa 02 - De 7,5 M ate 15 M",SAUDE,MODALIDADE ASSINATURA COMPLEMENTAR,ATIVO,5.0,5,2025-09,27914.453694460775,0.0,Manter Ativo
T24024,108615.1468920901,0.0,22,Faixa 09 - De 300 M ate 500 M,SERVICOS,MODALIDADE TRADICIONAL,ATIVO,0.0,9,2025-09,114045.90423669461,0.0,Manter Ativo
T24051,149089.0616743775,27192.75648082319,270,Sem Informações de Faturamento,CONSTRUCAO E PROJETOS,MODALIDADE ASSINATURA COMPLEMENTAR,TROCADO,0.0,9,2025-09,156543.5147580964,27736.611610439657,Risco de Churn
T24293,25018.4710038466,0.0,19,Faixa 07 - De 75 M ate 150 M,MANUFATURA,MODALIDADE TRADICIONAL,ATIVO,0.0,9,2025-09,26269.394554038932,0.0,Manter Ativo
T24389,355060.51319022,44002.01468988622,217,Faixa 04 - De 25 M ate 35 M,EDUCACIONAL,MODALIDADE TRADICIONAL,PENDENTE,8.0,8,2025-09,372813.53884973103,44882.05498368395,Risco de Churn
T24410,193089.92450734478,94362.0651748777,133,Faixa 06 - De 50 M ate 75 M,VAREJO,MODALIDADE TRADICIONAL,ATIVO,10.0,9,2025-09,202744.42073271202,96249.30647837526,Manter Ativo
T24711,1097152.3330741427,1022167.2884310851,750,Faixa 07 - De 75 M ate 150 M,LOGISTICA,MODALIDADE TRADICIONAL,CANCELADO,2.0,5,2025-09,1152009.9497278498,1042610.6341997068,Risco de Churn
T24898,3704328.214853524,60967.27804587264,567,Faixa 07 - De 75 M ate 150 M,CONSTRUCAO E PROJETOS,MODALIDADE ASSINATURA (INTERA),ATIVO,0.0,8,2025-09,3889544.6255962006,62186.6236067901,Manter Ativo
T25084,3407651.574833158,0.0,420,Faixa 08 - De 150 M ate 300 M,MANUFATURA,MODALIDADE TRADICIONAL,CANCELADO,8.0,8,2025-09,3578034.153574816,0.0,Risco de Churn
T25103,43157.53961796103,6233.277919997745,128,Faixa 06 - De 50 M ate 75 M,SERVICOS,MODALIDADE TRADICIONAL,CANCELADO,10.0,9,2025-09,45315.41659885908,6357.9434783977,Risco de Churn
T25106,123372.45187358308,378349.5172729048,100,Faixa 07 - De 75 M ate 150 M,VAREJO,MODALIDADE TRADICIONAL,ATIVO,9.0,9,2025-09,129541.07446726224,385916.5076183629,Manter Ativo
T25254,46686.14819230128,0.0,180,Faixa 09 - De 300 M ate 500 M,CONSTRUCAO E PROJETOS,MODALIDADE ASSINATURA COMPLEMENTAR,ATIVO,10.0,9,2025-09,49020.45560191635,0.0,Manter Ativo
T25256,730851.4829957178,0.0,624,"Faixa 02 - De 7,5 M ate 15 M",CONSTRUCAO E PROJETOS,MODALIDADE TRADICIONAL,ATIVO,6.0,5,2025-09,767394.0571455037,0.0,Manter Ativo
T25483,362787.846222634,50632.09891069918,7,Faixa 09 - De 300 M ate 500 M,SERVICOS,MODALIDADE TRADICIONAL,GRATUITO,10.0,9,2025-09,380927.2385337657,51644.74088891316,Risco de Churn
T25567,1043726.9979507591,0.0,272,Faixa 08 - De 150 M ate 300 M,VAREJO,MODALIDADE TRADICIONAL,CANCELADO,0.0,9,2025-09,1095913.347848297,0.0,Risco de Churn
T25606,1172003.812760908,2416.8396393907497,172,Faixa 07 - De 75 M ate 150 M,VAREJO,MODALIDADE TRADICIONAL,ATIVO,5.0,5,2025-09,1230604.0033989535,2465.1764321785645,Manter Ativo
T25719,717635.9847424834,147387.4074735612,36,"Faixa 00 - Ate 4,5 M",SERVICOS,MODALIDADE ASSINATURA (INTERA),PENDENTE,0.0,9,2025-09,753517.7839796075,150335.15562303245,Risco de Churn
T25951,277585.8223020158,552547.6178542617,198,Faixa 06 - De 50 M ate 75 M,CONSTRUCAO E PROJETOS,MODALIDADE TRADICIONAL,ATIVO,7.0,8,2025-09,291465.1134171166,563598.5702113468,Manter Ativo
T25978,12260077.499969825,0.0,910,Faixa 08 - De 150 M ate 300 M,SERVICOS,MODALIDADE ASSINATURA COMPLEMENTAR,ATIVO,6.0,5,2025-09,12873081.374968316,0.0,Manter Ativo
T26230,56527.71459919092,0.0,60,Faixa 07 - De 75 M ate 150 M,CONSTRUCAO E PROJETOS,MODALIDADE TRADICIONAL,ATIVO,8.0,9,2025-09,59354.10032915047,0.0,Manter Ativo
T26323,1382583.213230303,0.0,62,Faixa 10 - De 500 M ate 850 M,MANUFATURA,MODALIDADE TRADICIONAL,CANCELADO,5.0,5,2025-09,1451712.3738918183,0.0,Risco de Churn
T26584,955696.8289858706,46890.74152268334,322,Faixa 03 - De 15 M ate 25 M,MANUFATURA,MODALIDADE TRADICIONAL,ATIVO,5.0,5,2025-09,1003481.6704351641,47828.556353137006,Manter Ativo
T26793,2642376.5871796464,0.0,48,Faixa 10 - De 500 M ate 850 M,VAREJO,MODALIDADE TRADICIONAL,CANCELADO,0.0,9,2025-09,2774495.4165386287,0.0,Risco de Churn
T26845,417556.55759879557,0.0,224,"Faixa 00 - Ate 4,5 M",EDUCACIONAL,MODALIDADE TRADICIONAL,CANCELADO,10.0,9,2025-09,438434.3854787354,0.0,Risco de Churn
T26902,1647641.8012150773,323164.77535618405,855,Faixa 04 - De 25 M ate 35 M,EDUCACIONAL,MODALIDADE TRADICIONAL,TROCADO,4.0,5,2025-09,1730023.8912758313,329628.07086330774,Risco de Churn
T27008,3336725.0181702375,425237.34131857444,531,Faixa 05 - De 35 M ate 50 M,EDUCACIONAL,MODALIDADE TRADICIONAL,CANCELADO,0.0,9,2025-09,3503561.2690787497,433742.0881449459,Risco de Churn
T27027,40356.223591415044,22080.138654108057,24,"Faixa 01 - De 4,5 M ate 7,5 M",EDUCACIONAL,MODALIDADE TRADICIONAL,TROCADO,0.0,8,2025-09,42374.034770985796,22521.74142719022,Risco de Churn
T27075,33947.577557457145,999283.7085568202,130,Faixa 03 - De 15 M ate 25 M,LOGISTICA,MODALIDADE TRADICIONAL,ATIVO,8.0,8,2025-09,35644.95643533,1019269.3827279566,Manter Ativo
T27211,217822.53321017322,16356.3682471022,100,Faixa 03 - De 15 M ate 25 M,EDUCACIONAL,MODALIDADE TRADICIONAL,PENDENTE,10.0,8,2025-09,228713.65987068188,16683.495612044244,Risco de Churn
T27656,214510.49895971344,56490.49364605537,22,"Faixa 02 - De 7,5 M ate 15 M",AGROINDUSTRIA,MODALIDADE TRADICIONAL,ATIVO,9.0,9,2025-09,225236.02390769913,57620.30351897648,Manter Ativo
T27744,19075.936063271583,1003.048775700391,28,Faixa 06 - De 50 M ate 75 M,EDUCACIONAL,MODALIDADE ASSINATURA COMPLEMENTAR,ATIVO,9.0,9,2025-09,20029.732866435163,1023.1097512143989,Manter Ativo
T27782,16053289.699831232,197119.7547918048,1290,Faixa 07 - De 75 M ate 150 M,EDUCACIONAL,MODALIDADE ASSINATURA COMPLEMENTAR,ATIVO,9.0,9,2025-09,16855954.184822794,201062.1498876409,Manter Ativo
T28036,315433.98254915583,76366.80211360512,120,Sem Informações de Faturamento,HOSPITALITY,MODALIDADE ASSINATURA COMPLEMENTAR,ATIVO,0.0,8,2025-09,331205.68167661363,77894.13815587723,Manter Ativo
T28165,2072038.0137321907,0.0,192,Sem Informações de Faturamento,EDUCACIONAL,MODALIDADE TRADICIONAL,CANCELADO,0.0,9,2025-09,2175639.9144188003,0.0,Risco de Churn
T28317,119782.40812766808,120597.24180129186,234,Faixa 06 - De 50 M ate 75 M,CONSTRUCAO E PROJETOS,MODALIDADE TRADICIONAL,ATIVO,8.0,8,2025-09,125771.5285340515,123009.1866373177,Manter Ativo
T28442,105081.07750702894,0.0,29,"Faixa 00 - Ate 4,5 M",VAREJO,MODALIDADE TRADICIONAL,ATIVO,10.0,9,2025-09,110335.1313823804,0.0,Manter Ativo
T28477,200210.11964325418,0.0,132,Faixa 08 - De 150 M ate 300 M,SERVICOS,MODALIDADE TRADICIONAL,ATIVO,9.0,9,2025-09,210220.6256254169,0.0,Manter Ativo
T28938,359627.806639168,0.0,800,Faixa 07 - De 75 M ate 150 M,SERVICOS,MODALIDADE TRADICIONAL,CANCELADO,0.0,8,2025-09,377609.1969711264,0.0,Risco de Churn
T29119,244451.07317821795,42762.700722393885,343,Faixa 06 - De 50 M ate 75 M,SERVICOS,MODALIDADE ASSINATURA COMPLEMENTAR,ATIVO,7.0,9,2025-09,256673.62683712886,43617.95473684176,Manter Ativo
T29133,31025.35018529505,0.0,15,Faixa 08 - De 150 M ate 300 M,SERVICOS,MODALIDADE TRADICIONAL,GRATUITO,10.0,9,2025-09,32576.617694559805,0.0,Risco de Churn
T29192,86982.37433136134,62878.98218393408,39,"Faixa 00 - Ate 4,5 M",VAREJO,MODALIDADE TRADICIONAL,GRATUITO,10.0,8,2025-09,91331.49304792941,64136.561827612764,Risco de Churn
T29393,29612.854109674012,685.565059560354,54,Faixa 07 - De 75 M ate 150 M,HOSPITALITY,MODALIDADE ASSINATURA COMPLEMENTAR,CANCELADO,9.0,9,2025-09,31093.496815157712,699.2763607515611,Risco de Churn
T29465,83425.54946636755,0.0,27,Faixa 04 - De 25 M ate 35 M,MANUFATURA,MODALIDADE TRADICIONAL,ATIVO,10.0,9,2025-09,87596.82693968593,0.0,Manter Ativo
T29632,92390.98995920902,7115.507834944124,66,Faixa 07 - De 75 M ate 150 M,EDUCACIONAL,MODALIDADE TRADICIONAL,ATIVO,9.0,9,2025-09,97010.53945716948,7257.817991643006,Manter Ativo
T29727,161863.0960499776,10388.236019013906,136,Faixa 08 - De 150 M ate 300 M,EDUCACIONAL,MODALIDADE TRADICIONAL,ATIVO,0.0,9,2025-09,169956.25085247649,10596.000739394185,Manter Ativo
T29941,12200753.085179478,192178.11204810024,1840,Faixa 05 - De 35 M ate 50 M,MANUFATURA,MODALIDADE ASSINATURA COMPLEMENTAR,ATIVO,9.0,9,2025-09,12810790.739438452,196021.67428906224,Manter Ativo
T30258,74482.41043686299,0.0,65,Sem Informações de Faturamento,HOSPITALITY,MODALIDADE TRADICIONAL,CANCELADO,0.0,8,2025-09,78206.53095870615,0.0,Risco de Churn
T30443,10138.211602056852,0.0,155,"Faixa 01 - De 4,5 M ate 7,5 M",VAREJO,MODALIDADE TRADICIONAL,ATIVO,9.0,9,2025-09,10645.122182159696,0.0,Manter Ativo
T30589,51316.85262578754,0.0,36,Faixa 06 - De 50 M ate 75 M,SERVICOS,MODALIDADE TRADICIONAL,ATIVO,10.0,9,2025-09,53882.69525707692,0.0,Manter Ativo
T30730,3535.35996927316,0.0,10,Sem Informações de Faturamento,CONSTRUCAO E PROJETOS,MODALIDADE TRADICIONAL,ATIVO,0.0,9,2025-09,3712.127967736818,0.0,Manter Ativo
T30884,42298.04416366035,0.0,51,Faixa 04 - De 25 M ate 35 M,MANUFATURA,MODALIDADE TRADICIONAL,ATIVO,10.0,9,2025-09,44412.94637184337,0.0,Manter Ativo
T30925,1170035.6340029663,0.0,344,Faixa 07 - De 75 M ate 150 M,VAREJO,MODALIDADE ASSINATURA COMPLEMENTAR,ATIVO,0.0,8,2025-09,1228537.4157031148,0.0,Manter Ativo
T31130,1360797.5926195357,777601.6223048733,208,Faixa 09 - De 300 M ate 500 M,CONSTRUCAO E PROJETOS,MODALIDADE TRADICIONAL,ATIVO,5.0,5,2025-09,1428837.4722505126,793153.6547509708,Manter Ativo
T31146,186974.12338149344,88414.18292773057,32,Faixa 04 - De 25 M ate 35 M,VAREJO,MODALIDADE TRADICIONAL,ATIVO,9.0,9,2025-09,196322.82955056813,90182.46658628518,Manter Ativo
T31188,415344.8241603853,29284.171317505883,195,Faixa 06 - De 50 M ate 75 M,CONSTRUCAO E PROJETOS,MODALIDADE TRADICIONAL,ATIVO,8.0,8,2025-09,436112.06536840455,29869.854743856,Manter Ativo
T31424,113196.1911584892,4100.7283389699505,39,Faixa 07 - De 75 M ate 150 M,EDUCACIONAL,MODALIDADE TRADICIONAL,GRATUITO,8.0,8,2025-09,118856.00071641366,4182.74290574935,Risco de Churn
T31446,187920.5083637317,8533.241916845604,42,Faixa 07 - De 75 M ate 150 M,MANUFATURA,MODALIDADE TRADICIONAL,ATIVO,0.0,9,2025-09,197316.5337819183,8703.906755182516,Manter Ativo
T31489,82247.52773929971,357.9668625931032,48,"Faixa 02 - De 7,5 M ate 15 M",AGROINDUSTRIA,MODALIDADE TRADICIONAL,ATIVO,10.0,9,2025-09,86359.9041262647,365.1261998449653,Manter Ativo
T31660,338931.4601225739,0.0,30,Faixa 10 - De 500 M ate 850 M,AGROINDUSTRIA,MODALIDADE ASSINATURA (INTERA),ATIVO,0.0,8,2025-09,355878.0331287026,0.0,Manter Ativo
T31787,17898.343129655157,145709.61436716534,24,Faixa 06 - De 50 M ate 75 M,SERVICOS,MODALIDADE TRADICIONAL,TROCADO,10.0,9,2025-09,18793.260286137916,148623.80665450866,Risco de Churn
T31823,3186907.545722002,0.0,112,Faixa 07 - De 75 M ate 150 M,SERVICOS,MODALIDADE ASSINATURA COMPLEMENTAR,ATIVO,0.0,8,2025-09,3346252.9230081025,0.0,Manter Ativo
T32013,191827.25811217385,19901.06077973215,168,Faixa 09 - De 300 M ate 500 M,MANUFATURA,MODALIDADE TRADICIONAL,ATIVO,10.0,9,2025-09,201418.62101778254,20299.081995326793,Manter Ativo
T32126,255704.1603658193,8558.334741474715,116,"Faixa 02 - De 7,5 M ate 15 M",EDUCACIONAL,MODALIDADE ASSINATURA COMPLEMENTAR,ATIVO,10.0,9,2025-09,268489.3683841103,8729.50143630421,Manter Ativo
T32403,407303.88757218304,137334.2693330592,252,"Faixa 00 - Ate 4,5 M",VAREJO,MODALIDADE ASSINATURA COMPLEMENTAR,ATIVO,8.0,8,2025-09,427669.0819507922,140080.95471972038,Manter Ativo
T32484,207403.86126381517,23365.039250898044,84,"Faixa 00 - Ate 4,5 M",MANUFATURA,MODALIDADE TRADICIONAL,ATIVO,8.0,8,2025-09,217774.05432700593,23832.340035916004,Manter Ativo
T32650,53993.92364782458,15007.669910896715,72,Sem Informações de Faturamento,SERVICOS,MODALIDADE TRADICIONAL,ATIVO,9.0,9,2025-09,56693.61983021581,15307.82330911465,Manter Ativo
T32772,373873.41810183815,365559.8697710402,300,Faixa 08 - De 150 M ate 300 M,SERVICOS,MODALIDADE ASSINATURA COMPLEMENTAR,ATIVO,8.0,9,2025-09,392567.08900693007,372871.067166461,Manter Ativo
T32848,284967.31660034304,521276.5480019572,82,Faixa 07 - De 75 M ate 150 M,CONSTRUCAO E PROJETOS,MODALIDADE TRADICIONAL,CANCELADO,8.0,8,2025-09,299215.6824303602,531702.0789619964,Risco de Churn
T33051,645710.1333484919,48417.11168668647,1140,Faixa 06 - De 50 M ate 75 M,MANUFATURA,MODALIDADE TRADICIONAL,CANCELADO,8.0,8,2025-09,677995.6400159164,49385.4539204202,Risco de Churn
T33230,1106011.6177607297,0.0,140,Faixa 09 - De 300 M ate 500 M,SERVICOS,MODALIDADE TRADICIONAL,CANCELADO,10.0,9,2025-09,1161312.1986487664,0.0,Risco de Churn
T33271,112107.0810147527,35203.77421613897,30,Faixa 05 - De 35 M ate 50 M,CONSTRUCAO E PROJETOS,MODALIDADE TRADICIONAL,TROCADO,10.0,9,2025-09,117712.43506549034,35907.849700461746,Risco de Churn
T33319,822532.676861498,0.0,39,Sem Informações de Faturamento,MANUFATURA,MODALIDADE TRADICIONAL,CANCELADO,0.0,9,2025-09,863659.3107045729,0.0,Risco de Churn
T33327,5874.30633549372,0.0,14,Faixa 06 - De 50 M ate 75 M,CONSTRUCAO E PROJETOS,MODALIDADE ASSINATURA (INTERA),ATIVO,0.0,5,2025-09,6168.021652268407,0.0,Manter Ativo
T33358,521565.85746601585,1751615.128674797,148,Faixa 08 - De 150 M ate 300 M,CONSTRUCAO E PROJETOS,MODALIDADE TRADICIONAL,ATIVO,8.0,8,2025-09,547644.1503393167,1786647.431248293,Manter Ativo
T33437,38133.10610725284,0.0,24,"Faixa 01 - De 4,5 M ate 7,5 M",CONSTRUCAO E PROJETOS,MODALIDADE TRADICIONAL,CANCELADO,0.0,9,2025-09,40039.76141261548,0.0,Risco de Churn
T34101,398766.2400128152,0.0,168,Faixa 11 - Acima de 850 M,AGROINDUSTRIA,MODALIDADE TRADICIONAL,ATIVO,7.0,8,2025-09,418704.552013456,0.0,Manter Ativo
T34103,1152065.6024936151,159584.53389098955,372,Faixa 06 - De 50 M ate 75 M,SAUDE,MODALIDADE TRADICIONAL,ATIVO,9.0,9,2025-09,1209668.882618296,162776.22456880935,Manter Ativo
T34142,33598379.24769707,176998.14704297937,3094,Faixa 09 - De 300 M ate 500 M,SERVICOS,MODALIDADE SERVICOS RECORRENTES,ATIVO,9.0,9,2025-09,35278298.21008193,180538.10998383895,Manter Ativo
T34551,8031.049115673904,0.0,48,"Faixa 02 - De 7,5 M ate 15 M",SERVICOS,MODALIDADE TRADICIONAL,ATIVO,7.0,8,2025-09,8432.6015714576,0.0,Manter Ativo
T34593,406265.40027887037,0.0,405,Faixa 08 - De 150 M ate 300 M,SAUDE,MODALIDADE ASSINATURA COMPLEMENTAR,ATIVO,8.0,8,2025-09,426578.6702928139,0.0,Manter Ativo
T34636,28882.181660555932,0.0,76,Faixa 06 - De 50 M ate 75 M,CONSTRUCAO E PROJETOS,MODALIDADE TRADICIONAL,TROCADO,8.0,8,2025-09,30326.29074358373,0.0,Risco de Churn
T34693,647258.8722375499,0.0,120,Faixa 06 - De 50 M ate 75 M,LOGISTICA,MODALIDADE TRADICIONAL,ATIVO,8.0,8,2025-09,679621.8158494274,0.0,Manter Ativo
T35033,3659.794147363579,0.0,29,Sem Informações de Faturamento,HOSPITALITY,MODALIDADE SERVICOS RECORRENTES,CANCELADO,8.0,8,2025-09,3842.7838547317583,0.0,Risco de Churn
T35043,25679.32999365575,0.0,24,"Faixa 00 - Ate 4,5 M",EDUCACIONAL,MODALIDADE CORPORATIVO,ATIVO,9.0,9,2025-09,26963.296493338537,0.0,Manter Ativo
T35077,60105.76894389268,0.0,42,Faixa 04 - De 25 M ate 35 M,VAREJO,MODALIDADE TRADICIONAL,ATIVO,10.0,9,2025-09,63111.05739108732,0.0,Manter Ativo
T35094,1816604.2917147034,0.0,348,Faixa 11 - Acima de 850 M,CONSTRUCAO E PROJETOS,MODALIDADE ASSINATURA COMPLEMENTAR,ATIVO,7.0,8,2025-09,1907434.5063004387,0.0,Manter Ativo
T35116,215140.71603316738,0.0,138,Faixa 11 - Acima de 850 M,EDUCACIONAL,MODALIDADE TRADICIONAL,CANCELADO,7.0,8,2025-09,225897.75183482576,0.0,Risco de Churn
T35324,936687.5408773127,0.0,252,Faixa 11 - Acima de 850 M,SAUDE,MODALIDADE ASSINATURA COMPLEMENTAR,ATIVO,9.0,9,2025-09,983521.9179211783,0.0,Manter Ativo
T35463,287567.1627625315,0.0,395,Faixa 04 - De 25 M ate 35 M,AGROINDUSTRIA,MODALIDADE TRADICIONAL,ATIVO,9.0,9,2025-09,301945.5209006581,0.0,Manter Ativo
T35509,32485.83329277099,19767.56728901388,45,Faixa 05 - De 35 M ate 50 M,EDUCACIONAL,MODALIDADE TRADICIONAL,TROCADO,10.0,9,2025-09,34110.12495740954,20162.918634794158,Risco de Churn
T35530,253126.99821798818,2022.273994552537,66,Faixa 03 - De 15 M ate 25 M,MANUFATURA,MODALIDADE TRADICIONAL,ATIVO,10.0,9,2025-09,265783.3481288876,2062.719474443588,Manter Ativo
T35673,15585171.932968542,27740.313106852034,1914,Faixa 11 - Acima de 850 M,LOGISTICA,MODALIDADE ASSINATURA COMPLEMENTAR,ATIVO,10.0,9,2025-09,16364430.52961697,28295.119368989075,Manter Ativo
T35769,293354.5837739449,37520.92358190684,66,Faixa 05 - De 35 M ate 50 M,VAREJO,MODALIDADE TRADICIONAL,TROCADO,9.0,9,2025-09,308022.3129626421,38271.34205354498,Risco de Churn
T35866,635337.7080370387,0.0,114,Faixa 11 - Acima de 850 M,SAUDE,MODALIDADE TRADICIONAL,CANCELADO,8.0,8,2025-09,667104.5934388906,0.0,Risco de Churn
T36053,502216.5865966826,9352.716649003676,26,Sem Informações de Faturamento,MANUFATURA,MODALIDADE ASSINATURA COMPLEMENTAR,ATIVO,0.0,8,2025-09,527327.4159265168,9539.77098198375,Manter Ativo
T36084,2471922.530251159,141540.0100290798,100,Faixa 04 - De 25 M ate 35 M,SERVICOS,MODALIDADE TRADICIONAL,CANCELADO,9.0,9,2025-09,2595518.656763717,144370.8102296614,Risco de Churn
T36224,9862.501616581816,0.0,122,Faixa 04 - De 25 M ate 35 M,SAUDE,MODALIDADE TRADICIONAL,ATIVO,8.0,8,2025-09,10355.626697410908,0.0,Manter Ativo
T36359,182976.3138786048,0.0,68,Faixa 04 - De 25 M ate 35 M,SAUDE,MODALIDADE TRADICIONAL,ATIVO,10.0,9,2025-09,192125.12957253505,0.0,Manter Ativo
T36732,3425195.0283238133,0.0,720,Faixa 08 - De 150 M ate 300 M,AGROINDUSTRIA,MODALIDADE TRADICIONAL,CANCELADO,10.0,9,2025-09,3596454.7797400043,0.0,Risco de Churn
T36812,173661.3478687654,19971.055004908,102,Faixa 08 - De 150 M ate 300 M,LOGISTICA,MODALIDADE TRADICIONAL,ATIVO,9.0,9,2025-09,182344.4152622037,20370.47610500616,Manter Ativo
T36994,89123.69736271608,9388.764725933597,115,Faixa 09 - De 300 M ate 500 M,SERVICOS,MODALIDADE TRADICIONAL,TROCADO,10.0,9,2025-09,93579.88223085189,9576.540020452268,Risco de Churn
T37041,2158322.329139893,1269792.303349083,962,Faixa 06 - De 50 M ate 75 M,AGROINDUSTRIA,MODALIDADE TRADICIONAL,ATIVO,9.0,9,2025-09,2266238.4455968877,1295188.1494160648,Manter Ativo
T37134,201987.56939241424,382.080188455491,30,Sem Informações de Faturamento,LOGISTICA,MODALIDADE ASSINATURA COMPLEMENTAR,ATIVO,0.0,8,2025-09,212086.94786203495,389.72179222460085,Manter Ativo
T37248,139276.54392190027,0.0,17,Faixa 07 - De 75 M ate 150 M,EDUCACIONAL,MODALIDADE ASSINATURA COMPLEMENTAR,ATIVO,8.0,8,2025-09,146240.3711179953,0.0,Manter Ativo
T37445,71231.51708796217,0.0,29,Faixa 11 - Acima de 850 M,CONSTRUCAO E PROJETOS,MODALIDADE ASSINATURA COMPLEMENTAR,ATIVO,9.0,9,2025-09,74793.09294236028,0.0,Manter Ativo
T37701,565.536523991509,0.0,1,Sem Informações de Faturamento,SERVICOS,MODALIDADE SERVICOS RECORRENTES,ATIVO,0.0,9,2025-09,593.8133501910844,0.0,Manter Ativo
T37736,17573.24202396446,0.0,38,Faixa 04 - De 25 M ate 35 M,CONSTRUCAO E PROJETOS,MODALIDADE INTERA 17,ATIVO,8.0,8,2025-09,18451.904125162684,0.0,Manter Ativo
T37932,5051596.520694306,15096.976656820796,1899,Faixa 08 - De 150 M ate 300 M,EDUCACIONAL,MODALIDADE TRADICIONAL,GRATUITO,8.0,9,2025-09,5304176.3467290215,15398.916189957212,Risco de Churn
T38002,323403.64693954395,292385.36764234165,203,"Faixa 00 - Ate 4,5 M",EDUCACIONAL,MODALIDADE TRADICIONAL,ATIVO,7.0,8,2025-09,339573.8292865212,298233.0749951885,Manter Ativo
T38021,56650.215002892044,0.0,28,"Faixa 00 - Ate 4,5 M",SERVICOS,MODALIDADE TRADICIONAL,ATIVO,8.0,8,2025-09,59482.72575303665,0.0,Manter Ativo
T38256,74263.49456442852,34629.1069139444,88,Faixa 03 - De 15 M ate 25 M,MANUFATURA,MODALIDADE TRADICIONAL,ATIVO,8.0,8,2025-09,77976.66929264995,35321.689052223286,Manter Ativo
T38502,797260.3054842012,662130.740740032,72,Faixa 10 - De 500 M ate 850 M,SAUDE,MODALIDADE TRADICIONAL,CANCELADO,8.0,8,2025-09,837123.3207584113,675373.3555548327,Risco de Churn
T38667,113672.3032285503,0.0,26,Faixa 10 - De 500 M ate 850 M,MANUFATURA,MODALIDADE ASSINATURA COMPLEMENTAR,ATIVO,7.0,8,2025-09,119355.91838997781,0.0,Manter Ativo
T39299,609665.0159341665,273932.90986916376,667,Faixa 05 - De 35 M ate 50 M,MANUFATURA,MODALIDADE ASSINATURA (INTERA),ATIVO,0.0,8,2025-09,640148.2667308749,279411.56806654704,Manter Ativo
T39512,2018.4821152066725,0.0,66,Faixa 05 - De 35 M ate 50 M,LOGISTICA,MODALIDADE TRADICIONAL,ATIVO,8.0,8,2025-09,2119.406220967006,0.0,Manter Ativo
T39793,500450.0836921092,43517.415031799224,18,Faixa 10 - De 500 M ate 850 M,AGROINDUSTRIA,MODALIDADE TRADICIONAL,ATIVO,0.0,9,2025-09,525472.5878767146,44387.76333243521,Manter Ativo
T39822,27699.018615926972,2344.478642516745,21,Sem Informações de Faturamento,SERVICOS,MODALIDADE ASSINATURA COMPLEMENTAR,ATIVO,0.0,8,2025-09,29083.96954672332,2391.3682153670798,Manter Ativo
T39903,504033.1069962194,655135.959280981,594,"Faixa 02 - De 7,5 M ate 15 M",MANUFATURA,MODALIDADE TRADICIONAL,ATIVO,9.0,9,2025-09,529234.7623460303,668238.6784666006,Manter Ativo
T39941,218811.88581856847,588.5400315087663,280,Faixa 07 - De 75 M ate 150 M,EDUCACIONAL,MODALIDADE SERVICOS RECORRENTES,ATIVO,0.0,9,2025-09,229752.4801094969,600.3108321389417,Manter Ativo
T40143,7753.930837980646,1263.3432162072459,22,Faixa 07 - De 75 M ate 150 M,EDUCACIONAL,MODALIDADE ASSINATURA COMPLEMENTAR,CANCELADO,9.0,9,2025-09,8141.627379879679,1288.6100805313908,Risco de Churn
T40339,131546459.75910912,2030263.551595988,2132,Faixa 11 - Acima de 850 M,SAUDE,MODALIDADE ASSINATURA COMPLEMENTAR,ATIVO,7.0,8,2025-09,138123782.7470646,2070868.8226279079,Manter Ativo
T41056,13520.950529587693,71646.34112145645,69,Faixa 07 - De 75 M ate 150 M,EDUCACIONAL,MODALIDADE TRADICIONAL,GRATUITO,8.0,8,2025-09,14196.99805606708,73079.26794388558,Risco de Churn
T41068,59726.69030959778,0.0,14,Faixa 05 - De 35 M ate 50 M,SAUDE,MODALIDADE TRADICIONAL,CANCELADO,8.0,8,2025-09,62713.02482507768,0.0,Risco de Churn
T41096,730957.8910334165,156013.13425250127,200,Faixa 07 - De 75 M ate 150 M,LOGISTICA,MODALIDADE TRADICIONAL,PENDENTE,9.0,9,2025-09,767505.7855850874,159133.3969375513,Risco de Churn
T41316,66124.65434198399,0.0,78,Faixa 11 - Acima de 850 M,SAUDE,MODALIDADE TRADICIONAL,ATIVO,0.0,8,2025-09,69430.8870590832,0.0,Manter Ativo
T41352,18167388.487813387,0.0,3596,Faixa 08 - De 150 M ate 300 M,MANUFATURA,MODALIDADE ASSINATURA COMPLEMENTAR,ATIVO,10.0,9,2025-09,19075757.912204057,0.0,Manter Ativo
T41917,292079.8060656967,167729.70512263052,34,"Faixa 02 - De 7,5 M ate 15 M",VAREJO,MODALIDADE TRADICIONAL,CANCELADO,8.0,8,2025-09,306683.79636898154,171084.29922508314,Risco de Churn
T42060,6093008.988282445,186837.4139398888,480,"Faixa 01 - De 4,5 M ate 7,5 M",EDUCACIONAL,MODALIDADE TRADICIONAL,ATIVO,9.0,9,2025-09,6397659.437696568,190574.16221868657,Manter Ativo
T42063,258230.70807094057,0.0,68,Faixa 03 - De 15 M ate 25 M,MANUFATURA,MODALIDADE TRADICIONAL,CANCELADO,10.0,9,2025-09,271142.2434744876,0.0,Risco de Churn
T42091,514070.215828578,202419.6292411165,165,Faixa 04 - De 25 M ate 35 M,CONSTRUCAO E PROJETOS,MODALIDADE TRADICIONAL,CANCELADO,10.0,9,2025-09,539773.726620007,206468.02182593883,Risco de Churn
T42223,97358.70923016669,0.0,15,"Faixa 00 - Ate 4,5 M",EDUCACIONAL,MODALIDADE CORPORATIVO,ATIVO,9.0,9,2025-09,102226.64469167503,0.0,Manter Ativo
T42247,229625.24532162832,0.0,190,Faixa 07 - De 75 M ate 150 M,SAUDE,MODALIDADE TRADICIONAL,TROCADO,10.0,9,2025-09,241106.50758770976,0.0,Risco de Churn
T42299,119441.84523457807,67211.38930630744,84,Faixa 07 - De 75 M ate 150 M,CONSTRUCAO E PROJETOS,MODALIDADE TRADICIONAL,TROCADO,0.0,8,2025-09,125413.93749630697,68555.61709243359,Risco de Churn
T42415,78080.44991949192,174104.20322318855,30,Sem Informações de Faturamento,AGROINDUSTRIA,MODALIDADE TRADICIONAL,ATIVO,10.0,9,2025-09,81984.47241546652,177586.28728765232,Manter Ativo
T42463,6031792.484552511,0.0,222,Faixa 10 - De 500 M ate 850 M,AGROINDUSTRIA,MODALIDADE TRADICIONAL,ATIVO,8.0,8,2025-09,6333382.108780137,0.0,Manter Ativo
T42559,254891.1301470063,25139.567319186957,174,Faixa 07 - De 75 M ate 150 M,CONSTRUCAO E PROJETOS,MODALIDADE TRADICIONAL,ATIVO,8.0,8,2025-09,267635.68665435666,25642.358665570697,Manter Ativo
T42748,6532069.68040651,8162157.156955776,258,Faixa 11 - Acima de 850 M,EDUCACIONAL,MODALIDADE ASSINATURA COMPLEMENTAR,CANCELADO,7.0,8,2025-09,6858673.164426835,8325400.300094891,Risco de Churn
T42836,165317.61584206548,0.0,44,Faixa 07 - De 75 M ate 150 M,MANUFATURA,MODALIDADE TRADICIONAL,ATIVO,8.0,8,2025-09,173583.49663416875,0.0,Manter Ativo
T42892,22282430.338950217,9561772.020857587,2025,Sem Informações de Faturamento,VAREJO,MODALIDADE ASSINATURA COMPLEMENTAR,ATIVO,6.0,8,2025-09,23396551.85589773,9753007.46127474,Manter Ativo
T43025,14435.03727566816,6655.210676301121,40,Faixa 03 - De 15 M ate 25 M,MANUFATURA,MODALIDADE SERVICOS NÃO RECORRENTES,ATIVO,0.0,9,2025-09,15156.78913945157,6788.314889827143,Manter Ativo
T43026,27747.308325512382,0.0,22,"Faixa 02 - De 7,5 M ate 15 M",HOSPITALITY,MODALIDADE ASSINATURA COMPLEMENTAR,ATIVO,3.0,5,2025-09,29134.673741788003,0.0,Manter Ativo
T43055,16751.362685391927,6443.1512952338035,16,Sem Informações de Faturamento,VAREJO,MODALIDADE TRADICIONAL,ATIVO,0.0,9,2025-09,17588.930819661524,6572.014321138479,Manter Ativo
T43087,1036671.5674414595,7948.31720267325,234,Faixa 10 - De 500 M ate 850 M,EDUCACIONAL,MODALIDADE TRADICIONAL,CANCELADO,10.0,9,2025-09,1088505.1458135326,8107.283546726715,Risco de Churn
T43110,133784.99459589826,6.5664252086906,66,Faixa 07 - De 75 M ate 150 M,LOGISTICA,MODALIDADE TRADICIONAL,CANCELADO,8.0,8,2025-09,140474.24432569317,6.697753712864412,Risco de Churn
T43460,157193.82963285517,0.0,57,Faixa 08 - De 150 M ate 300 M,EDUCACIONAL,MODALIDADE ASSINATURA COMPLEMENTAR,ATIVO,7.0,5,2025-09,165053.52111449794,0.0,Manter Ativo
T43474,57135.88664460783,1798.830567732864,600,Faixa 11 - Acima de 850 M,DISTRIBUICAO,MODALIDADE TRADICIONAL,ATIVO,10.0,9,2025-09,59992.68097683822,1834.8071790875213,Manter Ativo
T43739,450502.7342926404,0.0,84,Sem Informações de Faturamento,LOGISTICA,MODALIDADE TRADICIONAL,ATIVO,0.0,8,2025-09,473027.87100727245,0.0,Manter Ativo
T43841,63947.40514556294,0.0,105,"Faixa 01 - De 4,5 M ate 7,5 M",SERVICOS,MODALIDADE TRADICIONAL,ATIVO,0.0,8,2025-09,67144.77540284109,0.0,Manter Ativo
T43917,1744032.1098619695,0.0,72,Faixa 04 - De 25 M ate 35 M,SERVICOS,MODALIDADE TRADICIONAL,ATIVO,10.0,9,2025-09,1831233.715355068,0.0,Manter Ativo
T44001,37183.27816583037,0.0,27,"Faixa 02 - De 7,5 M ate 15 M",EDUCACIONAL,MODALIDADE TRADICIONAL,ATIVO,8.0,8,2025-09,39042.44207412189,0.0,Manter Ativo
T44012,36033.36342912428,0.0,28,Faixa 04 - De 25 M ate 35 M,EDUCACIONAL,MODALIDADE ASSINATURA COMPLEMENTAR,ATIVO,10.0,9,2025-09,37835.03160058049,0.0,Manter Ativo
T44252,6986.81094548264,376.6656201656104,24,Sem Informações de Faturamento,FINANCIAL SERVICES,MODALIDADE ASSINATURA COMPLEMENTAR,ATIVO,0.0,8,2025-09,7336.151492756772,384.1989325689226,Manter Ativo
T44286,946.708679255528,0.0,4,Sem Informações de Faturamento,FINANCIAL SERVICES,MODALIDADE ASSINATURA COMPLEMENTAR,ATIVO,0.0,8,2025-09,994.0441132183043,0.0,Manter Ativo
T44478,58283.6910449152,0.0,16,Faixa 07 - De 75 M ate 150 M,AGROINDUSTRIA,MODALIDADE TRADICIONAL,ATIVO,8.0,8,2025-09,61197.875597160964,0.0,Manter Ativo
T45067,15193267.266786326,0.0,1180,Faixa 05 - De 35 M ate 50 M,VAREJO,MODALIDADE TRADICIONAL,ATIVO,9.0,9,2025-09,15952930.630125642,0.0,Manter Ativo
T45259,73603.44691909147,1182313.5459474355,159,Faixa 04 - De 25 M ate 35 M,MANUFATURA,MODALIDADE TRADICIONAL,CANCELADO,10.0,9,2025-09,77283.61926504604,1205959.8168663844,Risco de Churn
T45453,1940531.6023145653,231965.95730794323,408,Faixa 04 - De 25 M ate 35 M,SERVICOS,MODALIDADE TRADICIONAL,ATIVO,10.0,9,2025-09,2037558.1824302936,236605.2764541021,Manter Ativo
T45525,348609.60577814234,0.0,54,Faixa 07 - De 75 M ate 150 M,EDUCACIONAL,MODALIDADE ASSINATURA COMPLEMENTAR,CANCELADO,9.0,9,2025-09,366040.0860670495,0.0,Risco de Churn
T45551,125450.0065925237,0.0,108,Faixa 03 - De 15 M ate 25 M,MANUFATURA,MODALIDADE TRADICIONAL,ATIVO,0.0,9,2025-09,131722.50692214989,0.0,Manter Ativo
T45609,175553.0836843293,0.0,64,Faixa 07 - De 75 M ate 150 M,LOGISTICA,MODALIDADE TRADICIONAL,CANCELADO,0.0,8,2025-09,184330.73786854575,0.0,Risco de Churn
T45630,5146.782575544162,0.0,28,Faixa 04 - De 25 M ate 35 M,LOGISTICA,MODALIDADE TRADICIONAL,ATIVO,7.0,9,2025-09,5404.12170432137,0.0,Manter Ativo
T45675,93325.63356781882,0.0,74,Faixa 09 - De 300 M ate 500 M,VAREJO,MODALIDADE TRADICIONAL,CANCELADO,10.0,9,2025-09,97991.91524620977,0.0,Risco de Churn
T45686,596848.3670564285,71130.27559097049,360,Faixa 04 - De 25 M ate 35 M,LOGISTICA,MODALIDADE TRADICIONAL,ATIVO,4.0,8,2025-09,626690.78540925,72552.88110278989,Manter Ativo
T45940,2724.099574412,0.0,16,Faixa 03 - De 15 M ate 25 M,CONSTRUCAO E PROJETOS,MODALIDADE TRADICIONAL,CANCELADO,9.0,9,2025-09,2860.3045531326,0.0,Risco de Churn
T45963,188850.85142625406,0.0,33,Faixa 07 - De 75 M ate 150 M,MANUFATURA,MODALIDADE TRADICIONAL,TROCADO,10.0,9,2025-09,198293.39399756677,0.0,Risco de Churn
T46162,35359.4850930467,0.0,70,Sem Informações de Faturamento,HOSPITALITY,MODALIDADE ASSINATURA COMPLEMENTAR,ATIVO,10.0,9,2025-09,37127.459347699034,0.0,Manter Ativo
T46457,1153785.8545594264,193700.1186081556,98,Faixa 08 - De 150 M ate 300 M,EDUCACIONAL,MODALIDADE ASSINATURA COMPLEMENTAR,ATIVO,10.0,9,2025-09,1211475.1472873979,197574.12098031872,Manter Ativo
T46472,12531132.806412818,0.0,800,Faixa 07 - De 75 M ate 150 M,MANUFATURA,MODALIDADE TRADICIONAL,ATIVO,7.0,8,2025-09,13157689.44673346,0.0,Manter Ativo
T46506,83334.64525464374,0.0,24,Faixa 07 - De 75 M ate 150 M,MANUFATURA,MODALIDADE CORPORATIVO,CANCELADO,6.0,5,2025-09,87501.37751737592,0.0,Risco de Churn
T46585,375437.9592907425,0.0,265,Faixa 07 - De 75 M ate 150 M,EDUCACIONAL,MODALIDADE TRADICIONAL,CANCELADO,9.0,9,2025-09,394209.85725527967,0.0,Risco de Churn
T46735,390254.4209531163,0.0,168,Faixa 04 - De 25 M ate 35 M,EDUCACIONAL,MODALIDADE ASSINATURA COMPLEMENTAR,ATIVO,10.0,9,2025-09,409767.1420007722,0.0,Manter Ativo
T46740,1080.0466272512097,0.0,38,"Faixa 00 - Ate 4,5 M",MANUFATURA,MODALIDADE TRADICIONAL,ATIVO,9.0,9,2025-09,1134.04895861377,0.0,Manter Ativo
T46923,3821149.5603746655,19312.049916198186,576,Faixa 03 - De 15 M ate 25 M,VAREJO,MODALIDADE TRADICIONAL,ATIVO,9.0,9,2025-09,4012207.038393399,19698.29091452215,Manter Ativo
T46988,14485751.593621256,8347635.686613063,6867,Faixa 08 - De 150 M ate 300 M,LOGISTICA,MODALIDADE TRADICIONAL,ATIVO,9.0,9,2025-09,15210039.173302319,8514588.400345325,Manter Ativo
T47026,988158.7969803638,0.0,114,Faixa 06 - De 50 M ate 75 M,SERVICOS,MODALIDADE ASSINATURA COMPLEMENTAR,CANCELADO,6.0,9,2025-09,1037566.736829382,0.0,Risco de Churn
T47243,30834.47404150469,0.0,10,Faixa 08 - De 150 M ate 300 M,EDUCACIONAL,MODALIDADE CORPORATIVO,GRATUITO,8.0,8,2025-09,32376.197743579927,0.0,Risco de Churn
T47344,209741.02939836943,32545.969472419016,228,"Faixa 00 - Ate 4,5 M",EDUCACIONAL,MODALIDADE TRADICIONAL,GRATUITO,10.0,9,2025-09,220228.0808682879,33196.888861867395,Risco de Churn
T47387,42229.40778441432,0.0,27,Faixa 04 - De 25 M ate 35 M,VAREJO,MODALIDADE TRADICIONAL,ATIVO,1.0,5,2025-09,44340.878173635036,0.0,Manter Ativo
T47526,2202728.2210186855,0.0,574,Faixa 08 - De 150 M ate 300 M,MANUFATURA,MODALIDADE TRADICIONAL,ATIVO,8.0,9,2025-09,2312864.63206962,0.0,Manter Ativo
T47723,37793.40080106588,18163.64016042984,12,"Faixa 00 - Ate 4,5 M",JURIDICO,MODALIDADE TRADICIONAL,CANCELADO,7.0,8,2025-09,39683.07084111917,18526.91296363844,Risco de Churn
T47759,606991.3206095945,1783.2468684699886,245,Faixa 07 - De 75 M ate 150 M,EDUCACIONAL,MODALIDADE TRADICIONAL,CANCELADO,0.0,9,2025-09,637340.8866400742,1818.9118058393883,Risco de Churn
T47857,7014174.122137305,1847019.6453804863,969,Faixa 04 - De 25 M ate 35 M,CONSTRUCAO E PROJETOS,MODALIDADE TRADICIONAL,ATIVO,0.0,9,2025-09,7364882.828244171,1883960.038288096,Manter Ativo
T47953,9086709.670796702,6392753.367993905,1400,Faixa 06 - De 50 M ate 75 M,CONSTRUCAO E PROJETOS,MODALIDADE ASSINATURA COMPLEMENTAR,ATIVO,7.0,8,2025-09,9541045.154336536,6520608.435353784,Manter Ativo
T47965,266194.7392924553,0.0,66,Faixa 03 - De 15 M ate 25 M,VAREJO,MODALIDADE SERVICOS NÃO RECORRENTES,ATIVO,7.0,9,2025-09,279504.4762570781,0.0,Manter Ativo
T48119,1061458.6413203455,0.0,125,Faixa 08 - De 150 M ate 300 M,EDUCACIONAL,MODALIDADE ASSINATURA COMPLEMENTAR,ATIVO,9.0,9,2025-09,1114531.5733863628,0.0,Manter Ativo
T48463,5015255.859495451,461971.7736332315,570,Faixa 03 - De 15 M ate 25 M,MANUFATURA,MODALIDADE TRADICIONAL,CANCELADO,9.0,8,2025-09,5266018.652470224,471211.2091058962,Risco de Churn
T48579,31503.06392501342,0.0,38,"Faixa 02 - De 7,5 M ate 15 M",EDUCACIONAL,MODALIDADE ASSINATURA COMPLEMENTAR,ATIVO,8.0,8,2025-09,33078.21712126409,0.0,Manter Ativo
T48590,1079364.3622196817,546812.7450599489,464,Faixa 04 - De 25 M ate 35 M,CONSTRUCAO E PROJETOS,MODALIDADE TRADICIONAL,ATIVO,10.0,8,2025-09,1133332.580330666,557748.9999611479,Manter Ativo
T48647,247728.93427213398,0.0,54,Faixa 09 - De 300 M ate 500 M,SERVICOS,MODALIDADE TRADICIONAL,CANCELADO,8.0,9,2025-09,260115.3809857407,0.0,Risco de Churn
T48689,16716.63882353292,792.8895381633465,45,Faixa 04 - De 25 M ate 35 M,VAREJO,MODALIDADE TRADICIONAL,ATIVO,9.0,9,2025-09,17552.470764709567,808.7473289266135,Manter Ativo
T48771,23869.880482211487,0.0,82,Faixa 07 - De 75 M ate 150 M,SERVICOS,MODALIDADE TRADICIONAL,ATIVO,8.0,8,2025-09,25063.374506322063,0.0,Manter Ativo
T48850,7303.815421882736,0.0,16,Faixa 07 - De 75 M ate 150 M,VAREJO,MODALIDADE ASSINATURA COMPLEMENTAR,ATIVO,9.0,9,2025-09,7669.006192976873,0.0,Manter Ativo
T49030,58039.6319015632,57500.949618438,40,Faixa 06 - De 50 M ate 75 M,SERVICOS,MODALIDADE SERVICOS RECORRENTES,ATIVO,8.0,8,2025-09,60941.61349664137,58650.968610806754,Manter Ativo
T49295,1118.2260598666553,0.0,19,Faixa 03 - De 15 M ate 25 M,EDUCACIONAL,MODALIDADE ASSINATURA COMPLEMENTAR,CANCELADO,10.0,9,2025-09,1174.1373628599881,0.0,Risco de Churn
T49432,354583.3627673888,0.0,392,Faixa 10 - De 500 M ate 850 M,LOGISTICA,MODALIDADE TRADICIONAL,ATIVO,10.0,9,2025-09,372312.53090575826,0.0,Manter Ativo
T49499,7521.772814837268,0.0,13,"Faixa 02 - De 7,5 M ate 15 M",MANUFATURA,MODALIDADE TRADICIONAL,ATIVO,8.0,8,2025-09,7897.861455579132,0.0,Manter Ativo
T49594,15273229.363263728,2511695.477040492,2376,Faixa 10 - De 500 M ate 850 M,CONSTRUCAO E PROJETOS,MODALIDADE ASSINATURA COMPLEMENTAR,ATIVO,0.0,9,2025-09,16036890.831426915,2561929.3865813017,Manter Ativo
T49634,288495.66033166915,795.36981401042,165,Faixa 06 - De 50 M ate 75 M,EDUCACIONAL,MODALIDADE ASSINATURA COMPLEMENTAR,ATIVO,9.0,9,2025-09,302920.4433482526,811.2772102906284,Manter Ativo
T49920,125190.59075820677,0.0,62,Faixa 07 - De 75 M ate 150 M,MANUFATURA,MODALIDADE ASSINATURA (INTERA),ATIVO,7.0,8,2025-09,131450.12029611712,0.0,Manter Ativo
T49954,69811.44145750682,0.0,84,Faixa 08 - De 150 M ate 300 M,SERVICOS,MODALIDADE ASSINATURA (INTERA),ATIVO,9.0,9,2025-09,73302.01353038217,0.0,Manter Ativo
T50010,51830.307560847985,0.0,135,"Faixa 02 - De 7,5 M ate 15 M",HOSPITALITY,MODALIDADE ASSINATURA COMPLEMENTAR,CANCELADO,10.0,9,2025-09,54421.822938890386,0.0,Risco de Churn
T50142,1437917.4737420261,728611.8233328131,245,Faixa 08 - De 150 M ate 300 M,EDUCACIONAL,MODALIDADE ASSINATURA COMPLEMENTAR,ATIVO,8.0,9,2025-09,1509813.3474291274,743184.0597994694,Manter Ativo
T50149,5486652.084399814,0.0,360,Faixa 10 - De 500 M ate 850 M,EDUCACIONAL,MODALIDADE TRADICIONAL,CANCELADO,8.0,8,2025-09,5760984.688619805,0.0,Risco de Churn
T50223,297474.49011022743,0.0,38,Faixa 07 - De 75 M ate 150 M,SERVICOS,MODALIDADE ASSINATURA COMPLEMENTAR,CANCELADO,4.0,9,2025-09,312348.21461573883,0.0,Risco de Churn
T50320,96465.91502165474,0.0,30,Faixa 04 - De 25 M ate 35 M,SERVICOS,MODALIDADE TRADICIONAL,CANCELADO,8.0,8,2025-09,101289.21077273748,0.0,Risco de Churn
T50331,1266078.7502737,79351.17090537985,140,Faixa 07 - De 75 M ate 150 M,DISTRIBUICAO,MODALIDADE TRADICIONAL,ATIVO,9.0,9,2025-09,1329382.6877873852,80938.19432348745,Manter Ativo
T50372,1384580.7895628184,26974.088635973403,33,Faixa 07 - De 75 M ate 150 M,CONSTRUCAO E PROJETOS,MODALIDADE CORPORATIVO,CANCELADO,10.0,9,2025-09,1453809.8290409592,27513.57040869287,Risco de Churn
T50413,13853.5597245375,0.0,10,"Faixa 00 - Ate 4,5 M",SERVICOS,MODALIDADE TRADICIONAL,ATIVO,0.0,9,2025-09,14546.237710764375,0.0,Manter Ativo
T50477,4855.45525994733,0.0,30,Sem Informações de Faturamento,HOSPITALITY,MODALIDADE ASSINATURA COMPLEMENTAR,CANCELADO,0.0,9,2025-09,5098.228022944697,0.0,Risco de Churn
T50630,18775.83950120527,0.0,12,Faixa 04 - De 25 M ate 35 M,CONSTRUCAO E PROJETOS,MODALIDADE CORPORATIVO,ATIVO,7.0,8,2025-09,19714.631476265535,0.0,Manter Ativo
T50734,102044.81209604735,0.0,94,Faixa 07 - De 75 M ate 150 M,CONSTRUCAO E PROJETOS,MODALIDADE TRADICIONAL,CANCELADO,8.0,8,2025-09,107147.05270084972,0.0,Risco de Churn
T50743,6933223.921597171,2186296.738248134,1428,Faixa 07 - De 75 M ate 150 M,MANUFATURA,MODALIDADE TRADICIONAL,ATIVO,10.0,9,2025-09,7279885.117677029,2230022.6730130967,Manter Ativo
T50749,1040543.4840277509,477848.83487867325,624,Faixa 09 - De 300 M ate 500 M,MANUFATURA,MODALIDADE TRADICIONAL,ATIVO,9.0,9,2025-09,1092570.6582291385,487405.81157624675,Manter Ativo
T50750,655469.9137102896,0.0,96,Faixa 11 - Acima de 850 M,EDUCACIONAL,MODALIDADE ASSINATURA COMPLEMENTAR,ATIVO,7.0,8,2025-09,688243.4093958042,0.0,Manter Ativo
T50754,2935759.1938668056,180856.54822783283,1005,Faixa 08 - De 150 M ate 300 M,CONSTRUCAO E PROJETOS,MODALIDADE TRADICIONAL,ATIVO,10.0,9,2025-09,3082547.153560146,184473.67919238948,Manter Ativo
T50869,992249.3603922193,0.0,420,Faixa 06 - De 50 M ate 75 M,MANUFATURA,MODALIDADE ASSINATURA COMPLEMENTAR,ATIVO,0.0,9,2025-09,1041861.8284118302,0.0,Manter Ativo
T50901,62923.08485158093,0.0,52,"Faixa 01 - De 4,5 M ate 7,5 M",CONSTRUCAO E PROJETOS,MODALIDADE TRADICIONAL,ATIVO,10.0,9,2025-09,66069.23909415997,0.0,Manter Ativo
T50945,155958.4841067184,0.0,120,Faixa 03 - De 15 M ate 25 M,LOGISTICA,MODALIDADE TRADICIONAL,ATIVO,10.0,9,2025-09,163756.40831205432,0.0,Manter Ativo
T51026,2774304.1494361022,0.0,174,Faixa 07 - De 75 M ate 150 M,MANUFATURA,MODALIDADE TRADICIONAL,GRATUITO,8.0,8,2025-09,2913019.3569079074,0.0,Risco de Churn
T51053,34114.42865638989,20747.27204475016,28,"Faixa 01 - De 4,5 M ate 7,5 M",SAUDE,MODALIDADE TRADICIONAL,ATIVO,10.0,9,2025-09,35820.15008920939,21162.217485645164,Manter Ativo
T51217,60335.017897737445,0.0,13,Faixa 03 - De 15 M ate 25 M,CONSTRUCAO E PROJETOS,MODALIDADE ASSINATURA (INTERA),ATIVO,10.0,8,2025-09,63351.76879262432,0.0,Manter Ativo
T51294,176591.94932480386,160122.98916581742,45,Sem Informações de Faturamento,SAUDE,MODALIDADE TRADICIONAL,ATIVO,0.0,9,2025-09,185421.54679104406,163325.44894913377,Manter Ativo
T51367,2012218.1491278915,1122490.9320204123,429,"Faixa 02 - De 7,5 M ate 15 M",MANUFATURA,MODALIDADE TRADICIONAL,ATIVO,8.0,8,2025-09,2112829.056584286,1144940.7506608206,Manter Ativo
T51535,43881.04449026688,0.0,45,Sem Informações de Faturamento,SERVICOS,MODALIDADE ASSINATURA COMPLEMENTAR,ATIVO,0.0,8,2025-09,46075.09671478023,0.0,Manter Ativo
T51620,2322.2948871862263,337.107322333485,18,Faixa 07 - De 75 M ate 150 M,MANUFATURA,MODALIDADE TRADICIONAL,GRATUITO,8.0,8,2025-09,2438.4096315455376,343.8494687801547,Risco de Churn
T51665,111121.02423053364,0.0,123,Faixa 05 - De 35 M ate 50 M,SERVICOS,MODALIDADE TRADICIONAL,ATIVO,9.0,9,2025-09,116677.07544206033,0.0,Manter Ativo
T51693,279165.7832397453,52646.730292556815,84,Faixa 03 - De 15 M ate 25 M,EDUCACIONAL,MODALIDADE ASSINATURA COMPLEMENTAR,ATIVO,8.0,8,2025-09,293124.07240173256,53699.66489840795,Manter Ativo
T51706,7544702.759054453,1251136.0341629938,3232,Faixa 09 - De 300 M ate 500 M,CONSTRUCAO E PROJETOS,MODALIDADE ASSINATURA COMPLEMENTAR,ATIVO,9.0,9,2025-09,7921937.897007176,1276158.7548462537,Manter Ativo
T51729,243037.22766438182,50326.100132888256,105,"Faixa 00 - Ate 4,5 M",MANUFATURA,MODALIDADE TRADICIONAL,ATIVO,0.0,8,2025-09,255189.08904760092,51332.62213554602,Manter Ativo
T51839,2526126.827533248,0.0,124,Faixa 05 - De 35 M ate 50 M,SAUDE,MODALIDADE TRADICIONAL,CANCELADO,7.0,8,2025-09,2652433.1689099106,0.0,Risco de Churn
T51907,81821.57189149524,51961.316571861695,21,"Faixa 02 - De 7,5 M ate 15 M",JURIDICO,MODALIDADE SERVICOS NÃO RECORRENTES,CANCELADO,10.0,9,2025-09,85912.65048607001,53000.54290329893,Risco de Churn
T51925,90487.51277001647,1248.5456382721673,165,"Faixa 02 - De 7,5 M ate 15 M",HOSPITALITY,MODALIDADE ASSINATURA COMPLEMENTAR,CANCELADO,0.0,9,2025-09,95011.8884085173,1273.5165510376107,Risco de Churn
T51945,739418.0488899195,2039319.5852151075,45,Faixa 06 - De 50 M ate 75 M,CONSTRUCAO E PROJETOS,MODALIDADE TRADICIONAL,CANCELADO,10.0,9,2025-09,776388.9513344156,2080105.9769194098,Risco de Churn
T52004,1586.5988285134363,0.0,6,Sem Informações de Faturamento,SERVICOS,MODALIDADE TRADICIONAL,ATIVO,0.0,9,2025-09,1665.9287699391082,0.0,Manter Ativo
T52184,9433.455933611947,2690.1071837350055,68,Faixa 03 - De 15 M ate 25 M,CONSTRUCAO E PROJETOS,MODALIDADE ASSINATURA COMPLEMENTAR,ATIVO,9.0,9,2025-09,9905.128730292545,2743.909327409706,Manter Ativo
T52235,31643.61148839504,0.0,16,Faixa 08 - De 150 M ate 300 M,MANUFATURA,MODALIDADE TRADICIONAL,CANCELADO,0.0,9,2025-09,33225.79206281479,0.0,Risco de Churn
T52361,89280.3793306759,90050.92957078588,64,"Faixa 00 - Ate 4,5 M",VAREJO,MODALIDADE TRADICIONAL,GRATUITO,7.0,8,2025-09,93744.3982972097,91851.9481622016,Risco de Churn
T52473,114851.12368851814,0.0,22,"Faixa 00 - Ate 4,5 M",MANUFATURA,MODALIDADE TRADICIONAL,ATIVO,9.0,9,2025-09,120593.67987294405,0.0,Manter Ativo
T52521,50177.746006374415,29753.84728193668,28,"Faixa 01 - De 4,5 M ate 7,5 M",SERVICOS,MODALIDADE ASSINATURA (INTERA),ATIVO,0.0,9,2025-09,52686.63330669314,30348.924227575415,Manter Ativo
T52565,152018.06566461676,0.0,28,Faixa 06 - De 50 M ate 75 M,SERVICOS,MODALIDADE TRADICIONAL,ATIVO,10.0,9,2025-09,159618.9689478476,0.0,Manter Ativo
T52576,1460724.3248116148,437614.5735972151,228,Faixa 07 - De 75 M ate 150 M,MANUFATURA,MODALIDADE TRADICIONAL,ATIVO,7.0,8,2025-09,1533760.5410521957,446366.8650691594,Manter Ativo
T52637,15963.23611762642,0.0,14,Faixa 03 - De 15 M ate 25 M,SERVICOS,MODALIDADE CORPORATIVO,ATIVO,10.0,9,2025-09,16761.397923507742,0.0,Manter Ativo
T52685,16394.085255407183,0.0,18,"Faixa 02 - De 7,5 M ate 15 M",EDUCACIONAL,MODALIDADE ASSINATURA COMPLEMENTAR,TROCADO,6.0,5,2025-09,17213.789518177542,0.0,Risco de Churn
T52694,266109.2160181622,70952.7046557497,116,"Faixa 01 - De 4,5 M ate 7,5 M",EDUCACIONAL,MODALIDADE ASSINATURA COMPLEMENTAR,ATIVO,8.0,8,2025-09,279414.6768190703,72371.75874886468,Manter Ativo
T52926,3845784.231812395,341151.43312142463,640,Faixa 07 - De 75 M ate 150 M,EDUCACIONAL,MODALIDADE ASSINATURA COMPLEMENTAR,ATIVO,10.0,9,2025-09,4038073.443403015,347974.4617838531,Manter Ativo
T53023,115041.68454300592,0.0,32,Faixa 04 - De 25 M ate 35 M,MANUFATURA,MODALIDADE TRADICIONAL,CANCELADO,6.0,5,2025-09,120793.76877015622,0.0,Risco de Churn
T53095,223408.70295781211,0.0,72,Faixa 07 - De 75 M ate 150 M,SERVICOS,MODALIDADE TRADICIONAL,ATIVO,7.0,8,2025-09,234579.13810570273,0.0,Manter Ativo
T53161,4894008.213697626,64330.87260695006,828,Faixa 11 - Acima de 850 M,MANUFATURA,MODALIDADE ASSINATURA COMPLEMENTAR,ATIVO,0.0,8,2025-09,5138708.624382508,65617.49005908906,Manter Ativo
T53295,566473.5175563875,0.0,567,Faixa 11 - Acima de 850 M,AGROINDUSTRIA,MODALIDADE TRADICIONAL,CANCELADO,10.0,9,2025-09,594797.1934342069,0.0,Risco de Churn
T53335,108240.04931072274,10827.143951368904,76,Faixa 07 - De 75 M ate 150 M,SERVICOS,MODALIDADE CORPORATIVO,CANCELADO,7.0,8,2025-09,113652.05177625889,11043.686830396282,Risco de Churn
T53339,2279049.4617261393,288977.6115596147,316,Faixa 07 - De 75 M ate 150 M,DISTRIBUICAO,MODALIDADE TRADICIONAL,CANCELADO,6.0,8,2025-09,2393001.9348124466,294757.163790807,Risco de Churn
T53366,304022.72943194554,269276.73846774333,72,Faixa 10 - De 500 M ate 850 M,MANUFATURA,MODALIDADE TRADICIONAL,ATIVO,10.0,9,2025-09,319223.86590354284,274662.2732370982,Manter Ativo
T53401,443029.3941185392,0.0,70,Faixa 10 - De 500 M ate 850 M,MANUFATURA,MODALIDADE TRADICIONAL,CANCELADO,8.0,8,2025-09,465180.8638244661,0.0,Risco de Churn
T53407,337149.21377215674,193046.52808773582,51,Faixa 09 - De 300 M ate 500 M,MANUFATURA,MODALIDADE TRADICIONAL,ATIVO,0.0,9,2025-09,354006.67446076457,196907.45864949052,Manter Ativo
T53501,1618.4850866491122,0.0,11,Sem Informações de Faturamento,SERVICOS,MODALIDADE TRADICIONAL,ATIVO,0.0,9,2025-09,1699.4093409815678,0.0,Manter Ativo
T53516,9458.679077819459,0.0,9,Sem Informações de Faturamento,SERVICOS,MODALIDADE SERVICOS NÃO RECORRENTES,ATIVO,0.0,9,2025-09,9931.613031710433,0.0,Manter Ativo
T53544,22683.07269324462,354.53651498088004,120,Faixa 09 - De 300 M ate 500 M,SAUDE,MODALIDADE ASSINATURA COMPLEMENTAR,ATIVO,0.0,9,2025-09,23817.22632790685,361.6272452804977,Manter Ativo
T53560,427626.565818915,0.0,60,Faixa 09 - De 300 M ate 500 M,DISTRIBUICAO,MODALIDADE CORPORATIVO,ATIVO,6.0,9,2025-09,449007.8941098608,0.0,Manter Ativo
T53570,346244.7342235339,0.0,44,Faixa 08 - De 150 M ate 300 M,SERVICOS,MODALIDADE TRADICIONAL,CANCELADO,10.0,9,2025-09,363556.9709347106,0.0,Risco de Churn
T53615,2644364.7762986566,85874.01052087992,312,Faixa 10 - De 500 M ate 850 M,MANUFATURA,MODALIDADE SERVICOS NÃO RECORRENTES,ATIVO,10.0,9,2025-09,2776583.0151135894,87591.49073129753,Manter Ativo
T53658,5687408.570977463,267625.6650787773,440,Faixa 08 - De 150 M ate 300 M,MANUFATURA,MODALIDADE ASSINATURA COMPLEMENTAR,ATIVO,8.0,8,2025-09,5971778.999526337,272978.17838035285,Manter Ativo
T53698,112113.47087795209,104981.75296899729,60,"Faixa 02 - De 7,5 M ate 15 M",MANUFATURA,MODALIDADE TRADICIONAL,ATIVO,8.0,9,2025-09,117719.14442184969,107081.38802837723,Manter Ativo
T53699,484637.6819768431,0.0,111,Faixa 07 - De 75 M ate 150 M,MANUFATURA,MODALIDADE TRADICIONAL,CANCELADO,7.0,9,2025-09,508869.56607568526,0.0,Risco de Churn
T53733,922964.2839157489,665055.6165423366,495,Faixa 07 - De 75 M ate 150 M,MANUFATURA,MODALIDADE TRADICIONAL,ATIVO,8.0,8,2025-09,969112.4981115364,678356.7288731834,Manter Ativo
T53751,140977.14715837417,0.0,54,Faixa 06 - De 50 M ate 75 M,MANUFATURA,MODALIDADE SERVICOS NÃO RECORRENTES,ATIVO,9.0,9,2025-09,148026.0045162929,0.0,Manter Ativo
T53755,279942.450092326,0.0,68,Faixa 08 - De 150 M ate 300 M,MANUFATURA,MODALIDADE TRADICIONAL,ATIVO,6.0,5,2025-09,293939.5725969423,0.0,Manter Ativo
T53763,1725823.0596342494,100.55626824064089,1288,Faixa 08 - De 150 M ate 300 M,MANUFATURA,MODALIDADE ASSINATURA COMPLEMENTAR,ATIVO,0.0,9,2025-09,1812114.212615962,102.5673936054537,Manter Ativo
T53780,112289.6545402415,2223.167930450684,52,"Faixa 00 - Ate 4,5 M",LOGISTICA,MODALIDADE TRADICIONAL,ATIVO,6.0,5,2025-09,117904.13726725358,2267.6312890596973,Manter Ativo
T54038,729569.9370771073,0.0,108,Faixa 11 - Acima de 850 M,MANUFATURA,MODALIDADE TRADICIONAL,ATIVO,0.0,8,2025-09,766048.4339309627,0.0,Manter Ativo
T54102,5913791.351684209,4655837.2788374815,256,"Faixa 02 - De 7,5 M ate 15 M",SERVICOS,MODALIDADE TRADICIONAL,CANCELADO,0.0,9,2025-09,6209480.91926842,4748954.024414231,Risco de Churn
T54131,73129.10887683963,12270.853667946754,57,Faixa 05 - De 35 M ate 50 M,MANUFATURA,MODALIDADE CORPORATIVO,ATIVO,9.0,9,2025-09,76785.56432068162,12516.270741305689,Manter Ativo
T54151,96432.69614073333,0.0,42,"Faixa 01 - De 4,5 M ate 7,5 M",MANUFATURA,MODALIDADE TRADICIONAL,TROCADO,0.0,9,2025-09,101254.33094777,0.0,Risco de Churn
T54187,107876.64265669559,0.0,102,Faixa 06 - De 50 M ate 75 M,DISTRIBUICAO,MODALIDADE ASSINATURA COMPLEMENTAR,ATIVO,10.0,9,2025-09,113270.47478953037,0.0,Manter Ativo
T54216,39897.3389288477,0.0,20,"Faixa 00 - Ate 4,5 M",SERVICOS,MODALIDADE SERVICOS NÃO RECORRENTES,ATIVO,10.0,9,2025-09,41892.205875290085,0.0,Manter Ativo
T54237,32831.74769629026,0.0,40,Faixa 03 - De 15 M ate 25 M,CONSTRUCAO E PROJETOS,MODALIDADE CORPORATIVO,ATIVO,10.0,9,2025-09,34473.33508110477,0.0,Manter Ativo
T54271,334934.5670605909,13589.305250390064,156,Faixa 08 - De 150 M ate 300 M,MANUFATURA,MODALIDADE CORPORATIVO,ATIVO,10.0,9,2025-09,351681.2954136205,13861.091355397864,Manter Ativo
T54280,23740.99021531105,0.0,40,"Faixa 02 - De 7,5 M ate 15 M",DISTRIBUICAO,MODALIDADE CORPORATIVO,CANCELADO,9.0,9,2025-09,24928.039726076604,0.0,Risco de Churn
T54282,21949.600475119434,0.0,21,"Faixa 02 - De 7,5 M ate 15 M",MANUFATURA,MODALIDADE CORPORATIVO,ATIVO,8.0,8,2025-09,23047.080498875406,0.0,Manter Ativo
T54284,77361.06482740663,0.0,100,Faixa 03 - De 15 M ate 25 M,MANUFATURA,MODALIDADE CORPORATIVO,ATIVO,9.0,9,2025-09,81229.11806877697,0.0,Manter Ativo
T54306,1042897.8795697985,307471.5572011563,140,"Faixa 02 - De 7,5 M ate 15 M",MANUFATURA,MODALIDADE TRADICIONAL,ATIVO,5.0,5,2025-09,1095042.7735482885,313620.9883451794,Manter Ativo
T54318,179458.76144914253,0.0,120,Faixa 05 - De 35 M ate 50 M,MANUFATURA,MODALIDADE TRADICIONAL,ATIVO,9.0,9,2025-09,188431.69952159966,0.0,Manter Ativo
T54522,17335.867013827494,646.1328774492663,174,Sem Informações de Faturamento,HOSPITALITY,MODALIDADE ASSINATURA COMPLEMENTAR,CANCELADO,0.0,8,2025-09,18202.66036451887,659.0555349982516,Risco de Churn
T54544,392345.90725537436,30498.817049963192,532,Faixa 08 - De 150 M ate 300 M,DISTRIBUICAO,MODALIDADE ASSINATURA COMPLEMENTAR,ATIVO,10.0,9,2025-09,411963.2026181431,31108.793390962455,Manter Ativo
T54615,8001.285805509032,2667.095268503012,34,Faixa 05 - De 35 M ate 50 M,CONSTRUCAO E PROJETOS,MODALIDADE TRADICIONAL,CANCELADO,0.0,9,2025-09,8401.350095784484,2720.4371738730724,Risco de Churn
T54623,113384.33899884799,239.61986997142648,150,Faixa 08 - De 150 M ate 300 M,VAREJO,MODALIDADE TRADICIONAL,CANCELADO,0.0,9,2025-09,119053.5559487904,244.412267370855,Risco de Churn
T54649,133694.22490761027,53844.880088702244,68,"Faixa 01 - De 4,5 M ate 7,5 M",LOGISTICA,MODALIDADE TRADICIONAL,ATIVO,8.0,9,2025-09,140378.9361529908,54921.77769047629,Manter Ativo
T54744,50721.01049403079,107878.04254119926,66,Faixa 04 - De 25 M ate 35 M,SERVICOS,MODALIDADE TRADICIONAL,CANCELADO,0.0,9,2025-09,53257.061018732325,110035.60339202324,Risco de Churn
T54815,589844.6145657515,204950.1537953079,60,Faixa 07 - De 75 M ate 150 M,LOGISTICA,MODALIDADE ASSINATURA COMPLEMENTAR,ATIVO,9.0,9,2025-09,619336.8452940391,209049.15687121407,Manter Ativo
T55024,42794.8097849701,0.0,27,"Faixa 02 - De 7,5 M ate 15 M",MANUFATURA,MODALIDADE CORPORATIVO,ATIVO,8.0,8,2025-09,44934.55027421861,0.0,Manter Ativo
T55031,90345.2668482584,0.0,40,Faixa 06 - De 50 M ate 75 M,SERVICOS,MODALIDADE TRADICIONAL,CANCELADO,9.0,9,2025-09,94862.53019067133,0.0,Risco de Churn
T55103,13709.53557111255,0.0,13,Faixa 07 - De 75 M ate 150 M,MANUFATURA,MODALIDADE ASSINATURA (INTERA),ATIVO,9.0,8,2025-09,14395.012349668179,0.0,Manter Ativo
T55117,550450.9313804407,0.0,76,Faixa 11 - Acima de 850 M,AGROINDUSTRIA,MODALIDADE TRADICIONAL,CANCELADO,0.0,9,2025-09,577973.4779494628,0.0,Risco de Churn
T55216,10255424.393960662,1215109.5860792394,880,Faixa 10 - De 500 M ate 850 M,SERVICOS,MODALIDADE TRADICIONAL,CANCELADO,8.0,8,2025-09,10768195.613658696,1239411.7778008243,Risco de Churn
T55270,16861.57101014934,0.0,6,Sem Informações de Faturamento,MANUFATURA,MODALIDADE TRADICIONAL,CANCELADO,0.0,9,2025-09,17704.649560656806,0.0,Risco de Churn
T55295,663970.7438868273,31818.49195490051,198,Faixa 05 - De 35 M ate 50 M,DISTRIBUICAO,MODALIDADE TRADICIONAL,ATIVO,8.0,9,2025-09,697169.2810811687,32454.86179399852,Manter Ativo
T55328,14673246.427795632,41832.58466816957,1926,Faixa 11 - Acima de 850 M,DISTRIBUICAO,MODALIDADE ASSINATURA COMPLEMENTAR,ATIVO,10.0,9,2025-09,15406908.749185413,42669.23636153296,Manter Ativo
T55539,5497.80466576546,0.0,10,"Faixa 00 - Ate 4,5 M",JURIDICO,MODALIDADE ASSINATURA COMPLEMENTAR,ATIVO,9.0,9,2025-09,5772.694899053734,0.0,Manter Ativo
T55554,278723.66776421847,0.0,438,Faixa 07 - De 75 M ate 150 M,EDUCACIONAL,MODALIDADE TRADICIONAL,ATIVO,10.0,9,2025-09,292659.8511524294,0.0,Manter Ativo
T55602,1541738.6509920352,126782.21740013239,104,"Faixa 00 - Ate 4,5 M",CONSTRUCAO E PROJETOS,MODALIDADE ASSINATURA COMPLEMENTAR,CANCELADO,0.0,8,2025-09,1618825.583541637,129317.86174813504,Risco de Churn
T55622,18565252.643092915,308212.78553612536,1659,Faixa 04 - De 25 M ate 35 M,SAUDE,MODALIDADE TRADICIONAL,CANCELADO,7.0,8,2025-09,19493515.275247563,314377.0412468479,Risco de Churn
T55699,41090.62065816121,0.0,27,Faixa 03 - De 15 M ate 25 M,MANUFATURA,MODALIDADE CORPORATIVO,ATIVO,10.0,9,2025-09,43145.15169106927,0.0,Manter Ativo
T55737,1355669.4667629881,0.0,99,Faixa 08 - De 150 M ate 300 M,LOGISTICA,MODALIDADE ASSINATURA COMPLEMENTAR,CANCELADO,8.0,8,2025-09,1423452.9401011376,0.0,Risco de Churn
T55970,2322449.78671867,0.0,282,Faixa 10 - De 500 M ate 850 M,MANUFATURA,MODALIDADE TRADICIONAL,ATIVO,0.0,9,2025-09,2438572.2760546035,0.0,Manter Ativo
T56018,81652.9930071842,2856.9078363793233,136,Faixa 04 - De 25 M ate 35 M,CONSTRUCAO E PROJETOS,MODALIDADE TRADICIONAL,ATIVO,7.0,8,2025-09,85735.6426575434,2914.04599310691,Manter Ativo
T56033,954355.4621769168,255946.57580094048,48,"Faixa 01 - De 4,5 M ate 7,5 M",JURIDICO,MODALIDADE CORPORATIVO,ATIVO,9.0,9,2025-09,1002073.2352857627,261065.5073169593,Manter Ativo
T56137,135813.38940677833,5.67520744669146,216,Faixa 04 - De 25 M ate 35 M,MANUFATURA,MODALIDADE TRADICIONAL,ATIVO,7.0,8,2025-09,142604.05887711726,5.78871159562529,Manter Ativo
T56291,1983677.3290933226,84563.36550156883,210,Faixa 06 - De 50 M ate 75 M,SAUDE,MODALIDADE TRADICIONAL,ATIVO,0.0,9,2025-09,2082861.1955479889,86254.63281160021,Manter Ativo
T56307,7316.477440274916,742.3171340272704,36,Faixa 07 - De 75 M ate 150 M,MANUFATURA,MODALIDADE TRADICIONAL,CANCELADO,10.0,9,2025-09,7682.301312288662,757.1634767078158,Risco de Churn
T56348,944429.4318677916,9454.328085443669,315,Faixa 09 - De 300 M ate 500 M,EDUCACIONAL,MODALIDADE ASSINATURA COMPLEMENTAR,ATIVO,6.0,5,2025-09,991650.9034611812,9643.414647152542,Manter Ativo
T56361,474060.7221890109,0.0,156,Faixa 08 - De 150 M ate 300 M,EDUCACIONAL,MODALIDADE ASSINATURA COMPLEMENTAR,ATIVO,10.0,9,2025-09,497763.75829846144,0.0,Manter Ativo
T56396,1921238.789249683,24929.14323863572,392,Sem Informações de Faturamento,MANUFATURA,MODALIDADE TRADICIONAL,ATIVO,0.0,9,2025-09,2017300.7287121674,25427.726103408433,Manter Ativo
T56447,15686.77784553996,0.0,4,"Faixa 00 - Ate 4,5 M",AGROINDUSTRIA,MODALIDADE TRADICIONAL,ATIVO,9.0,9,2025-09,16471.11673781696,0.0,Manter Ativo
T56590,141576.9535276289,0.0,294,"Faixa 00 - Ate 4,5 M",LOGISTICA,MODALIDADE TRADICIONAL,CANCELADO,3.0,8,2025-09,148655.80120401035,0.0,Risco de Churn
T57062,812980.5081996741,0.0,230,Faixa 04 - De 25 M ate 35 M,SERVICOS,MODALIDADE SERVICOS NÃO RECORRENTES,ATIVO,0.0,9,2025-09,853629.5336096578,0.0,Manter Ativo
T57095,46341.49914984973,0.0,86,Faixa 03 - De 15 M ate 25 M,LOGISTICA,MODALIDADE TRADICIONAL,TROCADO,9.0,9,2025-09,48658.574107342225,0.0,Risco de Churn
T57154,1137703.2120771208,0.0,87,Faixa 07 - De 75 M ate 150 M,MANUFATURA,MODALIDADE SERVICOS RECORRENTES,ATIVO,10.0,9,2025-09,1194588.372680977,0.0,Manter Ativo
T57156,12977.3076947683,0.0,50,"Faixa 02 - De 7,5 M ate 15 M",MANUFATURA,MODALIDADE TRADICIONAL,ATIVO,10.0,9,2025-09,13626.173079506716,0.0,Manter Ativo
T57157,104015.20208296493,224.99044633106598,100,Faixa 05 - De 35 M ate 50 M,MANUFATURA,MODALIDADE TRADICIONAL,ATIVO,10.0,9,2025-09,109215.96218711318,229.4902552576873,Manter Ativo
T57160,540002.5465702054,0.0,60,Faixa 09 - De 300 M ate 500 M,DISTRIBUICAO,MODALIDADE TRADICIONAL,ATIVO,9.0,9,2025-09,567002.6738987156,0.0,Manter Ativo
T57161,1765.746210247336,174.33396504763252,26,"Faixa 02 - De 7,5 M ate 15 M",VAREJO,MODALIDADE TRADICIONAL,ATIVO,6.0,5,2025-09,1854.033520759703,177.82064434858518,Manter Ativo
T57165,94879.90473317291,0.0,50,Faixa 09 - De 300 M ate 500 M,SERVICOS,MODALIDADE TRADICIONAL,ATIVO,10.0,9,2025-09,99623.89996983156,0.0,Manter Ativo
T57177,2493092.2983691036,0.0,672,Faixa 05 - De 35 M ate 50 M,SERVICOS,MODALIDADE TRADICIONAL,ATIVO,9.0,9,2025-09,2617746.913287559,0.0,Manter Ativo
T57205,121966.07661428959,22276.408346901535,192,Faixa 05 - De 35 M ate 50 M,MANUFATURA,MODALIDADE TRADICIONAL,ATIVO,10.0,9,2025-09,128064.38044500408,22721.936513839566,Manter Ativo
T57320,71138.4773166955,6231.318922464311,104,Faixa 04 - De 25 M ate 35 M,MANUFATURA,MODALIDADE CORPORATIVO,CANCELADO,7.0,8,2025-09,74695.40118253027,6355.945300913598,Risco de Churn
T57338,84237.69267127613,7191.917146463449,30,Sem Informações de Faturamento,SERVICOS,MODALIDADE ASSINATURA COMPLEMENTAR,TROCADO,0.0,9,2025-09,88449.57730483994,7335.755489392718,Risco de Churn
T57362,316626.61268057796,1566609.638067841,657,"Faixa 02 - De 7,5 M ate 15 M",CONSTRUCAO E PROJETOS,MODALIDADE ASSINATURA COMPLEMENTAR,ATIVO,7.0,8,2025-09,332457.94331460685,1597941.830829198,Manter Ativo
T57392,263456.38443770865,26379.776708298527,210,Faixa 06 - De 50 M ate 75 M,CONSTRUCAO E PROJETOS,MODALIDADE CORPORATIVO,ATIVO,10.0,9,2025-09,276629.2036595941,26907.3722424645,Manter Ativo
T57397,3315410.11608052,0.0,60,Faixa 07 - De 75 M ate 150 M,MANUFATURA,MODALIDADE TRADICIONAL,ATIVO,0.0,9,2025-09,3481180.6218845462,0.0,Manter Ativo
T57410,560897.3235622827,136525.13609002612,148,"Faixa 01 - De 4,5 M ate 7,5 M",VAREJO,MODALIDADE TRADICIONAL,ATIVO,8.0,8,2025-09,588942.1897403969,139255.63881182665,Manter Ativo
T57422,100723.41781344681,0.0,14,Faixa 06 - De 50 M ate 75 M,MANUFATURA,MODALIDADE TRADICIONAL,GRATUITO,9.0,9,2025-09,105759.58870411916,0.0,Risco de Churn
T57546,45771.30054803713,0.0,52,Faixa 03 - De 15 M ate 25 M,MANUFATURA,MODALIDADE CORPORATIVO,ATIVO,7.0,8,2025-09,48059.865575438984,0.0,Manter Ativo
T57702,379786.3957212596,81330.935494228,220,Faixa 07 - De 75 M ate 150 M,VAREJO,MODALIDADE CORPORATIVO,CANCELADO,10.0,9,2025-09,398775.7155073226,82957.55420411256,Risco de Churn
T57767,67069.11816140491,0.0,26,Faixa 07 - De 75 M ate 150 M,CONSTRUCAO E PROJETOS,MODALIDADE CORPORATIVO,ATIVO,10.0,9,2025-09,70422.57406947516,0.0,Manter Ativo
T57883,207650.64450674193,868337.2089020289,128,Faixa 07 - De 75 M ate 150 M,JURIDICO,MODALIDADE TRADICIONAL,CANCELADO,0.0,8,2025-09,218033.17673207904,885703.9530800694,Risco de Churn
T57886,2016466.634645627,0.0,372,Faixa 05 - De 35 M ate 50 M,MANUFATURA,MODALIDADE TRADICIONAL,ATIVO,8.0,8,2025-09,2117289.9663779084,0.0,Manter Ativo
T57936,1291870.8277219618,521495.5689708238,288,"Faixa 02 - De 7,5 M ate 15 M",VAREJO,MODALIDADE TRADICIONAL,ATIVO,0.0,8,2025-09,1356464.36910806,531925.4803502403,Manter Ativo
T58044,4546738.604270933,47.82308141745468,288,Faixa 11 - Acima de 850 M,CONSTRUCAO E PROJETOS,MODALIDADE SERVICOS NÃO RECORRENTES,ATIVO,8.0,8,2025-09,4774075.5344844805,48.77954304580378,Manter Ativo
T58122,1296692.4293185256,1134059.2538604634,472,"Faixa 00 - Ate 4,5 M",VAREJO,MODALIDADE TRADICIONAL,ATIVO,8.0,8,2025-09,1361527.050784452,1156740.4389376726,Manter Ativo
T58228,1151376.4010974336,0.0,64,Faixa 10 - De 500 M ate 850 M,MANUFATURA,MODALIDADE TRADICIONAL,ATIVO,9.0,9,2025-09,1208945.2211523054,0.0,Manter Ativo
T58232,33575.78841183837,0.0,40,"Faixa 02 - De 7,5 M ate 15 M",SERVICOS,MODALIDADE CORPORATIVO,ATIVO,9.0,9,2025-09,35254.577832430296,0.0,Manter Ativo
T58234,220420.05884309424,0.0,148,Faixa 04 - De 25 M ate 35 M,EDUCACIONAL,MODALIDADE ASSINATURA COMPLEMENTAR,ATIVO,9.0,9,2025-09,231441.06178524895,0.0,Manter Ativo
T58381,7177.24568424939,0.0,60,Faixa 09 - De 300 M ate 500 M,MANUFATURA,MODALIDADE TRADICIONAL,ATIVO,9.0,9,2025-09,7536.10796846186,0.0,Manter Ativo
T58447,128080.04906218612,0.0,52,Faixa 03 - De 15 M ate 25 M,VAREJO,MODALIDADE TRADICIONAL,ATIVO,8.0,8,2025-09,134484.05151529543,0.0,Manter Ativo
T58470,144753.77490970682,92024.47245072955,28,Faixa 03 - De 15 M ate 25 M,SAUDE,MODALIDADE TRADICIONAL,ATIVO,10.0,9,2025-09,151991.46365519217,93864.96189974414,Manter Ativo
T58706,503919.36743127316,42059.592966037206,322,Faixa 08 - De 150 M ate 300 M,EDUCACIONAL,MODALIDADE TRADICIONAL,CANCELADO,9.0,9,2025-09,529115.3358028368,42900.78482535795,Risco de Churn
T58720,279201.8565398196,17661.23296253238,117,Faixa 06 - De 50 M ate 75 M,SERVICOS,MODALIDADE CORPORATIVO,ATIVO,10.0,9,2025-09,293161.9493668106,18014.45762178303,Manter Ativo
T59082,1655654.3743776176,9474.31742722812,510,Faixa 08 - De 150 M ate 300 M,SERVICOS,MODALIDADE ASSINATURA COMPLEMENTAR,ATIVO,9.0,9,2025-09,1738437.0930964986,9663.803775772682,Manter Ativo
T59162,91439.110535391,1462711.9085751702,70,Faixa 08 - De 150 M ate 300 M,VAREJO,MODALIDADE CORPORATIVO,CANCELADO,8.0,9,2025-09,96011.06606216055,1491966.1467466736,Risco de Churn
T59274,145800.1486394413,0.0,111,Faixa 04 - De 25 M ate 35 M,CONSTRUCAO E PROJETOS,MODALIDADE TRADICIONAL,GRATUITO,9.0,9,2025-09,153090.15607141337,0.0,Risco de Churn
T59297,1955209.311460653,87178.75752830379,1869,Faixa 07 - De 75 M ate 150 M,MANUFATURA,MODALIDADE TRADICIONAL,ATIVO,8.0,9,2025-09,2052969.777033686,88922.33267886986,Manter Ativo
T59649,6605.983506522788,95.17533080970351,25,Sem Informações de Faturamento,SERVICOS,MODALIDADE ASSINATURA COMPLEMENTAR,ATIVO,0.0,8,2025-09,6936.2826818489275,97.07883742589758,Manter Ativo
T59746,194283.26088680382,37499.93792592616,395,Faixa 05 - De 35 M ate 50 M,MANUFATURA,MODALIDADE TRADICIONAL,ATIVO,0.0,9,2025-09,203997.42393114403,38249.936684444685,Manter Ativo
T59901,2182.0710208219034,0.0,46,Faixa 06 - De 50 M ate 75 M,SERVICOS,MODALIDADE TRADICIONAL,CANCELADO,0.0,9,2025-09,2291.1745718629986,0.0,Risco de Churn
T59920,13405.3696751141,15071.459242597524,18,"Faixa 00 - Ate 4,5 M",JURIDICO,MODALIDADE SERVICOS NÃO RECORRENTES,CANCELADO,8.0,8,2025-09,14075.638158869806,15372.888427449476,Risco de Churn
T60085,197867.0997392441,0.0,56,Faixa 07 - De 75 M ate 150 M,MANUFATURA,MODALIDADE CORPORATIVO,ATIVO,9.0,9,2025-09,207760.4547262063,0.0,Manter Ativo
T60161,1776831.983911697,4623234.31767073,244,Faixa 06 - De 50 M ate 75 M,MANUFATURA,MODALIDADE TRADICIONAL,ATIVO,9.0,9,2025-09,1865673.583107282,4715699.004024144,Manter Ativo
T60204,9791.174768620336,0.0,26,"Faixa 00 - Ate 4,5 M",MANUFATURA,MODALIDADE TRADICIONAL,GRATUITO,10.0,9,2025-09,10280.733507051353,0.0,Risco de Churn
T60309,687455.9882353045,138268.49255593214,95,Faixa 08 - De 150 M ate 300 M,SAUDE,MODALIDADE TRADICIONAL,CANCELADO,9.0,9,2025-09,721828.7876470698,141033.8624070508,Risco de Churn
T60311,9890033.056831496,5209084.666585352,1300,Faixa 08 - De 150 M ate 300 M,SAUDE,MODALIDADE TRADICIONAL,ATIVO,0.0,9,2025-09,10384534.709673071,5313266.35991706,Manter Ativo
T60327,2948925.5406196946,0.0,152,Faixa 11 - Acima de 850 M,MANUFATURA,MODALIDADE TRADICIONAL,ATIVO,0.0,5,2025-09,3096371.8176506795,0.0,Manter Ativo
T60330,36283.62746595121,26840.5867375404,48,"Faixa 00 - Ate 4,5 M",CONSTRUCAO E PROJETOS,MODALIDADE ASSINATURA (INTERA),ATIVO,0.0,8,2025-09,38097.80883924878,27377.39847229121,Manter Ativo
T60392,290116.301997148,0.0,72,"Faixa 01 - De 4,5 M ate 7,5 M",SAUDE,MODALIDADE ASSINATURA COMPLEMENTAR,CANCELADO,5.0,5,2025-09,304622.1170970054,0.0,Risco de Churn
T60409,46681.02789402718,0.0,29,Faixa 08 - De 150 M ate 300 M,SAUDE,MODALIDADE TRADICIONAL,CANCELADO,10.0,9,2025-09,49015.07928872854,0.0,Risco de Churn
T60449,1234868.3883256407,0.0,180,Faixa 07 - De 75 M ate 150 M,SAUDE,MODALIDADE TRADICIONAL,ATIVO,9.0,8,2025-09,1296611.8077419228,0.0,Manter Ativo
T60458,6705309.583166425,519130.69741621555,1248,Faixa 07 - De 75 M ate 150 M,SAUDE,MODALIDADE ASSINATURA COMPLEMENTAR,ATIVO,6.0,5,2025-09,7040575.0623247465,529513.3113645399,Manter Ativo
T60480,191778.5017744208,31862.6324572637,20,"Faixa 01 - De 4,5 M ate 7,5 M",SAUDE,MODALIDADE TRADICIONAL,CANCELADO,0.0,8,2025-09,201367.42686314182,32499.885106408972,Risco de Churn
T60481,91987.79799905191,0.0,30,Faixa 08 - De 150 M ate 300 M,SAUDE,MODALIDADE TRADICIONAL,CANCELADO,9.0,9,2025-09,96587.18789900451,0.0,Risco de Churn
T60502,218314.19534863805,1825.4199655849575,50,"Faixa 01 - De 4,5 M ate 7,5 M",SAUDE,MODALIDADE ASSINATURA COMPLEMENTAR,ATIVO,7.0,8,2025-09,229229.90511606997,1861.9283648966566,Manter Ativo
T60517,3152734.792748492,32259.05620705851,735,Faixa 09 - De 300 M ate 500 M,SAUDE,MODALIDADE TRADICIONAL,CANCELADO,10.0,9,2025-09,3310371.532385917,32904.237331199685,Risco de Churn
T60518,64817.03189612028,53411.18493948356,28,Faixa 06 - De 50 M ate 75 M,SAUDE,MODALIDADE TRADICIONAL,ATIVO,9.0,9,2025-09,68057.8834909263,54479.40863827323,Manter Ativo
T60571,446329.4011330696,0.0,165,Faixa 06 - De 50 M ate 75 M,MANUFATURA,MODALIDADE TRADICIONAL,ATIVO,10.0,9,2025-09,468645.8711897231,0.0,Manter Ativo
T60579,13322.612538969219,3037.45510261674,52,"Faixa 02 - De 7,5 M ate 15 M",LOGISTICA,MODALIDADE ASSINATURA COMPLEMENTAR,TROCADO,0.0,8,2025-09,13988.74316591768,3098.204204669075,Risco de Churn
T60617,15993775.644831156,3017644.912417877,1242,Faixa 05 - De 35 M ate 50 M,SAUDE,MODALIDADE ASSINATURA COMPLEMENTAR,ATIVO,10.0,9,2025-09,16793464.427072715,3077997.8106662347,Manter Ativo
T60625,891403.9928803878,0.0,200,Faixa 07 - De 75 M ate 150 M,MANUFATURA,MODALIDADE TRADICIONAL,ATIVO,7.0,8,2025-09,935974.1925244073,0.0,Manter Ativo
T60696,405298.2818720935,0.0,60,Faixa 06 - De 50 M ate 75 M,MANUFATURA,MODALIDADE TRADICIONAL,ATIVO,8.0,8,2025-09,425563.1959656982,0.0,Manter Ativo
T60726,14075.3972778426,0.0,10,Faixa 03 - De 15 M ate 25 M,MANUFATURA,MODALIDADE CORPORATIVO,ATIVO,10.0,9,2025-09,14779.16714173473,0.0,Manter Ativo
T60795,2014958.055206005,82263.09882699049,418,Faixa 05 - De 35 M ate 50 M,SAUDE,MODALIDADE TRADICIONAL,ATIVO,9.0,9,2025-09,2115705.9579663053,83908.3608035303,Manter Ativo
T60887,29884.1794719144,8883.894067618532,42,Faixa 05 - De 35 M ate 50 M,MANUFATURA,MODALIDADE TRADICIONAL,ATIVO,10.0,8,2025-09,31378.38844551012,9061.571948970903,Manter Ativo
T60994,540089.3141862813,162868.67975167063,150,Faixa 08 - De 150 M ate 300 M,MANUFATURA,MODALIDADE ASSINATURA (INTERA),ATIVO,8.0,8,2025-09,567093.7798955954,166126.05334670405,Manter Ativo
T61024,909531.3201208744,0.0,390,Faixa 09 - De 300 M ate 500 M,DISTRIBUICAO,MODALIDADE TRADICIONAL,ATIVO,8.0,9,2025-09,955007.8861269183,0.0,Manter Ativo
T61052,10995.138499505712,136.9448576173544,32,"Faixa 00 - Ate 4,5 M",MANUFATURA,MODALIDADE TRADICIONAL,ATIVO,10.0,9,2025-09,11544.895424481,139.68375476970147,Manter Ativo
T61135,13335.434303941372,201.2806907759984,14,Faixa 03 - De 15 M ate 25 M,MANUFATURA,MODALIDADE TRADICIONAL,ATIVO,0.0,9,2025-09,14002.206019138443,205.30630459151837,Manter Ativo
T61210,59120.0232451186,0.0,20,Faixa 03 - De 15 M ate 25 M,MANUFATURA,MODALIDADE TRADICIONAL,ATIVO,8.0,9,2025-09,62076.024407374534,0.0,Manter Ativo
T61211,41082.63753301947,0.0,18,Faixa 03 - De 15 M ate 25 M,MANUFATURA,MODALIDADE CORPORATIVO,ATIVO,9.0,9,2025-09,43136.76940967044,0.0,Manter Ativo
T61371,561591.7923917489,0.0,96,Faixa 09 - De 300 M ate 500 M,MANUFATURA,MODALIDADE TRADICIONAL,ATIVO,9.0,9,2025-09,589671.3820113364,0.0,Manter Ativo
T61384,6258036.437073546,851.9705496120896,392,Faixa 05 - De 35 M ate 50 M,VAREJO,MODALIDADE TRADICIONAL,ATIVO,8.0,8,2025-09,6570938.258927224,869.0099606043314,Manter Ativo
T61402,633074.9145470381,11471.4103161468,420,Faixa 03 - De 15 M ate 25 M,MANUFATURA,MODALIDADE TRADICIONAL,ATIVO,10.0,9,2025-09,664728.6602743901,11700.838522469736,Manter Ativo
T61412,2449787.350492535,297241.2601034553,1100,Faixa 05 - De 35 M ate 50 M,LOGISTICA,MODALIDADE ASSINATURA COMPLEMENTAR,ATIVO,7.0,9,2025-09,2572276.718017162,303186.0853055244,Manter Ativo
T61431,65035.03973536323,0.0,39,Sem Informações de Faturamento,MANUFATURA,MODALIDADE TRADICIONAL,ATIVO,10.0,9,2025-09,68286.7917221314,0.0,Manter Ativo
T61500,3360603.499744622,0.0,561,Faixa 07 - De 75 M ate 150 M,VAREJO,MODALIDADE TRADICIONAL,ATIVO,10.0,9,2025-09,3528633.6747318534,0.0,Manter Ativo
T61523,106456.59224938427,76589.95127040916,70,Faixa 07 - De 75 M ate 150 M,MANUFATURA,MODALIDADE TRADICIONAL,CANCELADO,0.0,8,2025-09,111779.42186185348,78121.75029581734,Risco de Churn
T61539,188689.9277662101,17598.18771358569,45,Faixa 06 - De 50 M ate 75 M,MANUFATURA,MODALIDADE ASSINATURA COMPLEMENTAR,ATIVO,7.0,8,2025-09,198124.42415452062,17950.151467857402,Manter Ativo
T61585,176188.8120147929,265546.1093237295,125,"Faixa 02 - De 7,5 M ate 15 M",MANUFATURA,MODALIDADE TRADICIONAL,ATIVO,10.0,9,2025-09,184998.25261553255,270857.03151020413,Manter Ativo
T61653,86087.25959358239,6946.378245317988,36,"Faixa 02 - De 7,5 M ate 15 M",AGROINDUSTRIA,MODALIDADE CORPORATIVO,ATIVO,10.0,9,2025-09,90391.62257326151,7085.3058102243485,Manter Ativo
T61658,961861.3612263338,176353.13659544746,945,Faixa 06 - De 50 M ate 75 M,MANUFATURA,MODALIDADE ASSINATURA COMPLEMENTAR,ATIVO,10.0,9,2025-09,1009954.4292876505,179880.19932735641,Manter Ativo
T61662,362088.57658805384,69863.82152031113,150,Faixa 07 - De 75 M ate 150 M,LOGISTICA,MODALIDADE TRADICIONAL,CANCELADO,9.0,8,2025-09,380193.00541745656,71261.09795071736,Risco de Churn
T61788,2364545.9448360926,683579.0522433146,455,Faixa 03 - De 15 M ate 25 M,VAREJO,MODALIDADE TRADICIONAL,CANCELADO,8.0,8,2025-09,2482773.2420778973,697250.6332881809,Risco de Churn
T61860,343070.6957950335,0.0,412,Sem Informações de Faturamento,MANUFATURA,MODALIDADE TRADICIONAL,CANCELADO,9.0,9,2025-09,360224.23058478517,0.0,Risco de Churn
T61862,214767.3798680374,0.0,42,Faixa 07 - De 75 M ate 150 M,SERVICOS,MODALIDADE TRADICIONAL,CANCELADO,7.0,8,2025-09,225505.74886143926,0.0,Risco de Churn
T61925,9356312.83878906,57447.392475570494,950,Faixa 08 - De 150 M ate 300 M,MANUFATURA,MODALIDADE TRADICIONAL,ATIVO,0.0,9,2025-09,9824128.480728514,58596.3403250819,Manter Ativo
T61939,8233197.797899954,217261.50742513724,770,Faixa 09 - De 300 M ate 500 M,MANUFATURA,MODALIDADE TRADICIONAL,CANCELADO,0.0,8,2025-09,8644857.687794952,221606.73757363998,Risco de Churn
T61950,82857.03661135964,2846.6840552605404,38,Faixa 08 - De 150 M ate 300 M,MANUFATURA,MODALIDADE TRADICIONAL,ATIVO,0.0,9,2025-09,86999.88844192763,2903.617736365751,Manter Ativo
T62003,2676818.790595007,822650.8304766808,312,Faixa 08 - De 150 M ate 300 M,VAREJO,MODALIDADE TRADICIONAL,ATIVO,8.0,8,2025-09,2810659.7301247576,839103.8470862143,Manter Ativo
T62310,4998.38641045659,0.0,29,Faixa 03 - De 15 M ate 25 M,VAREJO,MODALIDADE ASSINATURA COMPLEMENTAR,ATIVO,8.0,8,2025-09,5248.305730979419,0.0,Manter Ativo
T62318,20305.068288218703,0.0,24,Faixa 03 - De 15 M ate 25 M,SERVICOS,MODALIDADE CORPORATIVO,ATIVO,10.0,9,2025-09,21320.32170262964,0.0,Manter Ativo
T62368,114124.82745492007,0.0,27,Faixa 07 - De 75 M ate 150 M,VAREJO,MODALIDADE CORPORATIVO,ATIVO,9.0,9,2025-09,119831.06882766608,0.0,Manter Ativo
T62369,69777.30613567938,1094.684458606305,21,Faixa 08 - De 150 M ate 300 M,SERVICOS,MODALIDADE ASSINATURA COMPLEMENTAR,ATIVO,0.0,8,2025-09,73266.17144246335,1116.5781477784312,Manter Ativo
T62472,19334964.70971339,1211480.3707903698,493,Faixa 11 - Acima de 850 M,SERVICOS,MODALIDADE TRADICIONAL,PENDENTE,10.0,9,2025-09,20301712.945199057,1235709.9782061772,Risco de Churn
T62508,100261.99822488627,55242.84763325983,150,"Faixa 01 - De 4,5 M ate 7,5 M",CONSTRUCAO E PROJETOS,MODALIDADE TRADICIONAL,ATIVO,10.0,8,2025-09,105275.09813613059,56347.70458592503,Manter Ativo
T73740,5319211.4953638045,0.0,816,Faixa 10 - De 500 M ate 850 M,MANUFATURA,MODALIDADE TRADICIONAL,ATIVO,8.0,8,2025-09,5585172.070131995,0.0,Manter Ativo
T73747,7459526.735991653,0.0,676,Faixa 11 - Acima de 850 M,MANUFATURA,MODALIDADE TRADICIONAL,CANCELADO,6.0,5,2025-09,7832503.072791236,0.0,Risco de Churn
T73755,3711193.9547068137,0.0,504,Faixa 11 - Acima de 850 M,MANUFATURA,MODALIDADE TRADICIONAL,CANCELADO,0.0,8,2025-09,3896753.6524421545,0.0,Risco de Churn
T73765,631209.0576774298,0.0,135,Faixa 07 - De 75 M ate 150 M,MANUFATURA,MODALIDADE TRADICIONAL,ATIVO,7.0,8,2025-09,662769.5105613013,0.0,Manter Ativo
T73768,72860.8355150484,0.0,30,Faixa 06 - De 50 M ate 75 M,MANUFATURA,MODALIDADE TRADICIONAL,CANCELADO,9.0,9,2025-09,76503.87729080082,0.0,Risco de Churn
T73774,68208.5022354042,17597.229234105816,54,Faixa 03 - De 15 M ate 25 M,MANUFATURA,MODALIDADE TRADICIONAL,ATIVO,8.0,8,2025-09,71618.92734717441,17949.173818787935,Manter Ativo
T73839,946749.1245672666,0.0,203,Faixa 08 - De 150 M ate 300 M,MANUFATURA,MODALIDADE ASSINATURA COMPLEMENTAR,ATIVO,9.0,9,2025-09,994086.5807956299,0.0,Manter Ativo
T73851,9263942.39308081,908191.340584849,1518,Faixa 11 - Acima de 850 M,MANUFATURA,MODALIDADE SERVICOS NÃO RECORRENTES,ATIVO,0.0,9,2025-09,9727139.51273485,926355.167396546,Manter Ativo
T73876,3344900.4277479197,100768.03755554925,300,Faixa 10 - De 500 M ate 850 M,MANUFATURA,MODALIDADE TRADICIONAL,PENDENTE,8.0,8,2025-09,3512145.4491353156,102783.39830666024,Risco de Churn
T74125,217.3898722098668,21.38922628797572,4,Sem Informações de Faturamento,SERVICOS,MODALIDADE ASSINATURA COMPLEMENTAR,ATIVO,0.0,9,2025-09,228.25936582036016,21.817010813735234,Manter Ativo
T74126,406699.03657408577,1.2023032072249,66,Sem Informações de Faturamento,MANUFATURA,MODALIDADE TRADICIONAL,TROCADO,0.0,9,2025-09,427033.9884027901,1.226349271369398,Risco de Churn
T74304,36273377.032376744,2279933.280699174,3283,"Faixa 00 - Ate 4,5 M",MANUFATURA,MODALIDADE ASSINATURA COMPLEMENTAR,ATIVO,8.0,8,2025-09,38087045.883995585,2325531.946313157,Manter Ativo
T74367,82042.37529588774,0.0,25,Faixa 06 - De 50 M ate 75 M,AGROINDUSTRIA,MODALIDADE TRADICIONAL,ATIVO,10.0,9,2025-09,86144.49406068213,0.0,Manter Ativo
T74369,264412.1692450216,0.0,93,Faixa 07 - De 75 M ate 150 M,MANUFATURA,MODALIDADE TRADICIONAL,ATIVO,0.0,8,2025-09,277632.7777072727,0.0,Manter Ativo
T74380,44323.092704075694,73.96687038854814,34,Faixa 07 - De 75 M ate 150 M,MANUFATURA,MODALIDADE TRADICIONAL,ATIVO,10.0,9,2025-09,46539.24733927948,75.44620779631911,Manter Ativo
T74414,110338.13987290581,0.0,90,Faixa 06 - De 50 M ate 75 M,MANUFATURA,MODALIDADE TRADICIONAL,ATIVO,10.0,9,2025-09,115855.04686655111,0.0,Manter Ativo
T74473,696972.5628367948,0.0,145,Faixa 08 - De 150 M ate 300 M,MANUFATURA,MODALIDADE TRADICIONAL,ATIVO,10.0,9,2025-09,731821.1909786345,0.0,Manter Ativo
T74511,2654798.060853227,0.0,572,Faixa 03 - De 15 M ate 25 M,LOGISTICA,MODALIDADE TRADICIONAL,ATIVO,10.0,9,2025-09,2787537.9638958885,0.0,Manter Ativo
T74551,2486954.1285181968,10390.522917422024,468,Faixa 06 - De 50 M ate 75 M,MANUFATURA,MODALIDADE TRADICIONAL,ATIVO,0.0,8,2025-09,2611301.8349441066,10598.333375770464,Manter Ativo
T74600,442287.32921595377,0.0,180,Faixa 05 - De 35 M ate 50 M,SERVICOS,MODALIDADE TRADICIONAL,CANCELADO,8.0,8,2025-09,464401.6956767515,0.0,Risco de Churn
T74657,707859.1787583475,0.0,207,Faixa 05 - De 35 M ate 50 M,MANUFATURA,MODALIDADE TRADICIONAL,ATIVO,0.0,8,2025-09,743252.1376962649,0.0,Manter Ativo
T74756,2868965.0794428354,303895.80236643465,645,Faixa 07 - De 75 M ate 150 M,MANUFATURA,MODALIDADE ASSINATURA COMPLEMENTAR,ATIVO,10.0,9,2025-09,3012413.3334149774,309973.71841376333,Manter Ativo
T74810,1065742.4140168307,114948.93063404015,336,Faixa 07 - De 75 M ate 150 M,MANUFATURA,MODALIDADE TRADICIONAL,GRATUITO,10.0,9,2025-09,1119029.5347176723,117247.90924672096,Risco de Churn
T74865,2403648.0400666534,1921527.5522122867,165,Faixa 05 - De 35 M ate 50 M,MANUFATURA,MODALIDADE TRADICIONAL,CANCELADO,9.0,9,2025-09,2523830.4420699864,1959958.1032565325,Risco de Churn
T74871,2164861.135005676,218668.92103720017,522,Faixa 09 - De 300 M ate 500 M,MANUFATURA,MODALIDADE TRADICIONAL,CANCELADO,7.0,8,2025-09,2273104.19175596,223042.29945794417,Risco de Churn
T75004,86348015.58820117,4175582.9126957413,3402,Faixa 08 - De 150 M ate 300 M,SERVICOS,MODALIDADE TRADICIONAL,CANCELADO,6.0,5,2025-09,90665416.36761123,4259094.570949656,Risco de Churn
T75007,1079.550572081795,27811.038803209998,25,Faixa 03 - De 15 M ate 25 M,MANUFATURA,MODALIDADE TRADICIONAL,ATIVO,10.0,9,2025-09,1133.528100685885,28367.2595792742,Manter Ativo
T75023,18927.13212401931,2182.53764898974,75,"Faixa 02 - De 7,5 M ate 15 M",MANUFATURA,MODALIDADE TRADICIONAL,CANCELADO,0.0,9,2025-09,19873.488730220277,2226.188401969535,Risco de Churn
T75062,71090386.9119879,13193633.612716915,9455,Faixa 10 - De 500 M ate 850 M,MANUFATURA,MODALIDADE TRADICIONAL,ATIVO,0.0,9,2025-09,74644906.2575873,13457506.284971254,Manter Ativo
T75243,189826.40697476818,0.0,42,Faixa 08 - De 150 M ate 300 M,DISTRIBUICAO,MODALIDADE TRADICIONAL,CANCELADO,0.0,9,2025-09,199317.7273235066,0.0,Risco de Churn
T75274,996847.161234086,0.0,264,Faixa 07 - De 75 M ate 150 M,MANUFATURA,MODALIDADE TRADICIONAL,ATIVO,8.0,8,2025-09,1046689.5192957903,0.0,Manter Ativo
T75282,2306323.0037339996,474590.27369393344,470,Faixa 06 - De 50 M ate 75 M,MANUFATURA,MODALIDADE ASSINATURA COMPLEMENTAR,ATIVO,9.0,9,2025-09,2421639.1539207,484082.07916781213,Manter Ativo
T75306,554250.2641654182,0.0,77,Faixa 03 - De 15 M ate 25 M,LOGISTICA,MODALIDADE TRADICIONAL,ATIVO,0.0,8,2025-09,581962.7773736891,0.0,Manter Ativo
T75322,226966.86464944886,89869.72650279933,128,"Faixa 02 - De 7,5 M ate 15 M",VAREJO,MODALIDADE TRADICIONAL,ATIVO,10.0,9,2025-09,238315.20788192132,91667.12103285531,Manter Ativo
T75330,4348460.690978127,2386395.2202551262,297,Faixa 03 - De 15 M ate 25 M,EDUCACIONAL,MODALIDADE TRADICIONAL,ATIVO,9.0,9,2025-09,4565883.725527033,2434123.124660229,Manter Ativo
T75337,55285.39907753798,0.0,26,Sem Informações de Faturamento,VAREJO,MODALIDADE TRADICIONAL,ATIVO,0.0,9,2025-09,58049.66903141488,0.0,Manter Ativo
T75344,923368.8631488386,521749.1876858309,132,Faixa 03 - De 15 M ate 25 M,LOGISTICA,MODALIDADE SERVICOS RECORRENTES,ATIVO,6.0,5,2025-09,969537.3063062807,532184.1714395476,Manter Ativo
T75385,2593525.166580566,264381.8930642577,1066,Faixa 04 - De 25 M ate 35 M,MANUFATURA,MODALIDADE TRADICIONAL,ATIVO,10.0,9,2025-09,2723201.4249095945,269669.5309255429,Manter Ativo
T75419,721050.8705673065,0.0,100,Faixa 10 - De 500 M ate 850 M,MANUFATURA,MODALIDADE ASSINATURA COMPLEMENTAR,GRATUITO,7.0,8,2025-09,757103.4140956718,0.0,Risco de Churn
T75437,56622.528398267044,26982.30717712776,24,"Faixa 02 - De 7,5 M ate 15 M",MANUFATURA,MODALIDADE TRADICIONAL,ATIVO,8.0,8,2025-09,59453.654818180396,27521.953320670316,Manter Ativo
T75488,359904.88287828804,4321.355181353112,63,Faixa 05 - De 35 M ate 50 M,MANUFATURA,MODALIDADE TRADICIONAL,ATIVO,8.0,8,2025-09,377900.1270222025,4407.782284980174,Manter Ativo
T75515,50724.94110066959,37879.48739224617,132,Faixa 03 - De 15 M ate 25 M,MANUFATURA,MODALIDADE TRADICIONAL,ATIVO,8.0,8,2025-09,53261.18815570307,38637.077140091096,Manter Ativo
T75558,1088315.236346744,150270.5389722018,180,"Faixa 02 - De 7,5 M ate 15 M",MANUFATURA,MODALIDADE TRADICIONAL,ATIVO,10.0,9,2025-09,1142730.9981640812,153275.94975164582,Manter Ativo
T75573,5116825.13965376,71389.86378343964,511,Faixa 09 - De 300 M ate 500 M,MANUFATURA,MODALIDADE TRADICIONAL,ATIVO,10.0,9,2025-09,5372666.396636448,72817.66105910843,Manter Ativo
T75582,2594153.491918199,0.0,726,Faixa 10 - De 500 M ate 850 M,VAREJO,MODALIDADE TRADICIONAL,ATIVO,9.0,9,2025-09,2723861.1665141094,0.0,Manter Ativo
T75857,24550.661552087167,11001.326577551295,32,Faixa 06 - De 50 M ate 75 M,MANUFATURA,MODALIDADE TRADICIONAL,ATIVO,0.0,8,2025-09,25778.194629691527,11221.353109102321,Manter Ativo
T75868,3103102.034811295,0.0,660,Faixa 06 - De 50 M ate 75 M,MANUFATURA,MODALIDADE TRADICIONAL,ATIVO,8.0,8,2025-09,3258257.13655186,0.0,Manter Ativo
T76001,2345077.4819988064,60.955931834835994,450,Faixa 08 - De 150 M ate 300 M,MANUFATURA,MODALIDADE TRADICIONAL,ATIVO,9.0,9,2025-09,2462331.356098747,62.175050471532714,Manter Ativo
T76003,159719.92752523837,0.0,80,Faixa 03 - De 15 M ate 25 M,SERVICOS,MODALIDADE TRADICIONAL,ATIVO,8.0,8,2025-09,167705.9239015003,0.0,Manter Ativo
T76078,71840.20620783546,13955.13753011854,111,Faixa 03 - De 15 M ate 25 M,LOGISTICA,MODALIDADE TRADICIONAL,CANCELADO,8.0,8,2025-09,75432.21651822724,14234.240280720911,Risco de Churn
T76115,194229.9433638068,142130.87058985568,138,Faixa 07 - De 75 M ate 150 M,EDUCACIONAL,MODALIDADE TRADICIONAL,ATIVO,0.0,9,2025-09,203941.44053199713,144973.4880016528,Manter Ativo
T76118,140781.92842992276,0.0,75,Faixa 03 - De 15 M ate 25 M,MANUFATURA,MODALIDADE TRADICIONAL,ATIVO,10.0,9,2025-09,147821.02485141892,0.0,Manter Ativo
T76120,117526.66871033078,0.0,53,Faixa 05 - De 35 M ate 50 M,DISTRIBUICAO,MODALIDADE TRADICIONAL,CANCELADO,6.0,5,2025-09,123403.00214584732,0.0,Risco de Churn
T76135,35862447.746618204,1379895.5106529794,623,Sem Informações de Faturamento,SERVICOS,MODALIDADE TRADICIONAL,CANCELADO,6.0,8,2025-09,37655570.133949116,1407493.4208660389,Risco de Churn
T76189,196014.85495979487,0.0,18,"Faixa 00 - Ate 4,5 M",MANUFATURA,MODALIDADE TRADICIONAL,ATIVO,0.0,9,2025-09,205815.59770778462,0.0,Manter Ativo
T76192,1506512.0918689626,194530.90171663367,264,Faixa 06 - De 50 M ate 75 M,MANUFATURA,MODALIDADE TRADICIONAL,ATIVO,10.0,9,2025-09,1581837.6964624107,198421.51975096634,Manter Ativo
T76286,78593.90485455217,0.0,36,Faixa 04 - De 25 M ate 35 M,AGROINDUSTRIA,MODALIDADE TRADICIONAL,GRATUITO,9.0,9,2025-09,82523.60009727978,0.0,Risco de Churn
T76289,1029104.2836667578,0.0,306,Sem Informações de Faturamento,LOGISTICA,MODALIDADE TRADICIONAL,CANCELADO,0.0,9,2025-09,1080559.4978500956,0.0,Risco de Churn
T76344,18702.372889843515,40321.533360414935,26,Faixa 03 - De 15 M ate 25 M,MANUFATURA,MODALIDADE ASSINATURA COMPLEMENTAR,CANCELADO,8.0,8,2025-09,19637.49153433569,41127.96402762323,Risco de Churn
T76352,2887028.9999026405,238402.85326341362,1000,Faixa 06 - De 50 M ate 75 M,MANUFATURA,MODALIDADE TRADICIONAL,ATIVO,10.0,9,2025-09,3031380.4498977726,243170.9103286819,Manter Ativo
T76402,271838.1655774457,39758.13239596638,220,Faixa 07 - De 75 M ate 150 M,SERVICOS,MODALIDADE TRADICIONAL,TROCADO,10.0,9,2025-09,285430.073856318,40553.29504388571,Risco de Churn
T76404,755146.1800803876,139518.70712557918,310,Faixa 07 - De 75 M ate 150 M,LOGISTICA,MODALIDADE TRADICIONAL,ATIVO,10.0,9,2025-09,792903.489084407,142309.08126809075,Manter Ativo
T76441,1090497.231698133,0.0,406,Faixa 08 - De 150 M ate 300 M,SAUDE,MODALIDADE TRADICIONAL,CANCELADO,10.0,9,2025-09,1145022.0932830398,0.0,Risco de Churn
T76474,116391.25728154392,1421.7781926894083,156,"Faixa 02 - De 7,5 M ate 15 M",AGROINDUSTRIA,MODALIDADE TRADICIONAL,ATIVO,9.0,9,2025-09,122210.82014562112,1450.2137565431965,Manter Ativo
T76529,192799.82892195674,0.0,168,Faixa 06 - De 50 M ate 75 M,MANUFATURA,MODALIDADE TRADICIONAL,ATIVO,10.0,9,2025-09,202439.82036805458,0.0,Manter Ativo
T76547,3259854.87980625,0.0,103,Faixa 11 - Acima de 850 M,AGROINDUSTRIA,MODALIDADE ASSINATURA COMPLEMENTAR,CANCELADO,0.0,8,2025-09,3422847.6237965627,0.0,Risco de Churn
T76590,33813503.076835185,2682513.4366781726,4004,Faixa 09 - De 300 M ate 500 M,MANUFATURA,MODALIDADE TRADICIONAL,CANCELADO,0.0,9,2025-09,35504178.23067695,2736163.705411736,Risco de Churn
T76650,192915.12391412948,0.0,13,Sem Informações de Faturamento,MANUFATURA,MODALIDADE ASSINATURA COMPLEMENTAR,CANCELADO,0.0,9,2025-09,202560.88010983597,0.0,Risco de Churn
T76663,290457.60897299205,37218.41400571135,102,Faixa 03 - De 15 M ate 25 M,MANUFATURA,MODALIDADE TRADICIONAL,ATIVO,0.0,8,2025-09,304980.4894216417,37962.782285825575,Manter Ativo
T76678,4540.165957353342,0.0,6,Faixa 03 - De 15 M ate 25 M,AGROINDUSTRIA,MODALIDADE TRADICIONAL,ATIVO,0.0,9,2025-09,4767.174255221009,0.0,Manter Ativo
T76679,680283.5601715981,0.0,1740,Faixa 08 - De 150 M ate 300 M,MANUFATURA,MODALIDADE TRADICIONAL,PENDENTE,8.0,8,2025-09,714297.738180178,0.0,Risco de Churn
T76719,5754866.600595546,8066271.836675195,546,Faixa 07 - De 75 M ate 150 M,MANUFATURA,MODALIDADE TRADICIONAL,ATIVO,10.0,9,2025-09,6042609.930625323,8227597.273408699,Manter Ativo
T76762,268262.0450071327,57536.11068146305,260,Faixa 03 - De 15 M ate 25 M,LOGISTICA,MODALIDADE TRADICIONAL,CANCELADO,8.0,8,2025-09,281675.1472574893,58686.83289509231,Risco de Churn
T76764,19120.64408637939,0.0,9,Faixa 09 - De 300 M ate 500 M,AGROINDUSTRIA,MODALIDADE TRADICIONAL,CANCELADO,0.0,9,2025-09,20076.67629069836,0.0,Risco de Churn
T76806,43789381.137571715,34922392.377895415,4350,Faixa 11 - Acima de 850 M,AGROINDUSTRIA,MODALIDADE ASSINATURA COMPLEMENTAR,ATIVO,8.0,8,2025-09,45978850.194450304,35620840.225453325,Manter Ativo
T76839,3046671.4713558755,0.0,640,Faixa 09 - De 300 M ate 500 M,MANUFATURA,MODALIDADE TRADICIONAL,ATIVO,10.0,9,2025-09,3199005.044923669,0.0,Manter Ativo
T76842,1051.4267662904103,0.0,21,"Faixa 01 - De 4,5 M ate 7,5 M",MANUFATURA,MODALIDADE TRADICIONAL,ATIVO,7.0,8,2025-09,1103.9981046049309,0.0,Manter Ativo
T76922,247688.7538034116,0.0,120,Faixa 07 - De 75 M ate 150 M,MANUFATURA,MODALIDADE TRADICIONAL,ATIVO,8.0,8,2025-09,260073.19149358218,0.0,Manter Ativo
T76973,257317.0753414562,0.0,190,"Faixa 02 - De 7,5 M ate 15 M",VAREJO,MODALIDADE TRADICIONAL,ATIVO,7.0,9,2025-09,270182.929108529,0.0,Manter Ativo
T77096,106309.59176494289,0.0,38,Faixa 04 - De 25 M ate 35 M,MANUFATURA,MODALIDADE TRADICIONAL,ATIVO,6.0,5,2025-09,111625.07135319004,0.0,Manter Ativo
T77109,127121.21645828128,7564.521840411649,72,Faixa 04 - De 25 M ate 35 M,MANUFATURA,MODALIDADE TRADICIONAL,ATIVO,10.0,9,2025-09,133477.27728119536,7715.812277219881,Manter Ativo
T77119,95383.08544082598,0.0,38,Faixa 08 - De 150 M ate 300 M,SERVICOS,MODALIDADE TRADICIONAL,ATIVO,6.0,5,2025-09,100152.23971286727,0.0,Manter Ativo
T77135,2344072.297663567,0.0,340,Faixa 08 - De 150 M ate 300 M,AGROINDUSTRIA,MODALIDADE TRADICIONAL,ATIVO,10.0,9,2025-09,2461275.9125467455,0.0,Manter Ativo
T77178,1509051.0115263176,81241.7296408807,414,Faixa 10 - De 500 M ate 850 M,LOGISTICA,MODALIDADE TRADICIONAL,ATIVO,5.0,9,2025-09,1584503.5621026335,82866.56423369831,Manter Ativo
T77270,188435.80458831924,1663.2141290437721,168,Sem Informações de Faturamento,MANUFATURA,MODALIDADE TRADICIONAL,ATIVO,8.0,9,2025-09,197857.5948177352,1696.4784116246476,Manter Ativo
T77293,33358.575101637995,0.0,23,"Faixa 02 - De 7,5 M ate 15 M",MANUFATURA,MODALIDADE TRADICIONAL,ATIVO,9.0,9,2025-09,35026.50385671989,0.0,Manter Ativo
T77325,1445934.044772927,143521.8471196102,561,"Faixa 01 - De 4,5 M ate 7,5 M",SAUDE,MODALIDADE TRADICIONAL,TROCADO,8.0,8,2025-09,1518230.7470115733,146392.2840620024,Risco de Churn
T77335,659300.9057451031,12124.513189112102,378,"Faixa 01 - De 4,5 M ate 7,5 M",SAUDE,MODALIDADE TRADICIONAL,CANCELADO,7.0,8,2025-09,692265.9510323583,12367.003452894343,Risco de Churn
T77352,78138.7784404716,107781.0175131476,40,Faixa 09 - De 300 M ate 500 M,MANUFATURA,MODALIDADE TRADICIONAL,ATIVO,0.0,9,2025-09,82045.71736249518,109936.63786341055,Manter Ativo
T77520,566677.3331731565,0.0,108,Faixa 08 - De 150 M ate 300 M,MANUFATURA,MODALIDADE TRADICIONAL,ATIVO,10.0,9,2025-09,595011.1998318144,0.0,Manter Ativo
T77568,748037.793579825,65142.553387547785,147,Faixa 07 - De 75 M ate 150 M,MANUFATURA,MODALIDADE SERVICOS RECORRENTES,ATIVO,9.0,9,2025-09,785439.6832588163,66445.40445529875,Manter Ativo
T77573,59130.15454137545,0.0,47,Faixa 05 - De 35 M ate 50 M,MANUFATURA,MODALIDADE TRADICIONAL,CANCELADO,7.0,8,2025-09,62086.662268444226,0.0,Risco de Churn
T77617,2173.2261049197987,190.68697020884014,48,Faixa 05 - De 35 M ate 50 M,SAUDE,MODALIDADE TRADICIONAL,CANCELADO,10.0,9,2025-09,2281.887410165789,194.50070961301694,Risco de Churn
T77693,183102.09329105326,56685.064980472205,136,Faixa 07 - De 75 M ate 150 M,SERVICOS,MODALIDADE TRADICIONAL,ATIVO,10.0,9,2025-09,192257.19795560592,57818.76628008165,Manter Ativo
T77947,1740450.0366296212,1417237.253222296,170,"Faixa 02 - De 7,5 M ate 15 M",MANUFATURA,MODALIDADE TRADICIONAL,ATIVO,7.0,9,2025-09,1827472.5384611024,1445581.998286742,Manter Ativo
T77993,339377.4053121619,0.0,300,Sem Informações de Faturamento,MANUFATURA,MODALIDADE TRADICIONAL,CANCELADO,7.0,8,2025-09,356346.27557777,0.0,Risco de Churn
T78206,1246563.9062780724,0.0,266,Faixa 07 - De 75 M ate 150 M,AGROINDUSTRIA,MODALIDADE TRADICIONAL,ATIVO,10.0,8,2025-09,1308892.1015919761,0.0,Manter Ativo
T78209,443299.4457119966,0.0,183,Faixa 11 - Acima de 850 M,MANUFATURA,MODALIDADE TRADICIONAL,TROCADO,8.0,8,2025-09,465464.41799759644,0.0,Risco de Churn
T78253,1233976.3171805986,0.0,301,Faixa 06 - De 50 M ate 75 M,MANUFATURA,MODALIDADE TRADICIONAL,ATIVO,10.0,9,2025-09,1295675.1330396286,0.0,Manter Ativo
T78381,445547.731690221,25235.818837482835,215,Faixa 03 - De 15 M ate 25 M,MANUFATURA,MODALIDADE TRADICIONAL,ATIVO,10.0,9,2025-09,467825.1182747321,25740.535214232492,Manter Ativo
T78391,1406360.7643931445,0.0,510,Faixa 04 - De 25 M ate 35 M,MANUFATURA,MODALIDADE TRADICIONAL,ATIVO,10.0,9,2025-09,1476678.8026128018,0.0,Manter Ativo
T78458,21164.210618500463,0.0,6,Faixa 06 - De 50 M ate 75 M,FINANCIAL SERVICES,MODALIDADE ASSINATURA (INTERA),ATIVO,0.0,9,2025-09,22222.42114942549,0.0,Manter Ativo
T78573,582234.2454568866,0.0,80,Faixa 05 - De 35 M ate 50 M,SERVICOS,MODALIDADE TRADICIONAL,ATIVO,6.0,5,2025-09,611345.957729731,0.0,Manter Ativo
T78646,550452.3690996607,339847.69083591097,126,Faixa 03 - De 15 M ate 25 M,SERVICOS,MODALIDADE TRADICIONAL,CANCELADO,0.0,8,2025-09,577974.9875546438,346644.6446526292,Risco de Churn
T78775,41022.064152205094,0.0,18,Faixa 07 - De 75 M ate 150 M,MANUFATURA,MODALIDADE CORPORATIVO,ATIVO,9.0,9,2025-09,43073.16735981535,0.0,Manter Ativo
T78810,206568.3866505149,0.0,119,"Faixa 00 - Ate 4,5 M",DISTRIBUICAO,MODALIDADE TRADICIONAL,ATIVO,1.0,5,2025-09,216896.80598304066,0.0,Manter Ativo
T79220,410025.51527846156,0.0,56,Faixa 06 - De 50 M ate 75 M,MANUFATURA,MODALIDADE SERVICOS NÃO RECORRENTES,ATIVO,0.0,9,2025-09,430526.79104238463,0.0,Manter Ativo
T79237,622697.600149466,0.0,190,Faixa 06 - De 50 M ate 75 M,MANUFATURA,MODALIDADE TRADICIONAL,ATIVO,8.0,8,2025-09,653832.4801569392,0.0,Manter Ativo
T79240,73284.7104534558,0.0,30,"Faixa 02 - De 7,5 M ate 15 M",LOGISTICA,MODALIDADE TRADICIONAL,CANCELADO,8.0,8,2025-09,76948.9459761286,0.0,Risco de Churn
T79264,173419.62607011,9128.255888700955,100,Faixa 03 - De 15 M ate 25 M,VAREJO,MODALIDADE TRADICIONAL,ATIVO,0.0,9,2025-09,182090.60737361552,9310.821006474975,Manter Ativo
T79368,10300.816805047984,0.0,222,Faixa 03 - De 15 M ate 25 M,SERVICOS,MODALIDADE TRADICIONAL,CANCELADO,10.0,8,2025-09,10815.857645300383,0.0,Risco de Churn
T79375,39746.9249122234,0.0,58,Faixa 06 - De 50 M ate 75 M,MANUFATURA,MODALIDADE TRADICIONAL,ATIVO,5.0,5,2025-09,41734.27115783458,0.0,Manter Ativo
T79557,106198.1811369784,0.0,40,Faixa 03 - De 15 M ate 25 M,MANUFATURA,MODALIDADE TRADICIONAL,CANCELADO,9.0,9,2025-09,111508.09019382732,0.0,Risco de Churn
T79572,923588.9434897642,134034.03951408833,640,Faixa 06 - De 50 M ate 75 M,MANUFATURA,MODALIDADE TRADICIONAL,ATIVO,8.0,8,2025-09,969768.3906642525,136714.7203043701,Manter Ativo
T79638,948077.6822228255,6763.333887804024,18,Faixa 07 - De 75 M ate 150 M,MANUFATURA,MODALIDADE TRADICIONAL,CANCELADO,0.0,8,2025-09,995481.5663339668,6898.600565560105,Risco de Churn
T79683,1444733.36005079,385642.45311191893,693,Faixa 03 - De 15 M ate 25 M,AGROINDUSTRIA,MODALIDADE TRADICIONAL,CANCELADO,0.0,8,2025-09,1516970.0280533296,393355.30217415735,Risco de Churn
T79783,230053.38717526398,0.0,54,Faixa 06 - De 50 M ate 75 M,AGROINDUSTRIA,MODALIDADE TRADICIONAL,ATIVO,0.0,9,2025-09,241556.0565340272,0.0,Manter Ativo
T79935,761552.9091553864,49.03379233941564,540,Faixa 07 - De 75 M ate 150 M,MANUFATURA,MODALIDADE TRADICIONAL,ATIVO,8.0,8,2025-09,799630.5546131558,50.014468186203956,Manter Ativo
T79941,345969.37315822055,4767.174255221,112,"Faixa 02 - De 7,5 M ate 15 M",MANUFATURA,MODALIDADE TRADICIONAL,ATIVO,6.0,5,2025-09,363267.8418161316,4862.51774032542,Manter Ativo
T80020,55732.05051516471,0.0,64,Faixa 07 - De 75 M ate 150 M,SAUDE,MODALIDADE TRADICIONAL,ATIVO,8.0,8,2025-09,58518.653040922945,0.0,Manter Ativo
T80025,63550.972988053385,34418.24142836944,120,Sem Informações de Faturamento,SERVICOS,MODALIDADE TRADICIONAL,CANCELADO,0.0,9,2025-09,66728.52163745606,35106.60625693683,Risco de Churn
T80055,2623681.003519443,149596.42942396904,245,Faixa 09 - De 300 M ate 500 M,EDUCACIONAL,MODALIDADE TRADICIONAL,CANCELADO,0.0,9,2025-09,2754865.053695415,152588.3580124484,Risco de Churn
T80088,705480.9263257369,0.0,276,Faixa 08 - De 150 M ate 300 M,SERVICOS,MODALIDADE TRADICIONAL,ATIVO,9.0,9,2025-09,740754.9726420238,0.0,Manter Ativo
T80295,4354638.217341714,516985.56989394274,2431,Faixa 05 - De 35 M ate 50 M,VAREJO,MODALIDADE TRADICIONAL,ATIVO,8.0,8,2025-09,4572370.128208799,527325.2812918216,Manter Ativo
T80566,313941.0498666577,88266.8797655587,108,Faixa 06 - De 50 M ate 75 M,MANUFATURA,MODALIDADE ASSINATURA COMPLEMENTAR,ATIVO,9.0,9,2025-09,329638.1023599906,90032.21736086988,Manter Ativo
T81031,753276.4136234283,8454.394368052901,90,Sem Informações de Faturamento,LOGISTICA,MODALIDADE TRADICIONAL,CANCELADO,0.0,9,2025-09,790940.2343045998,8623.48225541396,Risco de Churn
T81201,584882.4780173801,35208.3396052405,333,"Faixa 02 - De 7,5 M ate 15 M",MANUFATURA,MODALIDADE TRADICIONAL,ATIVO,8.0,8,2025-09,614126.6019182492,35912.506397345314,Manter Ativo
T81376,14960.906201535987,166.05656989019835,33,"Faixa 00 - Ate 4,5 M",LOGISTICA,MODALIDADE TRADICIONAL,ATIVO,8.0,9,2025-09,15708.951511612788,169.37770128800233,Manter Ativo
T81472,663558.9592422104,345473.3348042362,80,Faixa 04 - De 25 M ate 35 M,MANUFATURA,MODALIDADE TRADICIONAL,ATIVO,10.0,9,2025-09,696736.9072043209,352382.8015003209,Manter Ativo
T81527,539.3717157335759,13721.794019197416,24,Faixa 04 - De 25 M ate 35 M,MANUFATURA,MODALIDADE TRADICIONAL,CANCELADO,10.0,9,2025-09,566.3403015202547,13996.229899581363,Risco de Churn
T81545,12562.975512586117,9821.724200113009,104,Sem Informações de Faturamento,SAUDE,MODALIDADE TRADICIONAL,GRATUITO,0.0,9,2025-09,13191.124288215424,10018.15868411527,Risco de Churn
T81649,4657019.840730507,0.0,360,Faixa 07 - De 75 M ate 150 M,MANUFATURA,MODALIDADE TRADICIONAL,TROCADO,10.0,8,2025-09,4889870.832767032,0.0,Risco de Churn
T81709,566847.8794627157,48285.95974452207,190,Faixa 07 - De 75 M ate 150 M,SERVICOS,MODALIDADE TRADICIONAL,ATIVO,0.0,8,2025-09,595190.2734358516,49251.678939412515,Manter Ativo
T82275,1734559.255377103,58878.88998649476,108,"Faixa 01 - De 4,5 M ate 7,5 M",SAUDE,MODALIDADE ASSINATURA (INTERA),ATIVO,0.0,8,2025-09,1821287.2181459584,60056.46778622465,Manter Ativo
T82336,68965.68841294199,0.0,30,Faixa 05 - De 35 M ate 50 M,MANUFATURA,MODALIDADE TRADICIONAL,CANCELADO,8.0,8,2025-09,72413.9728335891,0.0,Risco de Churn
T83963,8925.966272156658,3291.620319081171,162,"Faixa 01 - De 4,5 M ate 7,5 M",HOSPITALITY,MODALIDADE ASSINATURA COMPLEMENTAR,ATIVO,9.0,9,2025-09,9372.264585764491,3357.4527254627947,Manter Ativo
T84068,709419.2764700139,422380.9631682233,348,Faixa 03 - De 15 M ate 25 M,MANUFATURA,MODALIDADE TRADICIONAL,CANCELADO,8.0,8,2025-09,744890.2402935146,430828.58243158774,Risco de Churn
T84071,27364.824566749492,0.0,58,Faixa 09 - De 300 M ate 500 M,SERVICOS,MODALIDADE ASSINATURA COMPLEMENTAR,CANCELADO,5.0,5,2025-09,28733.065795086968,0.0,Risco de Churn
T84117,432628.9416900142,11045.366187337619,155,Faixa 04 - De 25 M ate 35 M,MANUFATURA,MODALIDADE TRADICIONAL,ATIVO,8.0,8,2025-09,454260.38877451496,11266.273511084371,Manter Ativo
T84205,9798.014444557948,0.0,28,"Faixa 02 - De 7,5 M ate 15 M",MANUFATURA,MODALIDADE TRADICIONAL,CANCELADO,5.0,5,2025-09,10287.915166785846,0.0,Risco de Churn
T84290,441773.079751851,6602.679274631624,184,"Faixa 02 - De 7,5 M ate 15 M",LOGISTICA,MODALIDADE TRADICIONAL,ATIVO,8.0,9,2025-09,463861.73373944353,6734.732860124257,Manter Ativo
T84301,11731.78883380104,1296.217380824379,18,Faixa 05 - De 35 M ate 50 M,MANUFATURA,MODALIDADE TRADICIONAL,ATIVO,8.0,8,2025-09,12318.378275491092,1322.1417284408667,Manter Ativo
T84428,209517.05628552116,0.0,22,Faixa 03 - De 15 M ate 25 M,VAREJO,MODALIDADE TRADICIONAL,CANCELADO,0.0,8,2025-09,219992.90909979722,0.0,Risco de Churn
T84547,1609618.9076364366,530947.5639154296,84,Faixa 03 - De 15 M ate 25 M,MANUFATURA,MODALIDADE TRADICIONAL,TROCADO,10.0,9,2025-09,1690099.8530182585,541566.5151937383,Risco de Churn
T84560,3051781.4449563017,1950097.6983558498,1232,Faixa 08 - De 150 M ate 300 M,SERVICOS,MODALIDADE ASSINATURA COMPLEMENTAR,ATIVO,10.0,9,2025-09,3204370.517204117,1989099.6523229668,Manter Ativo
T84563,90447.26924343363,0.0,69,Faixa 05 - De 35 M ate 50 M,MANUFATURA,MODALIDADE TRADICIONAL,ATIVO,10.0,9,2025-09,94969.63270560533,0.0,Manter Ativo
T84612,198854.02251808086,0.0,172,"Faixa 02 - De 7,5 M ate 15 M",CONSTRUCAO E PROJETOS,MODALIDADE TRADICIONAL,CANCELADO,9.0,9,2025-09,208796.7236439849,0.0,Risco de Churn
T84622,4917681.626905747,125556.51131893974,1575,Faixa 09 - De 300 M ate 500 M,MANUFATURA,MODALIDADE TRADICIONAL,ATIVO,7.0,9,2025-09,5163565.708251034,128067.64154531853,Manter Ativo
T84626,64356.852445483506,0.0,45,"Faixa 01 - De 4,5 M ate 7,5 M",MANUFATURA,MODALIDADE TRADICIONAL,ATIVO,10.0,9,2025-09,67574.69506775768,0.0,Manter Ativo
T84651,554553.4757857937,0.0,72,Faixa 04 - De 25 M ate 35 M,SERVICOS,MODALIDADE CORPORATIVO,ATIVO,9.0,9,2025-09,582281.1495750834,0.0,Manter Ativo
T84693,1390079.1407300413,994354.7026083629,312,Sem Informações de Faturamento,AGROINDUSTRIA,MODALIDADE TRADICIONAL,ATIVO,7.0,8,2025-09,1459583.0977665435,1014241.7966605301,Manter Ativo
T84703,13308113.451722706,1059763.6039910282,1140,Faixa 11 - Acima de 850 M,MANUFATURA,MODALIDADE TRADICIONAL,ATIVO,0.0,9,2025-09,13973519.124308841,1080958.8760708487,Manter Ativo
T84821,10376.969681267854,628.4766765040035,26,Sem Informações de Faturamento,SERVICOS,MODALIDADE ASSINATURA COMPLEMENTAR,CANCELADO,0.0,9,2025-09,10895.818165331248,641.0462100340836,Risco de Churn
T84893,64875.03672008282,7208.345821057272,54,Faixa 03 - De 15 M ate 25 M,MANUFATURA,MODALIDADE ASSINATURA COMPLEMENTAR,ATIVO,8.0,8,2025-09,68118.78855608696,7352.512737478417,Manter Ativo
T84915,15527.745921311545,0.0,33,"Faixa 02 - De 7,5 M ate 15 M",SERVICOS,MODALIDADE CORPORATIVO,ATIVO,10.0,9,2025-09,16304.133217377122,0.0,Manter Ativo
T84929,88952.55832926788,15356.23694841516,68,"Faixa 01 - De 4,5 M ate 7,5 M",MANUFATURA,MODALIDADE TRADICIONAL,ATIVO,8.0,8,2025-09,93400.18624573128,15663.361687383464,Manter Ativo
T84931,1136182.7273134347,2311094.6593011776,464,Faixa 06 - De 50 M ate 75 M,AGROINDUSTRIA,MODALIDADE TRADICIONAL,ATIVO,9.0,9,2025-09,1192991.8636791066,2357316.552487201,Manter Ativo
T89811,372754.1326699151,31255.259144746626,165,Faixa 08 - De 150 M ate 300 M,SERVICOS,MODALIDADE TRADICIONAL,ATIVO,8.0,8,2025-09,391391.83930341084,31880.36432764156,Manter Ativo
T89918,1016836.0069633761,486607.4455890133,184,"Faixa 00 - Ate 4,5 M",MANUFATURA,MODALIDADE TRADICIONAL,ATIVO,9.0,9,2025-09,1067677.807311545,496339.59450079355,Manter Ativo
T89932,30349.65578283457,0.0,14,Faixa 03 - De 15 M ate 25 M,VAREJO,MODALIDADE CORPORATIVO,ATIVO,0.0,8,2025-09,31867.1385719763,0.0,Manter Ativo
T89937,16470.763613798044,0.0,21,"Faixa 01 - De 4,5 M ate 7,5 M",MANUFATURA,MODALIDADE CORPORATIVO,ATIVO,7.0,8,2025-09,17294.301794487947,0.0,Manter Ativo
T92121,228402.55761002595,0.0,66,Faixa 11 - Acima de 850 M,SERVICOS,MODALIDADE TRADICIONAL,GRATUITO,8.0,8,2025-09,239822.68549052725,0.0,Risco de Churn
T92125,41733.55019629597,0.0,42,Faixa 03 - De 15 M ate 25 M,CONSTRUCAO E PROJETOS,MODALIDADE ASSINATURA COMPLEMENTAR,ATIVO,10.0,9,2025-09,43820.22770611077,0.0,Manter Ativo
T92129,25008.697035466223,0.0,24,"Faixa 02 - De 7,5 M ate 15 M",MANUFATURA,MODALIDADE CORPORATIVO,CANCELADO,9.0,9,2025-09,26259.131887239535,0.0,Risco de Churn
T92154,146018.09342082374,0.0,54,Faixa 03 - De 15 M ate 25 M,SERVICOS,MODALIDADE CORPORATIVO,ATIVO,8.0,8,2025-09,153318.99809186495,0.0,Manter Ativo
T92201,14128.794674129937,0.0,16,"Faixa 01 - De 4,5 M ate 7,5 M",MANUFATURA,MODALIDADE TRADICIONAL,ATIVO,8.0,8,2025-09,14835.234407836433,0.0,Manter Ativo
T92213,16768.985255478237,5334.8967850438485,88,Faixa 04 - De 25 M ate 35 M,SERVICOS,MODALIDADE TRADICIONAL,ATIVO,5.0,5,2025-09,17607.43451825215,5441.594720744725,Manter Ativo
T92246,40796.72058185513,22164.039239457026,152,"Faixa 02 - De 7,5 M ate 15 M",SERVICOS,MODALIDADE TRADICIONAL,ATIVO,4.0,5,2025-09,42836.55661094789,22607.320024246168,Manter Ativo
T94426,1135480.0231273833,0.0,196,Faixa 06 - De 50 M ate 75 M,SAUDE,MODALIDADE TRADICIONAL,ATIVO,7.0,8,2025-09,1192254.0242837525,0.0,Manter Ativo
T94503,314848.70471096487,168324.5341247614,288,Faixa 04 - De 25 M ate 35 M,MANUFATURA,MODALIDADE TRADICIONAL,ATIVO,8.0,8,2025-09,330591.1399465131,171691.02480725665,Manter Ativo
T94555,86654.21281750686,0.0,24,Faixa 06 - De 50 M ate 75 M,VAREJO,MODALIDADE CORPORATIVO,ATIVO,10.0,9,2025-09,90986.92345838221,0.0,Manter Ativo
T96461,28138.92286247826,10145.311917151264,14,"Faixa 00 - Ate 4,5 M",JURIDICO,MODALIDADE TRADICIONAL,ATIVO,9.0,9,2025-09,29545.869005602173,10348.218155494289,Manter Ativo
T96529,50025.90267824528,14580.263732300318,34,Faixa 03 - De 15 M ate 25 M,AGROINDUSTRIA,MODALIDADE TRADICIONAL,ATIVO,7.0,8,2025-09,52527.197812157545,14871.869006946325,Manter Ativo
T96701,67638.87535819388,0.0,63,Faixa 07 - De 75 M ate 150 M,AGROINDUSTRIA,MODALIDADE ASSINATURA COMPLEMENTAR,ATIVO,10.0,9,2025-09,71020.81912610358,0.0,Manter Ativo
T96704,57495.77887387548,0.0,60,Faixa 03 - De 15 M ate 25 M,DISTRIBUICAO,MODALIDADE CORPORATIVO,ATIVO,2.0,5,2025-09,60370.56781756926,0.0,Manter Ativo
T98600,3253691.570888286,243331.37156441546,320,Faixa 06 - De 50 M ate 75 M,MANUFATURA,MODALIDADE TRADICIONAL,ATIVO,8.0,8,2025-09,3416376.1494327006,248197.99899570376,Manter Ativo
T98737,2803165.5009833933,0.0,104,Faixa 11 - Acima de 850 M,CONSTRUCAO E PROJETOS,MODALIDADE CORPORATIVO,ATIVO,8.0,8,2025-09,2943323.7760325633,0.0,Manter Ativo
T98762,1953.7427117407083,6001.89761046746,26,"Faixa 02 - De 7,5 M ate 15 M",MANUFATURA,MODALIDADE TRADICIONAL,ATIVO,8.0,8,2025-09,2051.4298473277436,6121.935562676809,Manter Ativo
T98763,18178.942201249087,0.0,28,Faixa 05 - De 35 M ate 50 M,MANUFATURA,MODALIDADE TRADICIONAL,ATIVO,10.0,9,2025-09,19087.88931131154,0.0,Manter Ativo
T98821,736503.6617117486,0.0,220,Faixa 08 - De 150 M ate 300 M,MANUFATURA,MODALIDADE TRADICIONAL,CANCELADO,8.0,8,2025-09,773328.844797336,0.0,Risco de Churn
T98826,987871.921549722,190462.30766338372,528,Faixa 06 - De 50 M ate 75 M,CONSTRUCAO E PROJETOS,MODALIDADE ASSINATURA COMPLEMENTAR,ATIVO,9.0,8,2025-09,1037265.5176272081,194271.5538166514,Manter Ativo
T98879,1989601.4805656273,4395.107655015889,570,Faixa 09 - De 300 M ate 500 M,MANUFATURA,MODALIDADE TRADICIONAL,ATIVO,8.0,8,2025-09,2089081.5545939088,4483.009808116207,Manter Ativo
T98884,4138.478978133856,3455.907065019488,32,"Faixa 02 - De 7,5 M ate 15 M",DISTRIBUICAO,MODALIDADE TRADICIONAL,ATIVO,7.0,8,2025-09,4345.402927040549,3525.0252063198777,Manter Ativo
TA0675,35390.06395154089,0.0,27,Faixa 03 - De 15 M ate 25 M,MANUFATURA,MODALIDADE CORPORATIVO,ATIVO,0.0,9,2025-09,37159.56714911794,0.0,Manter Ativo
TA0689,37997.97311216104,70567.61030156142,27,Faixa 07 - De 75 M ate 150 M,MANUFATURA,MODALIDADE CORPORATIVO,ATIVO,8.0,8,2025-09,39897.871767769095,71978.96250759265,Manter Ativo
TA0719,693915.870882862,0.0,306,Faixa 06 - De 50 M ate 75 M,MANUFATURA,MODALIDADE TRADICIONAL,TROCADO,10.0,9,2025-09,728611.6644270051,0.0,Risco de Churn
TA0729,159872.779779136,0.0,20,Faixa 06 - De 50 M ate 75 M,DISTRIBUICAO,MODALIDADE CORPORATIVO,ATIVO,8.0,9,2025-09,167866.41876809282,0.0,Manter Ativo
TA2514,702.8849519161844,0.0,22,"Faixa 01 - De 4,5 M ate 7,5 M",HOSPITALITY,MODALIDADE TRADICIONAL,ATIVO,7.0,8,2025-09,738.0291995119936,0.0,Manter Ativo
TA2551,7704.913861070699,7943.524805273811,66,"Faixa 00 - Ate 4,5 M",HOSPITALITY,MODALIDADE ASSINATURA COMPLEMENTAR,ATIVO,7.0,8,2025-09,8090.159554124234,8102.395301379287,Manter Ativo
TA2554,69082.97603350674,11835.392898633427,105,"Faixa 01 - De 4,5 M ate 7,5 M",HOSPITALITY,MODALIDADE ASSINATURA COMPLEMENTAR,ATIVO,8.0,8,2025-09,72537.12483518208,12072.100756606096,Manter Ativo
TA2570,6758.73486784352,0.0,28,Sem Informações de Faturamento,HOSPITALITY,MODALIDADE SERVICOS RECORRENTES,ATIVO,0.0,8,2025-09,7096.671611235696,0.0,Manter Ativo
TA2574,8791.695067825309,0.0,20,Sem Informações de Faturamento,HOSPITALITY,MODALIDADE ASSINATURA COMPLEMENTAR,ATIVO,0.0,9,2025-09,9231.279821216574,0.0,Manter Ativo
TA2578,2976.33101648719,231.1448935177002,12,Sem Informações de Faturamento,HOSPITALITY,MODALIDADE SERVICOS RECORRENTES,ATIVO,0.0,8,2025-09,3125.1475673115497,235.7677913880542,Manter Ativo
TA2588,4404.822769393165,0.0,5,Sem Informações de Faturamento,HOSPITALITY,MODALIDADE SERVICOS RECORRENTES,ATIVO,0.0,8,2025-09,4625.063907862824,0.0,Manter Ativo
TA2591,18542.77764872777,271.7373402623336,32,Sem Informações de Faturamento,HOSPITALITY,MODALIDADE ASSINATURA COMPLEMENTAR,ATIVO,0.0,9,2025-09,19469.91653116416,277.17208706758026,Manter Ativo
TA2604,17636.50166963688,0.0,9,Sem Informações de Faturamento,HOSPITALITY,MODALIDADE ASSINATURA COMPLEMENTAR,ATIVO,0.0,9,2025-09,18518.326753118727,0.0,Manter Ativo
TA2644,143354.02492962545,109566.71523046299,288,Faixa 04 - De 25 M ate 35 M,HOSPITALITY,MODALIDADE ASSINATURA COMPLEMENTAR,ATIVO,7.0,8,2025-09,150521.72617610672,111758.04953507225,Manter Ativo
TA2656,92582.80776704977,70761.83691967401,186,Faixa 04 - De 25 M ate 35 M,HOSPITALITY,MODALIDADE ASSINATURA COMPLEMENTAR,ATIVO,8.0,8,2025-09,97211.94815540226,72177.07365806749,Manter Ativo
TA2722,161579.46179336373,1977.6290293052289,320,"Faixa 02 - De 7,5 M ate 15 M",HOSPITALITY,MODALIDADE ASSINATURA COMPLEMENTAR,CANCELADO,9.0,9,2025-09,169658.43488303194,2017.1816098913334,Risco de Churn
TA2750,1610.2455262079845,0.0,42,"Faixa 01 - De 4,5 M ate 7,5 M",HOSPITALITY,MODALIDADE ASSINATURA COMPLEMENTAR,CANCELADO,0.0,9,2025-09,1690.7578025183839,0.0,Risco de Churn
TA2800,15786.997805191162,0.0,56,"Faixa 01 - De 4,5 M ate 7,5 M",HOSPITALITY,MODALIDADE TRADICIONAL,ATIVO,5.0,5,2025-09,16576.34769545072,0.0,Manter Ativo
TA2843,74368.16220517528,7637.357873168231,172,Sem Informações de Faturamento,HOSPITALITY,MODALIDADE ASSINATURA COMPLEMENTAR,CANCELADO,7.0,8,2025-09,78086.57031543404,7790.105030631596,Risco de Churn
TA2859,547.51038359787,0.0,22,"Faixa 00 - Ate 4,5 M",HOSPITALITY,MODALIDADE ASSINATURA COMPLEMENTAR,ATIVO,8.0,8,2025-09,574.8859027777636,0.0,Manter Ativo
TA2884,20240.68200877164,0.0,66,"Faixa 01 - De 4,5 M ate 7,5 M",HOSPITALITY,MODALIDADE ASSINATURA COMPLEMENTAR,ATIVO,10.0,9,2025-09,21252.716109210225,0.0,Manter Ativo
TA2895,369.939448376938,0.0,22,"Faixa 00 - Ate 4,5 M",HOSPITALITY,MODALIDADE ASSINATURA COMPLEMENTAR,ATIVO,9.0,9,2025-09,388.4364207957849,0.0,Manter Ativo
TA2900,625.1976677570273,0.0,22,"Faixa 00 - Ate 4,5 M",HOSPITALITY,MODALIDADE ASSINATURA COMPLEMENTAR,CANCELADO,0.0,8,2025-09,656.4575511448786,0.0,Risco de Churn
TA2904,10290.706528078139,302.6777304902224,32,"Faixa 00 - Ate 4,5 M",HOSPITALITY,MODALIDADE ASSINATURA COMPLEMENTAR,CANCELADO,0.0,8,2025-09,10805.241854482047,308.73128510002687,Risco de Churn
TA3007,325786.7800505585,0.0,58,Faixa 04 - De 25 M ate 35 M,HOSPITALITY,MODALIDADE ASSINATURA COMPLEMENTAR,ATIVO,10.0,9,2025-09,342076.11905308644,0.0,Manter Ativo
TA3030,28922.538691287944,9368.212067261824,64,"Faixa 01 - De 4,5 M ate 7,5 M",HOSPITALITY,MODALIDADE ASSINATURA COMPLEMENTAR,ATIVO,8.0,8,2025-09,30368.665625852344,9555.57630860706,Manter Ativo
TA3077,24013.105902736617,0.0,38,"Faixa 02 - De 7,5 M ate 15 M",HOSPITALITY,MODALIDADE ASSINATURA COMPLEMENTAR,ATIVO,0.0,9,2025-09,25213.76119787345,0.0,Manter Ativo
TA3138,1925.0303659178148,0.0,53,"Faixa 02 - De 7,5 M ate 15 M",HOSPITALITY,MODALIDADE ASSINATURA COMPLEMENTAR,CANCELADO,0.0,9,2025-09,2021.2818842137056,0.0,Risco de Churn
TA3155,60282.00305247052,0.0,261,Sem Informações de Faturamento,HOSPITALITY,MODALIDADE ASSINATURA COMPLEMENTAR,CANCELADO,9.0,8,2025-09,63296.10320509405,0.0,Risco de Churn
TA3188,15753.165161094144,0.0,48,"Faixa 00 - Ate 4,5 M",HOSPITALITY,MODALIDADE ASSINATURA COMPLEMENTAR,ATIVO,0.0,9,2025-09,16540.823419148852,0.0,Manter Ativo
TA3197,958.4794798857049,399.3664499523772,19,"Faixa 00 - Ate 4,5 M",HOSPITALITY,MODALIDADE ASSINATURA COMPLEMENTAR,ATIVO,5.0,5,2025-09,1006.4034538799901,407.3537789514248,Manter Ativo
TA3307,85455.77715906035,47011.636052869944,196,"Faixa 02 - De 7,5 M ate 15 M",HOSPITALITY,MODALIDADE ASSINATURA COMPLEMENTAR,ATIVO,10.0,9,2025-09,89728.56601701338,47951.868773927345,Manter Ativo
TA3318,3712.84682734672,2970.2774618773856,32,"Faixa 00 - Ate 4,5 M",HOSPITALITY,MODALIDADE ASSINATURA COMPLEMENTAR,ATIVO,10.0,9,2025-09,3898.489168714056,3029.6830111149334,Manter Ativo
TA3374,2730.825746200672,0.0,80,"Faixa 01 - De 4,5 M ate 7,5 M",HOSPITALITY,MODALIDADE ASSINATURA COMPLEMENTAR,CANCELADO,0.0,8,2025-09,2867.3670335107054,0.0,Risco de Churn
TA3424,129462.15124903661,3432.365463759126,189,"Faixa 02 - De 7,5 M ate 15 M",HOSPITALITY,MODALIDADE ASSINATURA COMPLEMENTAR,CANCELADO,0.0,9,2025-09,135935.25881148846,3501.012773034309,Risco de Churn
TA3425,1141.0950439481398,0.0,26,"Faixa 00 - Ate 4,5 M",HOSPITALITY,MODALIDADE ASSINATURA COMPLEMENTAR,ATIVO,0.0,8,2025-09,1198.1497961455468,0.0,Manter Ativo
TA3484,10846.960935001272,0.0,24,"Faixa 02 - De 7,5 M ate 15 M",HOSPITALITY,MODALIDADE ASSINATURA COMPLEMENTAR,ATIVO,9.0,9,2025-09,11389.308981751337,0.0,Manter Ativo
TA3496,7566.94326225557,0.0,100,"Faixa 01 - De 4,5 M ate 7,5 M",HOSPITALITY,MODALIDADE ASSINATURA COMPLEMENTAR,CANCELADO,0.0,8,2025-09,7945.290425368348,0.0,Risco de Churn
TA3512,14155.564837848844,0.0,40,"Faixa 00 - Ate 4,5 M",HOSPITALITY,MODALIDADE ASSINATURA COMPLEMENTAR,ATIVO,0.0,9,2025-09,14863.343079741288,0.0,Manter Ativo
TA3513,119989.31357960236,25389.58332842924,208,"Faixa 00 - Ate 4,5 M",HOSPITALITY,MODALIDADE ASSINATURA COMPLEMENTAR,ATIVO,0.0,9,2025-09,125988.77925858248,25897.374994997823,Manter Ativo
TA3579,141219.8862905129,735.6750393859579,175,"Faixa 02 - De 7,5 M ate 15 M",HOSPITALITY,MODALIDADE ASSINATURA COMPLEMENTAR,ATIVO,7.0,8,2025-09,148280.88060503855,750.3885401736771,Manter Ativo
TA3585,48595.72938239202,14566.72310771821,78,Sem Informações de Faturamento,HOSPITALITY,MODALIDADE ASSINATURA COMPLEMENTAR,ATIVO,7.0,8,2025-09,51025.51585151162,14858.057569872573,Manter Ativo
TA3626,3405.1244680150066,0.0,45,"Faixa 00 - Ate 4,5 M",HOSPITALITY,MODALIDADE ASSINATURA COMPLEMENTAR,TROCADO,0.0,9,2025-09,3575.380691415757,0.0,Risco de Churn
TA3658,4358.559319059207,6537.838978588806,54,"Faixa 01 - De 4,5 M ate 7,5 M",HOSPITALITY,MODALIDADE ASSINATURA COMPLEMENTAR,CANCELADO,8.0,8,2025-09,4576.487285012167,6668.595758160582,Risco de Churn
TA3701,7999.579039417667,7545.108427086599,26,Sem Informações de Faturamento,HOSPITALITY,MODALIDADE ASSINATURA COMPLEMENTAR,ATIVO,9.0,9,2025-09,8399.55799138855,7696.0105956283305,Manter Ativo
TA3799,439706.1439766219,2676.6800633018697,280,"Faixa 00 - Ate 4,5 M",HOSPITALITY,MODALIDADE ASSINATURA COMPLEMENTAR,CANCELADO,0.0,8,2025-09,461691.451175453,2730.213664567907,Risco de Churn
TA4192,192330.58595483497,0.0,52,Faixa 07 - De 75 M ate 150 M,MANUFATURA,MODALIDADE TRADICIONAL,ATIVO,9.0,9,2025-09,201947.11525257674,0.0,Manter Ativo
TA4208,20603.651461632602,0.0,15,Faixa 07 - De 75 M ate 150 M,MANUFATURA,MODALIDADE ASSINATURA COMPLEMENTAR,ATIVO,0.0,9,2025-09,21633.834034714233,0.0,Manter Ativo
TA4295,1449974.3384583779,20613.29931429193,228,"Faixa 01 - De 4,5 M ate 7,5 M",AGROINDUSTRIA,MODALIDADE TRADICIONAL,CANCELADO,8.0,8,2025-09,1522473.055381297,21025.565300577768,Risco de Churn
TA4372,72099.19745255832,0.0,36,Faixa 05 - De 35 M ate 50 M,VAREJO,MODALIDADE TRADICIONAL,ATIVO,9.0,9,2025-09,75704.15732518624,0.0,Manter Ativo
TA6050,1354745.6060485286,0.0,165,Faixa 09 - De 300 M ate 500 M,EDUCACIONAL,MODALIDADE ASSINATURA COMPLEMENTAR,PENDENTE,8.0,8,2025-09,1422482.886350955,0.0,Risco de Churn
TA6139,63876.62059520193,0.0,39,Faixa 04 - De 25 M ate 35 M,CONSTRUCAO E PROJETOS,MODALIDADE ASSINATURA COMPLEMENTAR,ATIVO,8.0,8,2025-09,67070.45162496204,0.0,Manter Ativo
TA8052,315176.2020153554,427955.5891235304,72,Faixa 09 - De 300 M ate 500 M,MANUFATURA,MODALIDADE TRADICIONAL,TROCADO,6.0,5,2025-09,330935.01211612317,436514.700906001,Risco de Churn
TA8402,313590.0445918656,0.0,114,"Faixa 01 - De 4,5 M ate 7,5 M",MANUFATURA,MODALIDADE TRADICIONAL,ATIVO,10.0,9,2025-09,329269.5468214589,0.0,Manter Ativo
TA8414,33216.358606881324,0.0,26,Faixa 07 - De 75 M ate 150 M,LOGISTICA,MODALIDADE ASSINATURA (INTERA),CANCELADO,8.0,8,2025-09,34877.176537225394,0.0,Risco de Churn
TA8440,1891563.4910426657,44270.31747867888,272,Faixa 06 - De 50 M ate 75 M,MANUFATURA,MODALIDADE ASSINATURA (INTERA),ATIVO,0.0,9,2025-09,1986141.665594799,45155.723828252456,Manter Ativo
TA8453,255209.5261001952,201624.8605787097,231,Faixa 03 - De 15 M ate 25 M,DISTRIBUICAO,MODALIDADE TRADICIONAL,ATIVO,9.0,9,2025-09,267970.002405205,205657.3577902839,Manter Ativo
TA8467,315214.1880705323,8.92899304946136,288,Faixa 05 - De 35 M ate 50 M,LOGISTICA,MODALIDADE TRADICIONAL,ATIVO,8.0,8,2025-09,330974.8974740589,9.107572910450587,Manter Ativo
TA8583,1686069.719635684,1381624.847254565,304,Faixa 11 - Acima de 850 M,SERVICOS,MODALIDADE TRADICIONAL,CANCELADO,0.0,8,2025-09,1770373.2056174683,1409257.3441996563,Risco de Churn
TA9001,15454.514725962374,57054.20569594916,52,"Faixa 00 - Ate 4,5 M",MANUFATURA,MODALIDADE ASSINATURA COMPLEMENTAR,ATIVO,8.0,8,2025-09,16227.240462260494,58195.28980986815,Manter Ativo
TAA619,234446.0986315802,0.0,80,Faixa 10 - De 500 M ate 850 M,CONSTRUCAO E PROJETOS,MODALIDADE TRADICIONAL,TROCADO,9.0,9,2025-09,246168.4035631592,0.0,Risco de Churn
TAA637,7280.004773750832,0.0,24,"Faixa 01 - De 4,5 M ate 7,5 M",MANUFATURA,MODALIDADE TRADICIONAL,ATIVO,7.0,8,2025-09,7644.005012438374,0.0,Manter Ativo
TAA670,86053.09484475329,0.0,45,"Faixa 02 - De 7,5 M ate 15 M",SAUDE,MODALIDADE CORPORATIVO,ATIVO,6.0,8,2025-09,90355.74958699096,0.0,Manter Ativo
TAA672,339557.79703567707,0.0,328,"Faixa 02 - De 7,5 M ate 15 M",LOGISTICA,MODALIDADE TRADICIONAL,ATIVO,10.0,9,2025-09,356535.68688746094,0.0,Manter Ativo
TAA687,7916.687379837028,2196.07827357181,42,Faixa 05 - De 35 M ate 50 M,MANUFATURA,MODALIDADE TRADICIONAL,CANCELADO,0.0,9,2025-09,8312.52174882888,2239.999839043246,Risco de Churn
TAA750,454676.28184893756,109373.15282181455,72,Sem Informações de Faturamento,EDUCACIONAL,MODALIDADE ASSINATURA COMPLEMENTAR,ATIVO,0.0,9,2025-09,477410.09594138444,111560.61587825084,Manter Ativo
TAA816,278621.4803993194,17425.468029767373,559,Faixa 03 - De 15 M ate 25 M,MANUFATURA,MODALIDADE TRADICIONAL,ATIVO,8.0,8,2025-09,292552.5544192854,17773.97739036272,Manter Ativo
TAABOO,136684.12597568118,0.0,114,Faixa 11 - Acima de 850 M,AGROINDUSTRIA,MODALIDADE TRADICIONAL,CANCELADO,0.0,9,2025-09,143518.33227446524,0.0,Risco de Churn
TAABOV,2072775.9924854164,985318.1664797157,972,Faixa 07 - De 75 M ate 150 M,LOGISTICA,MODALIDADE TRADICIONAL,ATIVO,7.0,8,2025-09,2176414.7921096873,1005024.5298093101,Manter Ativo
TAABP6,172891.41139183077,0.0,225,Faixa 08 - De 150 M ate 300 M,CONSTRUCAO E PROJETOS,MODALIDADE TRADICIONAL,TROCADO,8.0,8,2025-09,181535.9819614223,0.0,Risco de Churn
TAAC31,343754.67179650854,0.0,152,Faixa 05 - De 35 M ate 50 M,CONSTRUCAO E PROJETOS,MODALIDADE TRADICIONAL,TROCADO,0.0,8,2025-09,360942.405386334,0.0,Risco de Churn
TAACCT,32145.409126974133,0.0,21,Faixa 03 - De 15 M ate 25 M,MANUFATURA,MODALIDADE CORPORATIVO,ATIVO,10.0,9,2025-09,33752.67958332284,0.0,Manter Ativo
TAACDU,400399.18636881065,165516.42466470983,112,Faixa 09 - De 300 M ate 500 M,MANUFATURA,MODALIDADE ASSINATURA COMPLEMENTAR,ATIVO,9.0,9,2025-09,420419.1456872512,168826.75315800402,Manter Ativo
TAACDW,15940.522676267567,0.0,18,Faixa 03 - De 15 M ate 25 M,MANUFATURA,MODALIDADE CORPORATIVO,ATIVO,8.0,8,2025-09,16737.548810080945,0.0,Manter Ativo
TAAFRL,608121.397343383,671167.9578935758,288,"Faixa 00 - Ate 4,5 M",DISTRIBUICAO,MODALIDADE ASSINATURA COMPLEMENTAR,ATIVO,8.0,8,2025-09,638527.4672105522,684591.3170514473,Manter Ativo
TAAFTK,83694.47862990823,0.0,27,Faixa 07 - De 75 M ate 150 M,DISTRIBUICAO,MODALIDADE CORPORATIVO,ATIVO,10.0,9,2025-09,87879.20256140365,0.0,Manter Ativo
TAAFVF,124203.87396838093,0.0,128,Faixa 06 - De 50 M ate 75 M,EDUCACIONAL,MODALIDADE TRADICIONAL,ATIVO,5.0,9,2025-09,130414.06766679998,0.0,Manter Ativo
TAAFYX,443340.54682548303,106317.30163935568,96,"Faixa 00 - Ate 4,5 M",DISTRIBUICAO,MODALIDADE TRADICIONAL,ATIVO,0.0,9,2025-09,465507.57416675723,108443.64767214279,Manter Ativo
TAAG42,913373.696201441,0.0,1027,Faixa 11 - Acima de 850 M,MANUFATURA,MODALIDADE TRADICIONAL,ATIVO,8.0,8,2025-09,959042.3810115131,0.0,Manter Ativo
TAAG64,921146.5149705774,750824.9636263283,156,Faixa 07 - De 75 M ate 150 M,MANUFATURA,MODALIDADE TRADICIONAL,ATIVO,10.0,9,2025-09,967203.8407191064,765841.4628988549,Manter Ativo
TAAHTC,33644.349121651685,0.0,34,Faixa 07 - De 75 M ate 150 M,LOGISTICA,MODALIDADE ASSINATURA (INTERA),ATIVO,0.0,8,2025-09,35326.56657773427,0.0,Manter Ativo
TAAHTU,430207.3600995121,485127.4776026368,72,Faixa 09 - De 300 M ate 500 M,MANUFATURA,MODALIDADE ASSINATURA COMPLEMENTAR,ATIVO,8.0,8,2025-09,451717.7281044877,494830.02715468954,Manter Ativo
TAAHTY,893525.43587025,567227.9123726333,888,Faixa 05 - De 35 M ate 50 M,MANUFATURA,MODALIDADE TRADICIONAL,ATIVO,8.0,9,2025-09,938201.7076637625,578572.4706200861,Manter Ativo
TAAHZO,501335.34038435976,919826.7265614887,432,Faixa 03 - De 15 M ate 25 M,MANUFATURA,MODALIDADE TRADICIONAL,ATIVO,10.0,9,2025-09,526402.1074035778,938223.2610927185,Manter Ativo
TAAHZQ,129356.97914540632,0.0,28,Faixa 07 - De 75 M ate 150 M,VAREJO,MODALIDADE CORPORATIVO,ATIVO,7.0,8,2025-09,135824.82810267663,0.0,Manter Ativo
TAAHZV,45495.29208868908,0.0,21,Faixa 06 - De 50 M ate 75 M,VAREJO,MODALIDADE CORPORATIVO,ATIVO,9.0,9,2025-09,47770.05669312354,0.0,Manter Ativo
TAAJVL,128561.57149667956,0.0,38,Faixa 09 - De 300 M ate 500 M,MANUFATURA,MODALIDADE TRADICIONAL,CANCELADO,10.0,9,2025-09,134989.65007151355,0.0,Risco de Churn
TAAJWZ,20210.80099060047,0.0,45,"Faixa 01 - De 4,5 M ate 7,5 M",LOGISTICA,MODALIDADE CORPORATIVO,ATIVO,8.0,8,2025-09,21221.341040130494,0.0,Manter Ativo
TAAJZ3,40033.10250254466,0.0,18,"Faixa 01 - De 4,5 M ate 7,5 M",DISTRIBUICAO,MODALIDADE TRADICIONAL,TROCADO,10.0,8,2025-09,42034.75762767189,0.0,Risco de Churn
TAAJZA,4976251.924334437,774503.8838875996,71,Faixa 07 - De 75 M ate 150 M,MANUFATURA,MODALIDADE TRADICIONAL,ATIVO,8.0,8,2025-09,5225064.520551159,789993.9615653516,Manter Ativo
TAAK07,123334.57511869812,0.0,33,Faixa 04 - De 25 M ate 35 M,SERVICOS,MODALIDADE TRADICIONAL,ATIVO,0.0,9,2025-09,129501.30387463303,0.0,Manter Ativo
TAAK82,683949.3153887084,0.0,92,Faixa 11 - Acima de 850 M,VAREJO,MODALIDADE TRADICIONAL,TROCADO,10.0,8,2025-09,718146.7811581438,0.0,Risco de Churn
TAAKAH,3407989.7036928306,128141.20257531723,312,Faixa 08 - De 150 M ate 300 M,LOGISTICA,MODALIDADE ASSINATURA COMPLEMENTAR,CANCELADO,9.0,9,2025-09,3578389.188877472,130704.02662682359,Risco de Churn
TAALX9,16559064.343023114,4136519.7956306967,2052,Faixa 09 - De 300 M ate 500 M,SERVICOS,MODALIDADE SERVICOS RECORRENTES,CANCELADO,5.0,5,2025-09,17387017.56017427,4219250.191543311,Risco de Churn
TAAMBE,200634.67560655507,0.0,304,Faixa 06 - De 50 M ate 75 M,MANUFATURA,MODALIDADE TRADICIONAL,ATIVO,8.0,8,2025-09,210666.40938688285,0.0,Manter Ativo
TAAMGI,56929.477247842886,26514.56919094352,160,"Faixa 01 - De 4,5 M ate 7,5 M",VAREJO,MODALIDADE TRADICIONAL,ATIVO,7.0,8,2025-09,59775.95111023503,27044.86057476239,Manter Ativo
TAAMJN,75669.43262255573,0.0,48,Faixa 06 - De 50 M ate 75 M,SERVICOS,MODALIDADE TRADICIONAL,ATIVO,10.0,9,2025-09,79452.90425368352,0.0,Manter Ativo
TAAMJS,11765.663516471752,44153.29049727068,51,Faixa 06 - De 50 M ate 75 M,MANUFATURA,MODALIDADE TRADICIONAL,ATIVO,10.0,9,2025-09,12353.94669229534,45036.3563072161,Manter Ativo
TAAOFB,436255.1806478659,104602.04375609707,168,Faixa 09 - De 300 M ate 500 M,EDUCACIONAL,MODALIDADE ASSINATURA COMPLEMENTAR,ATIVO,6.0,5,2025-09,458067.93968025927,106694.08463121901,Manter Ativo
TAAOLS,4098.744118292296,0.0,88,Faixa 06 - De 50 M ate 75 M,SERVICOS,MODALIDADE TRADICIONAL,ATIVO,8.0,8,2025-09,4303.681324206911,0.0,Manter Ativo
TAAONL,10386.15090575939,0.0,32,Faixa 03 - De 15 M ate 25 M,EDUCACIONAL,MODALIDADE TRADICIONAL,CANCELADO,9.0,9,2025-09,10905.45845104736,0.0,Risco de Churn
TAAQOT,240340.91558717185,228420.154956968,56,"Faixa 02 - De 7,5 M ate 15 M",MANUFATURA,MODALIDADE TRADICIONAL,ATIVO,10.0,9,2025-09,252357.96136653045,232988.55805610737,Manter Ativo
TAAQTH,1885.5645529477881,1885.5645529477893,14,"Faixa 00 - Ate 4,5 M",DISTRIBUICAO,MODALIDADE CORPORATIVO,ATIVO,7.0,8,2025-09,1979.8427805951776,1923.275844006745,Manter Ativo
TB0123,14431.606928055928,0.0,80,"Faixa 00 - Ate 4,5 M",VAREJO,MODALIDADE ASSINATURA COMPLEMENTAR,ATIVO,10.0,9,2025-09,15153.187274458725,0.0,Manter Ativo
TB0458,1365727.1871080238,406510.6365022844,266,"Faixa 00 - Ate 4,5 M",VAREJO,MODALIDADE TRADICIONAL,ATIVO,9.0,9,2025-09,1434013.546463425,414640.8492323301,Manter Ativo
TB0487,322252.6812384958,245376.39683504333,176,Faixa 06 - De 50 M ate 75 M,DISTRIBUICAO,MODALIDADE TRADICIONAL,ATIVO,6.0,5,2025-09,338365.3153004206,250283.9247717442,Manter Ativo
TB0516,1459380.8560739758,1494819.247569818,240,Faixa 05 - De 35 M ate 50 M,LOGISTICA,MODALIDADE TRADICIONAL,ATIVO,10.0,9,2025-09,1532349.8988776747,1524715.6325212144,Manter Ativo
TB0580,21868.2558350502,17446.869867627447,20,"Faixa 00 - Ate 4,5 M",DISTRIBUICAO,MODALIDADE TRADICIONAL,ATIVO,8.0,8,2025-09,22961.66862680271,17795.807264979998,Manter Ativo
TB0598,285796.85536703997,0.0,38,Faixa 03 - De 15 M ate 25 M,DISTRIBUICAO,MODALIDADE TRADICIONAL,ATIVO,8.0,8,2025-09,300086.698135392,0.0,Manter Ativo
TB0659,421640.1678305632,148856.10071447707,432,"Faixa 02 - De 7,5 M ate 15 M",VAREJO,MODALIDADE TRADICIONAL,ATIVO,9.0,9,2025-09,442722.17622209137,151833.22272876662,Manter Ativo
TB0713,254478.95033979652,0.0,52,Faixa 04 - De 25 M ate 35 M,VAREJO,MODALIDADE TRADICIONAL,ATIVO,8.0,8,2025-09,267202.8978567864,0.0,Manter Ativo
TB0731,1105.7826420576148,0.0,8,"Faixa 02 - De 7,5 M ate 15 M",DISTRIBUICAO,MODALIDADE ASSINATURA COMPLEMENTAR,ATIVO,9.0,9,2025-09,1161.0717741604956,0.0,Manter Ativo
TB0752,472680.5117379752,694978.5555791833,168,"Faixa 00 - Ate 4,5 M",VAREJO,MODALIDADE TRADICIONAL,ATIVO,10.0,9,2025-09,496314.53732487396,708878.126690767,Manter Ativo
TB0766,1228908.1593494064,2425457.546994986,150,Faixa 04 - De 25 M ate 35 M,DISTRIBUICAO,MODALIDADE TRADICIONAL,ATIVO,10.0,9,2025-09,1290353.5673168767,2473966.697934886,Manter Ativo
TB0791,10285.443298653503,2343.785006051039,252,"Faixa 01 - De 4,5 M ate 7,5 M",DISTRIBUICAO,MODALIDADE TRADICIONAL,ATIVO,10.0,9,2025-09,10799.715463586179,2390.6607061720597,Manter Ativo
TB0799,564622.7945733061,388730.08125222166,90,"Faixa 00 - Ate 4,5 M",LOGISTICA,MODALIDADE TRADICIONAL,ATIVO,9.0,9,2025-09,592853.9343019715,396504.6828772661,Manter Ativo
TB0806,33609.37302835065,0.0,135,Faixa 04 - De 25 M ate 35 M,DISTRIBUICAO,MODALIDADE ASSINATURA COMPLEMENTAR,ATIVO,7.0,8,2025-09,35289.841679768186,0.0,Manter Ativo
TB0830,700219.7063449229,630405.8098347121,92,"Faixa 02 - De 7,5 M ate 15 M",DISTRIBUICAO,MODALIDADE TRADICIONAL,ATIVO,0.0,9,2025-09,735230.6916621691,643013.9260314063,Manter Ativo
TB0846,34400.83745886624,26289.67963718925,18,"Faixa 00 - Ate 4,5 M",DISTRIBUICAO,MODALIDADE TRADICIONAL,ATIVO,8.0,8,2025-09,36120.879331809556,26815.473229933035,Manter Ativo
TB0849,26034.110332363998,0.0,10,Faixa 03 - De 15 M ate 25 M,VAREJO,MODALIDADE TRADICIONAL,ATIVO,8.0,8,2025-09,27335.815848982198,0.0,Manter Ativo
TB0902,51717.06405107075,0.0,96,"Faixa 01 - De 4,5 M ate 7,5 M",LOGISTICA,MODALIDADE TRADICIONAL,ATIVO,10.0,9,2025-09,54302.91725362429,0.0,Manter Ativo
TB0924,33711.29975409325,31629.444489065187,18,"Faixa 00 - Ate 4,5 M",LOGISTICA,MODALIDADE TRADICIONAL,ATIVO,8.0,8,2025-09,35396.864741797915,32262.033378846492,Manter Ativo
TB0925,102743.72860660833,0.0,246,Faixa 06 - De 50 M ate 75 M,DISTRIBUICAO,MODALIDADE ASSINATURA COMPLEMENTAR,ATIVO,10.0,9,2025-09,107880.91503693875,0.0,Manter Ativo
TB1040,457225.09738653677,149156.5251774178,168,Faixa 03 - De 15 M ate 25 M,DISTRIBUICAO,MODALIDADE TRADICIONAL,ATIVO,10.0,9,2025-09,480086.3522558636,152139.65568096616,Manter Ativo
TB1056,79032.87584476772,86309.6688714896,46,"Faixa 00 - Ate 4,5 M",DISTRIBUICAO,MODALIDADE TRADICIONAL,ATIVO,10.0,9,2025-09,82984.51963700612,88035.8622489194,Manter Ativo
TB1172,123658.18385502319,66585.40131336504,82,"Faixa 02 - De 7,5 M ate 15 M",VAREJO,MODALIDADE TRADICIONAL,ATIVO,10.0,9,2025-09,129841.09304777435,67917.10933963234,Manter Ativo
TB1197,6359.03210930172,0.0,38,"Faixa 01 - De 4,5 M ate 7,5 M",LOGISTICA,MODALIDADE SERVICOS RECORRENTES,ATIVO,10.0,9,2025-09,6676.983714766807,0.0,Manter Ativo
TB1231,32924.61090554757,26799.927029077877,32,"Faixa 00 - Ate 4,5 M",DISTRIBUICAO,MODALIDADE TRADICIONAL,ATIVO,10.0,9,2025-09,34570.84145082495,27335.925569659434,Manter Ativo
TB1292,212473.84777296244,83367.40171125472,64,Faixa 03 - De 15 M ate 25 M,LOGISTICA,MODALIDADE TRADICIONAL,GRATUITO,5.0,8,2025-09,223097.54016161058,85034.74974547981,Risco de Churn
TB1362,96066.71672599699,1082.325117944622,40,Faixa 03 - De 15 M ate 25 M,VAREJO,MODALIDADE TRADICIONAL,ATIVO,5.0,5,2025-09,100870.05256229684,1103.9716203035143,Manter Ativo
TB1380,101621.02123478735,0.0,72,"Faixa 01 - De 4,5 M ate 7,5 M",DISTRIBUICAO,MODALIDADE TRADICIONAL,ATIVO,5.0,5,2025-09,106702.07229652672,0.0,Manter Ativo
TB1393,3653831.606265802,700894.6776839169,378,Sem Informações de Faturamento,MANUFATURA,MODALIDADE ASSINATURA COMPLEMENTAR,ATIVO,0.0,8,2025-09,3836523.1865790924,714912.5712375952,Manter Ativo
TB1418,101371.08509883509,64985.36275284647,72,Faixa 03 - De 15 M ate 25 M,DISTRIBUICAO,MODALIDADE TRADICIONAL,ATIVO,10.0,9,2025-09,106439.63935377685,66285.0700079034,Manter Ativo
TB1474,135443.23976553313,16153.91047626318,80,Faixa 03 - De 15 M ate 25 M,LOGISTICA,MODALIDADE TRADICIONAL,ATIVO,8.0,8,2025-09,142215.4017538098,16476.988685788445,Manter Ativo
TB1475,77120.1039269348,0.0,37,"Faixa 01 - De 4,5 M ate 7,5 M",VAREJO,MODALIDADE TRADICIONAL,ATIVO,7.0,9,2025-09,80976.10912328154,0.0,Manter Ativo
TB1479,100443.74359047355,70529.40144194443,52,Faixa 03 - De 15 M ate 25 M,DISTRIBUICAO,MODALIDADE TRADICIONAL,ATIVO,8.0,8,2025-09,105465.93076999723,71939.98947078332,Manter Ativo
TB1491,1985870.4058127324,2124787.679676254,792,"Faixa 02 - De 7,5 M ate 15 M",DISTRIBUICAO,MODALIDADE TRADICIONAL,ATIVO,6.0,5,2025-09,2085163.926103369,2167283.4332697787,Manter Ativo
TB1570,418076.5579397778,75403.53864403475,200,Faixa 08 - De 150 M ate 300 M,DISTRIBUICAO,MODALIDADE ASSINATURA COMPLEMENTAR,ATIVO,7.0,8,2025-09,438980.3858367667,76911.60941691545,Manter Ativo
TB1601,252.4332272288457,0.0,6,Sem Informações de Faturamento,LOGISTICA,MODALIDADE ASSINATURA COMPLEMENTAR,ATIVO,0.0,9,2025-09,265.054888590288,0.0,Manter Ativo
TB1633,407665.7261874114,271777.43665390863,102,Faixa 03 - De 15 M ate 25 M,DISTRIBUICAO,MODALIDADE TRADICIONAL,TROCADO,7.0,8,2025-09,428049.012496782,277212.9853869868,Risco de Churn
TB1640,212326.725376657,198797.5983444888,120,"Faixa 00 - Ate 4,5 M",VAREJO,MODALIDADE TRADICIONAL,ATIVO,0.0,9,2025-09,222943.06164548986,202773.55031137858,Manter Ativo
TB1645,99551.96671544465,149217.598817259,45,"Faixa 02 - De 7,5 M ate 15 M",DISTRIBUICAO,MODALIDADE ASSINATURA COMPLEMENTAR,CANCELADO,0.0,9,2025-09,104529.5650512169,152201.95079360416,Risco de Churn
TB1663,122327.2300007676,14584.955237122898,165,"Faixa 02 - De 7,5 M ate 15 M",VAREJO,MODALIDADE TRADICIONAL,ATIVO,5.0,5,2025-09,128443.59150080598,14876.654341865356,Manter Ativo
TB1665,65135.137783150814,48745.94581771986,42,"Faixa 00 - Ate 4,5 M",DISTRIBUICAO,MODALIDADE TRADICIONAL,ATIVO,8.0,8,2025-09,68391.89467230836,49720.86473407426,Manter Ativo
TB1687,70147.22876862684,0.0,24,Faixa 04 - De 25 M ate 35 M,MANUFATURA,MODALIDADE TRADICIONAL,ATIVO,10.0,9,2025-09,73654.59020705818,0.0,Manter Ativo
TB1726,706.248037810518,0.0,42,Faixa 07 - De 75 M ate 150 M,DISTRIBUICAO,MODALIDADE TRADICIONAL,ATIVO,8.0,8,2025-09,741.560439701044,0.0,Manter Ativo
TB1733,6259.543620832508,988.9364265162831,10,"Faixa 02 - De 7,5 M ate 15 M",VAREJO,MODALIDADE TRADICIONAL,ATIVO,8.0,8,2025-09,6572.520801874134,1008.7151550466087,Manter Ativo
TB1739,158096.56596404227,64350.967045168436,56,"Faixa 00 - Ate 4,5 M",DISTRIBUICAO,MODALIDADE TRADICIONAL,ATIVO,10.0,9,2025-09,166001.3942622444,65637.9863860718,Manter Ativo
TB1823,32015.623438454324,19036.251649718477,22,"Faixa 02 - De 7,5 M ate 15 M",DISTRIBUICAO,MODALIDADE TRADICIONAL,ATIVO,8.0,8,2025-09,33616.404610377045,19416.976682712848,Manter Ativo
TB1827,528.8788877432493,0.0,8,"Faixa 00 - Ate 4,5 M",DISTRIBUICAO,MODALIDADE ASSINATURA COMPLEMENTAR,ATIVO,10.0,9,2025-09,555.3228321304117,0.0,Manter Ativo
TB1856,532628.6612537145,135543.9305572096,72,"Faixa 01 - De 4,5 M ate 7,5 M",LOGISTICA,MODALIDADE TRADICIONAL,ATIVO,5.0,5,2025-09,559260.0943164002,138254.8091683538,Manter Ativo
TB1896,20972.405422231725,10447.745823914145,16,"Faixa 00 - Ate 4,5 M",LOGISTICA,MODALIDADE TRADICIONAL,ATIVO,10.0,9,2025-09,22021.025693343312,10656.700740392429,Manter Ativo
TB1914,74092.98610958579,40724.447865985996,50,"Faixa 02 - De 7,5 M ate 15 M",DISTRIBUICAO,MODALIDADE TRADICIONAL,ATIVO,10.0,9,2025-09,77797.63541506509,41538.93682330572,Manter Ativo
TB1925,51542.75951302481,22010.682522675368,34,"Faixa 00 - Ate 4,5 M",VAREJO,MODALIDADE TRADICIONAL,ATIVO,8.0,9,2025-09,54119.89748867605,22450.896173128876,Manter Ativo
TB1937,43390.17688084425,0.0,15,Faixa 04 - De 25 M ate 35 M,VAREJO,MODALIDADE TRADICIONAL,ATIVO,8.0,8,2025-09,45559.68572488646,0.0,Manter Ativo
TB1944,13469.159006814929,2165.217756633912,20,"Faixa 00 - Ate 4,5 M",DISTRIBUICAO,MODALIDADE TRADICIONAL,ATIVO,10.0,9,2025-09,14142.616957155677,2208.52211176659,Manter Ativo
TB2021,2483.8239026911815,2470.190793247018,6,"Faixa 00 - Ate 4,5 M",VAREJO,MODALIDADE TRADICIONAL,ATIVO,10.0,9,2025-09,2608.0150978257407,2519.5946091119586,Manter Ativo
TB2095,19236.8513156008,19058.47323976528,26,"Faixa 01 - De 4,5 M ate 7,5 M",DISTRIBUICAO,MODALIDADE TRADICIONAL,ATIVO,8.0,8,2025-09,20198.69388138084,19439.642704560585,Manter Ativo
TB2234,300724.6267648018,88736.40859498165,90,"Faixa 01 - De 4,5 M ate 7,5 M",DISTRIBUICAO,MODALIDADE TRADICIONAL,ATIVO,10.0,9,2025-09,315760.8581030419,90511.13676688129,Manter Ativo
TB2281,1309779.1592167227,63636.17676918623,432,Faixa 06 - De 50 M ate 75 M,DISTRIBUICAO,MODALIDADE TRADICIONAL,ATIVO,5.0,5,2025-09,1375268.1171775588,64908.90030456996,Manter Ativo
TB2357,16347.96473622375,0.0,7,"Faixa 00 - Ate 4,5 M",VAREJO,MODALIDADE TRADICIONAL,ATIVO,10.0,9,2025-09,17165.36297303494,0.0,Manter Ativo
TB2359,146838.38370131128,85409.43383543642,52,"Faixa 01 - De 4,5 M ate 7,5 M",AGROINDUSTRIA,MODALIDADE TRADICIONAL,ATIVO,8.0,8,2025-09,154180.30288637686,87117.62251214514,Manter Ativo
TB2401,8267523.003760916,2930994.054278548,1081,Faixa 05 - De 35 M ate 50 M,VAREJO,MODALIDADE TRADICIONAL,ATIVO,6.0,9,2025-09,8680899.153948963,2989613.935364119,Manter Ativo
TB2409,3921988.8659241763,118296.34454810848,480,Faixa 04 - De 25 M ate 35 M,VAREJO,MODALIDADE ASSINATURA (INTERA),ATIVO,0.0,8,2025-09,4118088.3092203853,120662.27143907065,Manter Ativo
TB2448,97378.60608708896,43439.58481648944,66,"Faixa 00 - Ate 4,5 M",DISTRIBUICAO,MODALIDADE TRADICIONAL,ATIVO,5.0,5,2025-09,102247.53639144341,44308.37651281923,Manter Ativo
TB2576,9180.013780614787,74215.0324966912,48,"Faixa 02 - De 7,5 M ate 15 M",DISTRIBUICAO,MODALIDADE TRADICIONAL,ATIVO,8.0,8,2025-09,9639.014469645526,75699.33314662502,Manter Ativo
TB2577,7839590.317252325,1384155.3507894718,1140,"Faixa 02 - De 7,5 M ate 15 M",VAREJO,MODALIDADE TRADICIONAL,ATIVO,9.0,9,2025-09,8231569.833114942,1411838.4578052612,Manter Ativo
TB2610,81386.6786429265,80632.00216823757,20,"Faixa 02 - De 7,5 M ate 15 M",DISTRIBUICAO,MODALIDADE TRADICIONAL,CANCELADO,10.0,9,2025-09,85456.01257507283,82244.64221160232,Risco de Churn
TB2622,1730.8247670920314,0.0,18,"Faixa 01 - De 4,5 M ate 7,5 M",VAREJO,MODALIDADE TRADICIONAL,ATIVO,0.0,8,2025-09,1817.366005446633,0.0,Manter Ativo
TB2633,19113.678294720783,20989.859838023352,50,"Faixa 01 - De 4,5 M ate 7,5 M",DISTRIBUICAO,MODALIDADE TRADICIONAL,ATIVO,8.0,8,2025-09,20069.362209456824,21409.65703478382,Manter Ativo
TB2743,107198.36288195381,69961.79662012783,68,Faixa 03 - De 15 M ate 25 M,DISTRIBUICAO,MODALIDADE TRADICIONAL,ATIVO,9.0,9,2025-09,112558.28102605151,71361.03255253039,Manter Ativo
TB2850,49333.01449914993,11883.506046209262,42,"Faixa 01 - De 4,5 M ate 7,5 M",DISTRIBUICAO,MODALIDADE TRADICIONAL,ATIVO,8.0,8,2025-09,51799.66522410743,12121.176167133448,Manter Ativo
TB2922,22942.669293428386,1743.675959065752,36,"Faixa 00 - Ate 4,5 M",VAREJO,MODALIDADE TRADICIONAL,ATIVO,9.0,9,2025-09,24089.802758099806,1778.549478247067,Manter Ativo
TB2947,136625.3644573923,196423.76416597195,100,Sem Informações de Faturamento,MANUFATURA,MODALIDADE TRADICIONAL,ATIVO,0.0,9,2025-09,143456.63268026194,200352.2394492914,Manter Ativo
TB2958,96104.34124943992,37696.6111890268,58,Faixa 05 - De 35 M ate 50 M,DISTRIBUICAO,MODALIDADE TRADICIONAL,CANCELADO,9.0,9,2025-09,100909.55831191193,38450.54341280734,Risco de Churn
TB2968,56524.86438389537,21431.710470535923,104,"Faixa 00 - Ate 4,5 M",DISTRIBUICAO,MODALIDADE TRADICIONAL,ATIVO,9.0,9,2025-09,59351.107603090146,21860.344679946644,Manter Ativo
TB2980,25626.71451483884,0.0,40,Faixa 03 - De 15 M ate 25 M,VAREJO,MODALIDADE TRADICIONAL,ATIVO,8.0,8,2025-09,26908.050240580786,0.0,Manter Ativo
TB3034,38104.55350800979,0.0,54,"Faixa 01 - De 4,5 M ate 7,5 M",DISTRIBUICAO,MODALIDADE TRADICIONAL,ATIVO,10.0,9,2025-09,40009.78118341028,0.0,Manter Ativo
TB3111,2391834.263402603,1349305.5876061423,592,"Faixa 02 - De 7,5 M ate 15 M",VAREJO,MODALIDADE TRADICIONAL,ATIVO,7.0,8,2025-09,2511425.9765727334,1376291.6993582651,Manter Ativo
TB3150,112015.6471170008,0.0,80,"Faixa 01 - De 4,5 M ate 7,5 M",VAREJO,MODALIDADE TRADICIONAL,ATIVO,8.0,8,2025-09,117616.42947285084,0.0,Manter Ativo
TB3209,30504.618373130874,25462.991085787853,36,"Faixa 01 - De 4,5 M ate 7,5 M",VAREJO,MODALIDADE TRADICIONAL,ATIVO,8.0,8,2025-09,32029.849291787417,25972.25090750361,Manter Ativo
TB3236,811565.5949060662,1042025.3689730869,364,"Faixa 01 - De 4,5 M ate 7,5 M",VAREJO,MODALIDADE TRADICIONAL,ATIVO,10.0,9,2025-09,852143.8746513695,1062865.8763525486,Manter Ativo
TB3272,1514.5993633730743,0.0,18,"Faixa 00 - Ate 4,5 M",DISTRIBUICAO,MODALIDADE TRADICIONAL,ATIVO,10.0,9,2025-09,1590.3293315417282,0.0,Manter Ativo
TB3288,149032.6879470737,193101.03530236796,186,"Faixa 00 - Ate 4,5 M",VAREJO,MODALIDADE TRADICIONAL,ATIVO,10.0,9,2025-09,156484.32234442738,196963.05600841533,Manter Ativo
TB3291,6567322.337076124,75997.33349725362,322,Faixa 11 - Acima de 850 M,VAREJO,MODALIDADE TRADICIONAL,CANCELADO,7.0,8,2025-09,6895688.45392993,77517.2801671987,Risco de Churn
TB3342,217530.92003227505,144700.8063068712,128,"Faixa 00 - Ate 4,5 M",VAREJO,MODALIDADE TRADICIONAL,ATIVO,10.0,9,2025-09,228407.4660338888,147594.82243300864,Manter Ativo
TB3345,16927.50430910777,9194.34052652466,90,"Faixa 02 - De 7,5 M ate 15 M",VAREJO,MODALIDADE TRADICIONAL,ATIVO,8.0,8,2025-09,17773.87952456316,9378.227337055154,Manter Ativo
TB3389,51152.53645284768,16834.531799558863,32,"Faixa 02 - De 7,5 M ate 15 M",LOGISTICA,MODALIDADE TRADICIONAL,ATIVO,0.0,8,2025-09,53710.163275490064,17171.22243555004,Manter Ativo
TB3492,42704.12837768669,27407.804804479107,16,"Faixa 00 - Ate 4,5 M",VAREJO,MODALIDADE TRADICIONAL,ATIVO,7.0,9,2025-09,44839.33479657103,27955.96090056869,Manter Ativo
TB3493,506405.3142819346,191211.54855049614,410,"Faixa 00 - Ate 4,5 M",VAREJO,MODALIDADE TRADICIONAL,ATIVO,10.0,9,2025-09,531725.5799960314,195035.77952150608,Manter Ativo
TB3507,165943.06574126458,211926.01789620455,136,"Faixa 02 - De 7,5 M ate 15 M",DISTRIBUICAO,MODALIDADE TRADICIONAL,ATIVO,8.0,8,2025-09,174240.21902832782,216164.53825412865,Manter Ativo
TB3544,42993.40421088792,0.0,54,"Faixa 02 - De 7,5 M ate 15 M",MANUFATURA,MODALIDADE TRADICIONAL,ATIVO,8.0,8,2025-09,45143.07442143232,0.0,Manter Ativo
TB3552,7953.614062956831,5302.459821592966,18,"Faixa 02 - De 7,5 M ate 15 M",DISTRIBUICAO,MODALIDADE TRADICIONAL,ATIVO,7.0,8,2025-09,8351.294766104673,5408.509018024826,Manter Ativo
TB3627,314642.2448679117,146489.2953854791,384,"Faixa 01 - De 4,5 M ate 7,5 M",VAREJO,MODALIDADE ASSINATURA COMPLEMENTAR,ATIVO,3.0,5,2025-09,330374.35711130727,149419.0812931887,Manter Ativo
TB3641,7683.058006614881,0.0,27,"Faixa 00 - Ate 4,5 M",DISTRIBUICAO,MODALIDADE TRADICIONAL,ATIVO,9.0,9,2025-09,8067.2109069456255,0.0,Manter Ativo
TB3668,4401.955738668232,0.0,6,"Faixa 00 - Ate 4,5 M",DISTRIBUICAO,MODALIDADE TRADICIONAL,ATIVO,8.0,8,2025-09,4622.053525601644,0.0,Manter Ativo
TB3740,7374.616787673245,0.0,45,Faixa 06 - De 50 M ate 75 M,LOGISTICA,MODALIDADE TRADICIONAL,ATIVO,10.0,9,2025-09,7743.347627056908,0.0,Manter Ativo
TB3745,14714.846022076863,11706.565689593535,16,Faixa 03 - De 15 M ate 25 M,DISTRIBUICAO,MODALIDADE TRADICIONAL,ATIVO,7.0,8,2025-09,15450.588323180707,11940.697003385407,Manter Ativo
TB3747,292824.5025829938,272186.34586008557,126,"Faixa 02 - De 7,5 M ate 15 M",DISTRIBUICAO,MODALIDADE TRADICIONAL,ATIVO,10.0,8,2025-09,307465.7277121435,277630.0727772873,Manter Ativo
TB3857,163742.7836103249,107451.04834062494,168,"Faixa 00 - Ate 4,5 M",DISTRIBUICAO,MODALIDADE TRADICIONAL,ATIVO,10.0,9,2025-09,171929.92279084114,109600.06930743744,Manter Ativo
TB3904,9383.615000657874,0.0,27,"Faixa 00 - Ate 4,5 M",DISTRIBUICAO,MODALIDADE TRADICIONAL,ATIVO,10.0,9,2025-09,9852.795750690768,0.0,Manter Ativo
TB3925,50006.24964505018,4699.7906254706195,51,"Faixa 00 - Ate 4,5 M",LOGISTICA,MODALIDADE TRADICIONAL,ATIVO,7.0,9,2025-09,52506.56212730269,4793.786437980032,Manter Ativo
TB3936,17007.949323700293,4153.436302648928,85,"Faixa 00 - Ate 4,5 M",VAREJO,MODALIDADE ASSINATURA COMPLEMENTAR,ATIVO,10.0,9,2025-09,17858.34678988531,4236.505028701907,Manter Ativo
TB3971,4038.6794042194547,0.0,42,"Faixa 01 - De 4,5 M ate 7,5 M",VAREJO,MODALIDADE TRADICIONAL,ATIVO,10.0,9,2025-09,4240.613374430428,0.0,Manter Ativo
TB4028,461192.8703285313,179365.37275771398,187,"Faixa 02 - De 7,5 M ate 15 M",MANUFATURA,MODALIDADE TRADICIONAL,ATIVO,7.0,9,2025-09,484252.5138449579,182952.68021286826,Manter Ativo
TB4038,26616.57158611872,0.0,12,"Faixa 00 - Ate 4,5 M",DISTRIBUICAO,MODALIDADE TRADICIONAL,ATIVO,8.0,8,2025-09,27947.400165424657,0.0,Manter Ativo
TB4069,11199.3282595803,0.0,84,"Faixa 01 - De 4,5 M ate 7,5 M",VAREJO,MODALIDADE TRADICIONAL,CANCELADO,10.0,9,2025-09,11759.294672559316,0.0,Risco de Churn
TB4074,128600.2637998938,59802.124326207726,52,"Faixa 00 - Ate 4,5 M",MANUFATURA,MODALIDADE TRADICIONAL,ATIVO,7.0,8,2025-09,135030.2769898885,60998.166812731884,Manter Ativo
TB4082,520574.1675129244,478722.66548659885,60,"Faixa 01 - De 4,5 M ate 7,5 M",DISTRIBUICAO,MODALIDADE TRADICIONAL,ATIVO,9.0,9,2025-09,546602.8758885707,488297.1187963308,Manter Ativo
TB4090,97943.73904077319,90243.93286640447,46,"Faixa 00 - Ate 4,5 M",DISTRIBUICAO,MODALIDADE TRADICIONAL,ATIVO,8.0,8,2025-09,102840.92599281186,92048.81152373257,Manter Ativo
TB4095,167745.36028746841,465735.5039501596,145,"Faixa 02 - De 7,5 M ate 15 M",DISTRIBUICAO,MODALIDADE TRADICIONAL,ATIVO,10.0,9,2025-09,176132.62830184185,475050.2140291628,Manter Ativo
TB4132,48748.468132140675,19384.69257151584,32,Faixa 03 - De 15 M ate 25 M,MANUFATURA,MODALIDADE ASSINATURA COMPLEMENTAR,ATIVO,10.0,9,2025-09,51185.89153874771,19772.386422946158,Manter Ativo
TB4142,168.2888181525638,0.0,4,Sem Informações de Faturamento,VAREJO,MODALIDADE ASSINATURA COMPLEMENTAR,ATIVO,0.0,9,2025-09,176.703259060192,0.0,Manter Ativo
TB4144,841.4440907628191,0.0,20,"Faixa 00 - Ate 4,5 M",VAREJO,MODALIDADE TRADICIONAL,ATIVO,8.0,8,2025-09,883.5162953009601,0.0,Manter Ativo
TB4155,64333.14268992854,76381.73421497595,48,"Faixa 00 - Ate 4,5 M",VAREJO,MODALIDADE TRADICIONAL,ATIVO,9.0,9,2025-09,67549.79982442498,77909.36889927548,Manter Ativo
TB4166,51814.64398829503,47415.97146223114,22,"Faixa 00 - Ate 4,5 M",LOGISTICA,MODALIDADE TRADICIONAL,ATIVO,0.0,8,2025-09,54405.376187709786,48364.29089147576,Manter Ativo
TB4172,10097.32908915384,0.0,30,"Faixa 00 - Ate 4,5 M",VAREJO,MODALIDADE TRADICIONAL,ATIVO,10.0,9,2025-09,10602.195543611533,0.0,Manter Ativo
TB4228,369261.6604535084,144359.49512716982,120,"Faixa 02 - De 7,5 M ate 15 M",VAREJO,MODALIDADE TRADICIONAL,ATIVO,8.0,9,2025-09,387724.7434761838,147246.68502971323,Manter Ativo
TB4232,1279303.1186659785,917592.8724256082,555,"Faixa 00 - Ate 4,5 M",VAREJO,MODALIDADE TRADICIONAL,ATIVO,7.0,8,2025-09,1343268.2745992774,935944.7298741204,Manter Ativo
TB4253,26018.68217582372,10073.55207188088,16,"Faixa 00 - Ate 4,5 M",DISTRIBUICAO,MODALIDADE TRADICIONAL,ATIVO,10.0,9,2025-09,27319.61628461491,10275.023113318499,Manter Ativo
TB4311,7631.867635445718,0.0,27,"Faixa 00 - Ate 4,5 M",VAREJO,MODALIDADE ASSINATURA COMPLEMENTAR,ATIVO,9.0,9,2025-09,8013.461017218005,0.0,Manter Ativo
TB4327,25012.951339122556,0.0,34,"Faixa 00 - Ate 4,5 M",VAREJO,MODALIDADE TRADICIONAL,ATIVO,10.0,9,2025-09,26263.598906078685,0.0,Manter Ativo
TB4345,19932.75786428624,8630.60325348664,8,"Faixa 00 - Ate 4,5 M",VAREJO,MODALIDADE TRADICIONAL,ATIVO,10.0,9,2025-09,20929.39575750055,8803.215318556373,Manter Ativo
TB4355,63350.44899160357,9134.141289016059,20,Faixa 03 - De 15 M ate 25 M,DISTRIBUICAO,MODALIDADE TRADICIONAL,ATIVO,9.0,9,2025-09,66517.97144118375,9316.82411479638,Manter Ativo
TB4358,88444.57681650066,31842.83228906073,90,"Faixa 00 - Ate 4,5 M",VAREJO,MODALIDADE TRADICIONAL,ATIVO,10.0,9,2025-09,92866.80565732569,32479.688934841946,Manter Ativo
TB4359,2362563.6999713946,1755968.807315451,583,"Faixa 02 - De 7,5 M ate 15 M",DISTRIBUICAO,MODALIDADE TRADICIONAL,ATIVO,9.0,9,2025-09,2480691.8849699646,1791088.1834617602,Manter Ativo
TB4370,44194.02587516583,25750.47607575044,85,"Faixa 00 - Ate 4,5 M",VAREJO,MODALIDADE TRADICIONAL,ATIVO,10.0,9,2025-09,46403.727168924124,26265.48559726545,Manter Ativo
TB4380,831526.5606532912,795319.3677220033,450,"Faixa 00 - Ate 4,5 M",DISTRIBUICAO,MODALIDADE TRADICIONAL,ATIVO,10.0,9,2025-09,873102.8886859558,811225.7550764433,Manter Ativo
TB4388,319406.8757894251,249860.25212295307,371,Faixa 03 - De 15 M ate 25 M,VAREJO,MODALIDADE TRADICIONAL,ATIVO,8.0,8,2025-09,335377.21957889636,254857.45716541214,Manter Ativo
TB4393,244933.2093758875,34147.227151574385,112,"Faixa 02 - De 7,5 M ate 15 M",VAREJO,MODALIDADE TRADICIONAL,ATIVO,9.0,9,2025-09,257179.86984468187,34830.17169460587,Manter Ativo
TB4400,211168.16330534543,131312.69767010995,112,"Faixa 01 - De 4,5 M ate 7,5 M",DISTRIBUICAO,MODALIDADE TRADICIONAL,ATIVO,10.0,9,2025-09,221726.57147061272,133938.95162351214,Manter Ativo
TB4410,49621.045990570296,0.0,28,"Faixa 00 - Ate 4,5 M",VAREJO,MODALIDADE ASSINATURA COMPLEMENTAR,ATIVO,10.0,9,2025-09,52102.09829009881,0.0,Manter Ativo
TB4413,432248.6187139381,142519.03796377982,144,"Faixa 00 - Ate 4,5 M",VAREJO,MODALIDADE TRADICIONAL,ATIVO,9.0,9,2025-09,453861.04964963504,145369.41872305542,Manter Ativo
TB4442,10531.368954676798,7648.262679180618,18,"Faixa 00 - Ate 4,5 M",VAREJO,MODALIDADE TRADICIONAL,ATIVO,9.0,9,2025-09,11057.937402410638,7801.22793276423,Manter Ativo
TB4511,17004.266744645996,15669.457953184121,40,"Faixa 00 - Ate 4,5 M",VAREJO,MODALIDADE TRADICIONAL,CANCELADO,8.0,8,2025-09,17854.480081878297,15982.847112247804,Risco de Churn
TB4615,89348.49863546566,8566.08245060379,210,"Faixa 00 - Ate 4,5 M",LOGISTICA,MODALIDADE TRADICIONAL,ATIVO,9.0,9,2025-09,93815.92356723895,8737.404099615866,Manter Ativo
TB4649,4357.449500714077,6536.22469735953,12,"Faixa 00 - Ate 4,5 M",VAREJO,MODALIDADE TRADICIONAL,ATIVO,10.0,9,2025-09,4575.321975749781,6666.949191306721,Manter Ativo
TB4671,23245.6497016491,0.0,15,"Faixa 00 - Ate 4,5 M",DISTRIBUICAO,MODALIDADE TRADICIONAL,ATIVO,10.0,8,2025-09,24407.932186731556,0.0,Manter Ativo
TB4702,40987.60933721772,35746.30302875587,30,"Faixa 00 - Ate 4,5 M",VAREJO,MODALIDADE TRADICIONAL,ATIVO,8.0,8,2025-09,43036.98980407861,36461.22908933099,Manter Ativo
TB4721,154095.9566921469,144952.66780949823,288,"Faixa 00 - Ate 4,5 M",VAREJO,MODALIDADE TRADICIONAL,ATIVO,8.0,9,2025-09,161800.75452675426,147851.7211656882,Manter Ativo
TB4727,25600.230213420902,0.0,15,Faixa 04 - De 25 M ate 35 M,DISTRIBUICAO,MODALIDADE TRADICIONAL,ATIVO,8.0,8,2025-09,26880.24172409195,0.0,Manter Ativo
TB4733,89819.61652297352,94094.93946614799,72,"Faixa 01 - De 4,5 M ate 7,5 M",DISTRIBUICAO,MODALIDADE TRADICIONAL,ATIVO,9.0,9,2025-09,94310.5973491222,95976.83825547095,Manter Ativo
TB4737,7495.107747552552,5523.296856844529,16,"Faixa 00 - Ate 4,5 M",VAREJO,MODALIDADE ASSINATURA COMPLEMENTAR,ATIVO,10.0,9,2025-09,7869.8631349301795,5633.76279398142,Manter Ativo
TB4748,1430.4171195804813,0.0,21,"Faixa 00 - Ate 4,5 M",VAREJO,MODALIDADE TRADICIONAL,ATIVO,0.0,8,2025-09,1501.9379755595055,0.0,Manter Ativo
TB4779,37188.09578637388,16287.99671087032,24,"Faixa 00 - Ate 4,5 M",VAREJO,MODALIDADE TRADICIONAL,ATIVO,9.0,9,2025-09,39047.500575692575,16613.756645087728,Manter Ativo
TB4804,75842.63154611393,58607.95137913231,40,"Faixa 00 - Ate 4,5 M",VAREJO,MODALIDADE TRADICIONAL,ATIVO,8.0,8,2025-09,79634.76312341963,59780.11040671496,Manter Ativo
TB4808,18578.090050618295,7354.328972015656,16,"Faixa 00 - Ate 4,5 M",VAREJO,MODALIDADE TRADICIONAL,ATIVO,10.0,9,2025-09,19506.994553149212,7501.41555145597,Manter Ativo
TB4815,102844.8986380246,79543.36706038375,45,"Faixa 00 - Ate 4,5 M",DISTRIBUICAO,MODALIDADE TRADICIONAL,ATIVO,9.0,9,2025-09,107987.14356992584,81134.23440159143,Manter Ativo
TB4817,183472.88191861846,26657.97117347796,64,"Faixa 00 - Ate 4,5 M",DISTRIBUICAO,MODALIDADE TRADICIONAL,ATIVO,0.0,9,2025-09,192646.5260145494,27191.130596947518,Manter Ativo
TB4850,70886.14077818595,57255.90677246179,58,"Faixa 00 - Ate 4,5 M",DISTRIBUICAO,MODALIDADE TRADICIONAL,ATIVO,10.0,9,2025-09,74430.44781709525,58401.02490791103,Manter Ativo
TB4880,63846.5882381654,31271.33889917898,42,"Faixa 00 - Ate 4,5 M",DISTRIBUICAO,MODALIDADE TRADICIONAL,ATIVO,8.0,8,2025-09,67038.91765007368,31896.76567716256,Manter Ativo
TB4892,10252.039448008007,1260.614912775466,13,Faixa 03 - De 15 M ate 25 M,DISTRIBUICAO,MODALIDADE TRADICIONAL,ATIVO,8.0,8,2025-09,10764.641420408407,1285.8272110309754,Manter Ativo
TB4894,27641.333285124405,0.0,39,"Faixa 01 - De 4,5 M ate 7,5 M",DISTRIBUICAO,MODALIDADE TRADICIONAL,ATIVO,8.0,9,2025-09,29023.399949380626,0.0,Manter Ativo
TB4910,2800.105315623992,0.0,4,"Faixa 00 - Ate 4,5 M",VAREJO,MODALIDADE TRADICIONAL,ATIVO,9.0,9,2025-09,2940.1105814051916,0.0,Manter Ativo
TB4912,59714.91950896759,4688.856392456655,68,"Faixa 01 - De 4,5 M ate 7,5 M",DISTRIBUICAO,MODALIDADE TRADICIONAL,ATIVO,10.0,9,2025-09,62700.66548441597,4782.633520305788,Manter Ativo
TB4988,269337.85835001466,36879.26781255426,124,"Faixa 00 - Ate 4,5 M",DISTRIBUICAO,MODALIDADE TRADICIONAL,ATIVO,7.0,8,2025-09,282804.7512675154,37616.85316880535,Manter Ativo
TB5148,34848.39692968446,0.0,16,"Faixa 00 - Ate 4,5 M",DISTRIBUICAO,MODALIDADE ASSINATURA COMPLEMENTAR,ATIVO,9.0,9,2025-09,36590.816776168685,0.0,Manter Ativo
TB5225,646762.9726108577,506889.312788418,296,"Faixa 00 - Ate 4,5 M",DISTRIBUICAO,MODALIDADE TRADICIONAL,ATIVO,8.0,8,2025-09,679101.1212414006,517027.0990441864,Manter Ativo
TB5353,152793.45454455737,32281.702386699453,55,"Faixa 00 - Ate 4,5 M",VAREJO,MODALIDADE TRADICIONAL,ATIVO,9.0,9,2025-09,160433.12727178526,32927.33643443344,Manter Ativo
TB5367,139735.63036962142,200601.2213096211,100,Sem Informações de Faturamento,DISTRIBUICAO,MODALIDADE TRADICIONAL,ATIVO,0.0,9,2025-09,146722.4118881025,204613.2457358135,Manter Ativo
TB5383,87440.23325273088,52414.08041810136,104,"Faixa 02 - De 7,5 M ate 15 M",DISTRIBUICAO,MODALIDADE TRADICIONAL,ATIVO,8.0,8,2025-09,91812.24491536742,53462.36202646339,Manter Ativo
TB5520,675988.6724762337,609692.7866159391,592,"Faixa 02 - De 7,5 M ate 15 M",VAREJO,MODALIDADE TRADICIONAL,ATIVO,10.0,9,2025-09,709788.1061000454,621886.6423482579,Manter Ativo
TB5558,189773.28703306714,145988.46463409462,130,"Faixa 00 - Ate 4,5 M",DISTRIBUICAO,MODALIDADE TRADICIONAL,ATIVO,0.0,9,2025-09,199261.9513847205,148908.2339267765,Manter Ativo
TB5559,379267.3118211834,77886.9505687038,390,Sem Informações de Faturamento,DISTRIBUICAO,MODALIDADE SERVICOS RECORRENTES,ATIVO,7.0,8,2025-09,398230.6774122426,79444.68958007789,Manter Ativo
TB5585,969163.6002017029,436703.02598098654,864,"Faixa 00 - Ate 4,5 M",VAREJO,MODALIDADE TRADICIONAL,ATIVO,8.0,8,2025-09,1017621.7802117881,445437.08650060627,Manter Ativo
TB5707,440641.22899025475,82522.5861268828,663,"Faixa 00 - Ate 4,5 M",VAREJO,MODALIDADE TRADICIONAL,ATIVO,9.0,9,2025-09,462673.29043976753,84173.03784942046,Manter Ativo
TB5728,2524.206156567416,0.0,30,"Faixa 00 - Ate 4,5 M",VAREJO,MODALIDADE TRADICIONAL,ATIVO,10.0,9,2025-09,2650.416464395787,0.0,Manter Ativo
TB5735,2391.0195474369852,3465.945876414068,8,"Faixa 00 - Ate 4,5 M",DISTRIBUICAO,MODALIDADE TRADICIONAL,ATIVO,0.0,9,2025-09,2510.5705248088348,3535.2647939423496,Manter Ativo
TB5739,1731.0139406735832,0.0,24,"Faixa 00 - Ate 4,5 M",DISTRIBUICAO,MODALIDADE TRADICIONAL,ATIVO,0.0,9,2025-09,1817.5646377072624,0.0,Manter Ativo
TB5783,558026.3496191492,809960.3267469822,224,"Faixa 00 - Ate 4,5 M",VAREJO,MODALIDADE TRADICIONAL,ATIVO,9.0,9,2025-09,585927.6671001067,826159.5332819219,Manter Ativo
TB6074,865.5069703367916,0.0,12,"Faixa 00 - Ate 4,5 M",VAREJO,MODALIDADE TRADICIONAL,ATIVO,8.0,8,2025-09,908.7823188536312,0.0,Manter Ativo
TB6275,673.1426610381516,0.0,14,"Faixa 00 - Ate 4,5 M",DISTRIBUICAO,MODALIDADE ASSINATURA COMPLEMENTAR,CANCELADO,8.0,8,2025-09,706.7997940900592,0.0,Risco de Churn
TB6431,3095.031133127772,1753.4120927298588,27,"Faixa 00 - Ate 4,5 M",DISTRIBUICAO,MODALIDADE TRADICIONAL,ATIVO,10.0,9,2025-09,3249.782689784161,1788.4803345844562,Manter Ativo
TB6503,6150.831869298115,0.0,10,"Faixa 00 - Ate 4,5 M",DISTRIBUICAO,MODALIDADE TRADICIONAL,ATIVO,7.0,8,2025-09,6458.373462763021,0.0,Manter Ativo
TB6548,172526.30637942694,637127.7483390155,76,"Faixa 00 - Ate 4,5 M",DISTRIBUICAO,MODALIDADE TRADICIONAL,ATIVO,0.0,9,2025-09,181152.6216983983,649870.3033057959,Manter Ativo
TB6575,88892.87616621565,91180.69942298495,40,Sem Informações de Faturamento,DISTRIBUICAO,MODALIDADE ASSINATURA COMPLEMENTAR,ATIVO,8.0,8,2025-09,93337.51997452644,93004.31341144466,Manter Ativo
TB6594,381362.3251597728,135321.630579594,208,"Faixa 00 - Ate 4,5 M",VAREJO,MODALIDADE ASSINATURA COMPLEMENTAR,ATIVO,8.0,8,2025-09,400430.4414177615,138028.06319118588,Manter Ativo
TB6627,14860.064070994307,388.2346356421264,32,"Faixa 00 - Ate 4,5 M",VAREJO,MODALIDADE TRADICIONAL,ATIVO,6.0,9,2025-09,15603.067274544022,395.99932835496895,Manter Ativo
TB6654,3109394.402150454,999570.2014364431,2016,"Faixa 02 - De 7,5 M ate 15 M",VAREJO,MODALIDADE TRADICIONAL,ATIVO,10.0,9,2025-09,3264864.122257977,1019561.605465172,Manter Ativo
TB6685,26988.764302044856,31141.166455781284,32,"Faixa 00 - Ate 4,5 M",VAREJO,MODALIDADE TRADICIONAL,ATIVO,8.0,8,2025-09,28338.2025171471,31763.98978489691,Manter Ativo
TB6709,136545.86951456475,0.0,72,"Faixa 00 - Ate 4,5 M",DISTRIBUICAO,MODALIDADE TRADICIONAL,ATIVO,9.0,5,2025-09,143373.162990293,0.0,Manter Ativo
TC0263,6705.202948120417,0.0,31,"Faixa 01 - De 4,5 M ate 7,5 M",VAREJO,MODALIDADE TRADICIONAL,ATIVO,9.0,9,2025-09,7040.463095526438,0.0,Manter Ativo
TC3698,20883.081860878206,0.0,428,"Faixa 00 - Ate 4,5 M",SERVICOS,MODALIDADE ASSINATURA COMPLEMENTAR,CANCELADO,0.0,5,2025-09,21927.235953922118,0.0,Risco de Churn
TC4388,44681.900338142455,8501.166485128371,84,Sem Informações de Faturamento,VAREJO,MODALIDADE ASSINATURA COMPLEMENTAR,TROCADO,0.0,9,2025-09,46915.99535504958,8671.18981483094,Risco de Churn
TC5093,4404.818565535792,0.0,48,Sem Informações de Faturamento,VAREJO,MPN,ATIVO,0.0,8,2025-09,4625.059493812581,0.0,Manter Ativo
TC5681,120.2135052930334,0.0,2,"Faixa 00 - Ate 4,5 M",VAREJO,MODALIDADE ASSINATURA COMPLEMENTAR,ATIVO,10.0,9,2025-09,126.22418055768509,0.0,Manter Ativo
TC7343,120.2135052930334,0.0,2,"Faixa 00 - Ate 4,5 M",VAREJO,MODALIDADE ASSINATURA COMPLEMENTAR,ATIVO,0.0,9,2025-09,126.22418055768509,0.0,Manter Ativo
TC8325,240.4270105860668,0.0,4,"Faixa 00 - Ate 4,5 M",VAREJO,MODALIDADE ASSINATURA COMPLEMENTAR,TROCADO,7.0,9,2025-09,252.44836111537018,0.0,Risco de Churn
TC9008,120.2135052930334,0.0,2,"Faixa 00 - Ate 4,5 M",VAREJO,MODALIDADE ASSINATURA COMPLEMENTAR,ATIVO,9.0,9,2025-09,126.22418055768509,0.0,Manter Ativo
TCAAT5,120.2135052930334,0.0,2,"Faixa 00 - Ate 4,5 M",VAREJO,MODALIDADE ASSINATURA COMPLEMENTAR,ATIVO,0.0,9,2025-09,126.22418055768509,0.0,Manter Ativo
TCABJ7,155534.81936117946,0.0,17,Faixa 05 - De 35 M ate 50 M,VAREJO,MODALIDADE ASSINATURA COMPLEMENTAR,ATIVO,9.0,9,2025-09,163311.56032923845,0.0,Manter Ativo
TCAC14,5733.24590151317,0.0,30,"Faixa 02 - De 7,5 M ate 15 M",VAREJO,MODALIDADE ASSINATURA COMPLEMENTAR,ATIVO,0.0,8,2025-09,6019.908196588829,0.0,Manter Ativo
TCAGBS,17599.869256532882,0.0,220,"Faixa 00 - Ate 4,5 M",VAREJO,MODALIDADE ASSINATURA COMPLEMENTAR,CANCELADO,0.0,9,2025-09,18479.862719359528,0.0,Risco de Churn
TCAIVC,7006.3252513845155,637.3888541239924,152,"Faixa 00 - Ate 4,5 M",SERVICOS,MPN,GRATUITO,0.0,9,2025-09,7356.641513953741,650.1366312064722,Risco de Churn
TCAKDA,36214.48241996369,0.0,12,Sem Informações de Faturamento,EDUCACIONAL,MODALIDADE CORPORATIVO,ATIVO,0.0,8,2025-09,38025.20654096188,0.0,Manter Ativo
TCAMYE,2295.3061228841902,0.0,26,"Faixa 00 - Ate 4,5 M",SERVICOS,MPN,GRATUITO,0.0,8,2025-09,2410.0714290284,0.0,Risco de Churn
TCAN36,1135.0414893383352,0.0,27,"Faixa 00 - Ate 4,5 M",SERVICOS,MPN,GRATUITO,0.0,8,2025-09,1191.793563805252,0.0,Risco de Churn
TCAOQ8,120.2135052930334,0.0,2,"Faixa 00 - Ate 4,5 M",VAREJO,MODALIDADE ASSINATURA COMPLEMENTAR,ATIVO,0.0,9,2025-09,126.22418055768509,0.0,Manter Ativo
TCAPIM,929.4350293307481,0.0,13,"Faixa 00 - Ate 4,5 M",SERVICOS,MPN,GRATUITO,0.0,8,2025-09,975.9067807972855,0.0,Risco de Churn
TCASEN,2757.7304333553584,268.3742543679968,48,"Faixa 00 - Ate 4,5 M",SERVICOS,MPN,GRATUITO,0.0,9,2025-09,2895.6169550231266,273.74173945535676,Risco de Churn
TCATXY,184804.1762853207,0.0,215,Sem Informações de Faturamento,VAREJO,MODALIDADE TRADICIONAL,ATIVO,0.0,9,2025-09,194044.38509958674,0.0,Manter Ativo
TCAUCX,1991.9978137887751,0.0,45,Sem Informações de Faturamento,SERVICOS,MPN,GRATUITO,0.0,8,2025-09,2091.597704478214,0.0,Risco de Churn
TCAVO6,3365.734324477593,0.0,20,"Faixa 00 - Ate 4,5 M",SERVICOS,MODALIDADE ASSINATURA COMPLEMENTAR,ATIVO,5.0,9,2025-09,3534.021040701473,0.0,Manter Ativo
TCAYBT,1471.0558087561617,50.320172693999524,21,Sem Informações de Faturamento,VAREJO,MODALIDADE ASSINATURA COMPLEMENTAR,ATIVO,0.0,8,2025-09,1544.60859919397,51.326576147879514,Manter Ativo
TCB063,73978.34691916258,82845.8585546183,195,Sem Informações de Faturamento,VAREJO,MODALIDADE TRADICIONAL,ATIVO,6.0,5,2025-09,77677.26426512071,84502.77572571067,Manter Ativo
TCBBAU,19501.063751174574,5275.630803870901,120,Sem Informações de Faturamento,SERVICOS,MPN,ATIVO,0.0,9,2025-09,20476.116938733303,5381.143419948319,Manter Ativo
TCBIEK,120.2135052930334,0.0,2,"Faixa 00 - Ate 4,5 M",VAREJO,MODALIDADE ASSINATURA COMPLEMENTAR,ATIVO,0.0,9,2025-09,126.22418055768509,0.0,Manter Ativo
TCBOPS,3077.2235933172637,0.0,60,"Faixa 00 - Ate 4,5 M",VAREJO,MPN,GRATUITO,0.0,8,2025-09,3231.084772983127,0.0,Risco de Churn
TD0066,2609.754654004584,1573.92419854916,8,"Faixa 00 - Ate 4,5 M",VAREJO,MODALIDADE ASSINATURA COMPLEMENTAR,CANCELADO,0.0,8,2025-09,2740.2423867048133,1605.4026825201433,Risco de Churn
TD0123,721.2810317582005,0.0,12,"Faixa 00 - Ate 4,5 M",VAREJO,MODALIDADE ASSINATURA COMPLEMENTAR,ATIVO,10.0,9,2025-09,757.3450833461105,0.0,Manter Ativo
TD0277,1891.73581556389,0.0,5,"Faixa 00 - Ate 4,5 M",MANUFATURA,MODALIDADE ASSINATURA COMPLEMENTAR,ATIVO,10.0,9,2025-09,1986.3226063420846,0.0,Manter Ativo
TD0317,2596.520911010375,0.0,54,"Faixa 00 - Ate 4,5 M",VAREJO,MODALIDADE ASSINATURA COMPLEMENTAR,ATIVO,8.0,8,2025-09,2726.346956560894,0.0,Manter Ativo
TD0342,3125.551137618871,0.0,13,"Faixa 00 - Ate 4,5 M",VAREJO,MODALIDADE ASSINATURA COMPLEMENTAR,ATIVO,8.0,9,2025-09,3281.828694499815,0.0,Manter Ativo
TD0647,872854.3419248647,285729.0639631248,372,"Faixa 00 - Ate 4,5 M",VAREJO,MODALIDADE ASSINATURA COMPLEMENTAR,ATIVO,8.0,8,2025-09,916497.059021108,291443.6452423873,Manter Ativo
TD4347,1365725.9763971013,684479.1191250737,595,Sem Informações de Faturamento,LOGISTICA,MODALIDADE TRADICIONAL,ATIVO,0.0,8,2025-09,1434012.2752169564,698168.7015075751,Manter Ativo
TD4616,675.139493287914,0.0,20,Sem Informações de Faturamento,SERVICOS,MODALIDADE ASSINATURA COMPLEMENTAR,ATIVO,0.0,9,2025-09,708.8964679523098,0.0,Manter Ativo
TDC00T,1137059.3408749371,0.0,46,Sem Informações de Faturamento,VAREJO,MODALIDADE TRADICIONAL,ATIVO,9.0,9,2025-09,1193912.307918684,0.0,Manter Ativo
TDC00W,3594203.4627806176,1839.7130806358866,585,"Faixa 00 - Ate 4,5 M",VAREJO,MODALIDADE TRADICIONAL,ATIVO,10.0,9,2025-09,3773913.6359196487,1876.5073422486043,Manter Ativo
TDC00X,201021.4641152629,1247.4021890680945,56,Sem Informações de Faturamento,VAREJO,MODALIDADE TRADICIONAL,ATIVO,10.0,9,2025-09,211072.53732102606,1272.3502328494565,Manter Ativo
TDC011,3220891.516072698,37768.026317993186,530,Faixa 03 - De 15 M ate 25 M,VAREJO,MODALIDADE TRADICIONAL,ATIVO,7.0,8,2025-09,3381936.091876333,38523.38684435305,Manter Ativo
TDC01I,681502.8721857325,0.0,56,Faixa 03 - De 15 M ate 25 M,DISTRIBUICAO,MODALIDADE TRADICIONAL,ATIVO,7.0,8,2025-09,715578.0157950191,0.0,Manter Ativo
TDC01O,2099132.3621158865,11905.32406594878,480,Faixa 03 - De 15 M ate 25 M,VAREJO,MODALIDADE TRADICIONAL,ATIVO,10.0,9,2025-09,2204088.980221681,12143.430547267755,Manter Ativo
TDC01Q,3057336.4262861316,321758.36646603147,770,"Faixa 01 - De 4,5 M ate 7,5 M",VAREJO,MODALIDADE TRADICIONAL,ATIVO,8.0,8,2025-09,3210203.2476004385,328193.5337953521,Manter Ativo
TDC01U,1554550.856392538,3508.6906981310776,231,Faixa 03 - De 15 M ate 25 M,VAREJO,MODALIDADE TRADICIONAL,ATIVO,9.0,9,2025-09,1632278.3992121648,3578.8645120936994,Manter Ativo
TDC01Y,2274126.0973542696,4.23748822686252,1764,Faixa 03 - De 15 M ate 25 M,VAREJO,MODALIDADE TRADICIONAL,ATIVO,7.0,8,2025-09,2387832.4022219833,4.322237991399771,Manter Ativo
TDC01Z,5414372.894590197,56190.859508299465,1750,"Faixa 01 - De 4,5 M ate 7,5 M",VAREJO,MODALIDADE TRADICIONAL,ATIVO,8.0,8,2025-09,5685091.539319707,57314.67669846545,Manter Ativo
TDC023,3176288.40022549,457177.8964760095,504,Faixa 04 - De 25 M ate 35 M,DISTRIBUICAO,MODALIDADE TRADICIONAL,ATIVO,8.0,8,2025-09,3335102.8202367644,466321.4544055297,Manter Ativo
TDC024,192970.87547054281,0.0,24,Sem Informações de Faturamento,VAREJO,MODALIDADE TRADICIONAL,ATIVO,0.0,9,2025-09,202619.41924406996,0.0,Manter Ativo
TDC02G,2391995.6831178144,1187820.1787136714,170,Sem Informações de Faturamento,VAREJO,MODALIDADE TRADICIONAL,ATIVO,0.0,9,2025-09,2511595.467273705,1211576.5822879449,Manter Ativo
TDC047,4187.04193844808,0.0,24,"Faixa 02 - De 7,5 M ate 15 M",VAREJO,MODALIDADE TRADICIONAL,ATIVO,8.0,8,2025-09,4396.394035370485,0.0,Manter Ativo
TDC04B,5460.810720927766,47.92397399428525,20,Sem Informações de Faturamento,VAREJO,MODALIDADE ASSINATURA COMPLEMENTAR,ATIVO,0.0,9,2025-09,5733.851256974154,48.88245347417095,Manter Ativo
TDC04H,2711115.860038608,761582.9246969933,434,"Faixa 00 - Ate 4,5 M",VAREJO,MODALIDADE TRADICIONAL,ATIVO,0.0,8,2025-09,2846671.6530405385,776814.5831909332,Manter Ativo
TDC04J,2791.36129229872,0.0,16,Sem Informações de Faturamento,VAREJO,MODALIDADE TRADICIONAL,ATIVO,0.0,9,2025-09,2930.929356913656,0.0,Manter Ativo
TDC04Q,449614.4508230842,162.72711485480636,72,"Faixa 00 - Ate 4,5 M",DISTRIBUICAO,MODALIDADE ASSINATURA COMPLEMENTAR,ATIVO,0.0,9,2025-09,472095.17336423846,165.98165715190248,Manter Ativo
TDC05E,106773.10907833003,10750.331069542266,28,Sem Informações de Faturamento,LOGISTICA,MODALIDADE TRADICIONAL,ATIVO,0.0,9,2025-09,112111.76453224654,10965.337690933111,Manter Ativo
TDC06S,1350469.71558461,110012.25684974459,630,"Faixa 02 - De 7,5 M ate 15 M",VAREJO,MODALIDADE TRADICIONAL,ATIVO,10.0,8,2025-09,1417993.2013638404,112212.50198673949,Manter Ativo
TDC08C,238610.944203126,0.0,11,"Faixa 00 - Ate 4,5 M",VAREJO,MODALIDADE TRADICIONAL,ATIVO,8.0,8,2025-09,250541.49141328232,0.0,Manter Ativo
TDC098,3694200.3657598845,320640.30015274504,304,Sem Informações de Faturamento,VAREJO,MODALIDADE ASSINATURA COMPLEMENTAR,ATIVO,7.0,8,2025-09,3878910.384047879,327053.10615579993,Manter Ativo
TDC099,2416559.994594777,342225.93906466465,387,Faixa 05 - De 35 M ate 50 M,VAREJO,MODALIDADE TRADICIONAL,ATIVO,9.0,9,2025-09,2537387.994324516,349070.45784595795,Manter Ativo
TDC09G,47083.2025207012,0.0,4,Sem Informações de Faturamento,CONSTRUCAO E PROJETOS,MODALIDADE SERVICOS NÃO RECORRENTES,ATIVO,9.0,9,2025-09,49437.36264673626,0.0,Manter Ativo
TDC09J,27126.192603259507,0.17656200945257,14,Faixa 03 - De 15 M ate 25 M,VAREJO,MODALIDADE TRADICIONAL,ATIVO,8.0,8,2025-09,28482.502233422485,0.1800932496416214,Manter Ativo
TDC0AQ,861.7907604235501,0.0,5,Sem Informações de Faturamento,SERVICOS,MODALIDADE TRADICIONAL,ATIVO,0.0,9,2025-09,904.8802984447276,0.0,Manter Ativo
TDC0BR,567.52074466917,168.1542947167905,5,Sem Informações de Faturamento,VAREJO,MODALIDADE TRADICIONAL,ATIVO,7.0,8,2025-09,595.8967819026285,171.51738061112633,Manter Ativo
TDC0FD,4010.395851848089,0.0,20,Sem Informações de Faturamento,VAREJO,MODALIDADE TRADICIONAL,ATIVO,7.0,8,2025-09,4210.915644440493,0.0,Manter Ativo
TDC0GU,11096909.00990851,454048.8813599197,640,Faixa 05 - De 35 M ate 50 M,VAREJO,MODALIDADE TRADICIONAL,ATIVO,0.0,9,2025-09,11651754.460403936,463129.85898711806,Manter Ativo
TDC0I6,1355.2899845583881,607.7264365359526,63,Sem Informações de Faturamento,VAREJO,MODALIDADE TRADICIONAL,ATIVO,9.0,9,2025-09,1423.0544837863076,619.8809652666718,Manter Ativo
TDC0IN,3369978.942446559,90406.1723338047,660,Faixa 03 - De 15 M ate 25 M,DISTRIBUICAO,MODALIDADE TRADICIONAL,ATIVO,9.0,9,2025-09,3538477.889568887,92214.2957804808,Manter Ativo
TDC0IX,2791.36129229872,0.0,16,Sem Informações de Faturamento,VAREJO,MODALIDADE TRADICIONAL,ATIVO,9.0,9,2025-09,2930.929356913656,0.0,Manter Ativo
TDC0J0,4571472.671712266,296692.2111080607,836,Sem Informações de Faturamento,DISTRIBUICAO,MODALIDADE TRADICIONAL,ATIVO,8.0,8,2025-09,4800046.3052978795,302626.05533022195,Manter Ativo
TDC0J5,918035.3284135842,0.0,144,"Faixa 02 - De 7,5 M ate 15 M",VAREJO,MODALIDADE TRADICIONAL,ATIVO,8.0,8,2025-09,963937.0948342634,0.0,Manter Ativo
TDC0K3,28994.340575132028,0.0,8,Sem Informações de Faturamento,VAREJO,MODALIDADE ASSINATURA COMPLEMENTAR,ATIVO,10.0,9,2025-09,30444.057603888632,0.0,Manter Ativo
TDC0KP,847095.0839910731,0.0,72,Faixa 03 - De 15 M ate 25 M,VAREJO,MODALIDADE TRADICIONAL,GRATUITO,8.0,8,2025-09,889449.8381906268,0.0,Risco de Churn
TDC0MZ,407.94231898293395,45.317582426175,20,Sem Informações de Faturamento,DISTRIBUICAO,MODALIDADE TRADICIONAL,ATIVO,0.0,8,2025-09,428.3394349320807,46.223934074698505,Manter Ativo
TDC0NF,2631019.2443293193,838728.5166111486,644,Sem Informações de Faturamento,VAREJO,MODALIDADE TRADICIONAL,ATIVO,0.0,9,2025-09,2762570.2065457855,855503.0869433716,Manter Ativo
TDC0NZ,56041.95888032774,154413.146138271,100,Sem Informações de Faturamento,MANUFATURA,MODALIDADE TRADICIONAL,ATIVO,8.0,9,2025-09,58844.05682434412,157501.40906103642,Manter Ativo
TDC0PZ,2880.609184219654,0.0,26,Sem Informações de Faturamento,VAREJO,MODALIDADE TRADICIONAL,ATIVO,0.0,9,2025-09,3024.6396434306366,0.0,Manter Ativo
TDC0Q0,93419.32493697754,0.0,27,Sem Informações de Faturamento,DISTRIBUICAO,MODALIDADE TRADICIONAL,ATIVO,4.0,5,2025-09,98090.29118382643,0.0,Manter Ativo
TDC0QC,2304.4873473757225,0.0,26,Sem Informações de Faturamento,VAREJO,MODALIDADE TRADICIONAL,ATIVO,0.0,9,2025-09,2419.7117147445088,0.0,Manter Ativo
TDC0QT,244609.65108585078,13782.279119007053,297,"Faixa 00 - Ate 4,5 M",VAREJO,MODALIDADE TRADICIONAL,ATIVO,10.0,9,2025-09,256840.13364014332,14057.924701387194,Manter Ativo
TDC0QU,56.663793462190384,2.82499215124206,6,Sem Informações de Faturamento,VAREJO,MODALIDADE ASSINATURA COMPLEMENTAR,ATIVO,0.0,9,2025-09,59.49698313529991,2.8814919942669013,Manter Ativo
TDC0SP,1541914.5151611662,60253.26127964614,624,Sem Informações de Faturamento,VAREJO,MODALIDADE TRADICIONAL,ATIVO,10.0,9,2025-09,1619010.2409192247,61458.32650523906,Manter Ativo
TDC0T2,2779494.643720557,86254.20738123443,418,"Faixa 01 - De 4,5 M ate 7,5 M",VAREJO,MODALIDADE TRADICIONAL,ATIVO,7.0,8,2025-09,2918469.375906585,87979.29152885912,Manter Ativo
TDC0TJ,1000902.967153225,44594.418066315964,42,Sem Informações de Faturamento,VAREJO,MODALIDADE ASSINATURA COMPLEMENTAR,ATIVO,7.0,8,2025-09,1050948.1155108863,45486.30642764228,Manter Ativo
TDC0XC,9900.084101451039,20951.503843398456,9,Sem Informações de Faturamento,MANUFATURA,MODALIDADE TRADICIONAL,ATIVO,0.0,9,2025-09,10395.08830652359,21370.533920266425,Manter Ativo
TDC0YR,9248.486209423472,1387.3401931314088,8,Sem Informações de Faturamento,DISTRIBUICAO,MODALIDADE TRADICIONAL,ATIVO,0.0,9,2025-09,9710.910519894645,1415.086996994037,Manter Ativo
TDC118,44.3422875168177,0.0,3,Sem Informações de Faturamento,VAREJO,MODALIDADE ASSINATURA COMPLEMENTAR,ATIVO,0.0,9,2025-09,46.559401892658585,0.0,Manter Ativo
TDC11I,88.6341287452203,0.0,4,Sem Informações de Faturamento,VAREJO,MODALIDADE TRADICIONAL,ATIVO,0.0,8,2025-09,93.06583518248131,0.0,Manter Ativo
TDC13Q,72123.05854697862,5788.9133807791695,24,"Faixa 00 - Ate 4,5 M",MANUFATURA,MODALIDADE TRADICIONAL,ATIVO,9.0,9,2025-09,75729.21147432755,5904.691648394753,Manter Ativo
TDC14T,46835.17493599406,0.0,208,Faixa 03 - De 15 M ate 25 M,VAREJO,MODALIDADE TRADICIONAL,ATIVO,10.0,9,2025-09,49176.933682793766,0.0,Manter Ativo
TDC168,141180.24391553333,127437.41379406684,51,Sem Informações de Faturamento,VAREJO,MODALIDADE TRADICIONAL,ATIVO,0.0,9,2025-09,148239.25611131,129986.16206994819,Manter Ativo
TDC16F,101939.95528171917,0.0,2,Sem Informações de Faturamento,VAREJO,MODALIDADE ASSINATURA COMPLEMENTAR,ATIVO,0.0,9,2025-09,107036.95304580513,0.0,Manter Ativo
TDC1GA,23563623.377365377,475602.8778374311,9825,Sem Informações de Faturamento,SERVICOS,MODALIDADE TRADICIONAL,ATIVO,8.0,8,2025-09,24741804.546233647,485114.9353941797,Manter Ativo
TDC1IM,1052177.5752163199,930.7340212574347,82,Faixa 03 - De 15 M ate 25 M,VAREJO,MODALIDADE TRADICIONAL,ATIVO,8.0,8,2025-09,1104786.453977136,949.3487016825834,Manter Ativo
TDC1IV,368.568990874997,9.3409710715177,4,Sem Informações de Faturamento,VAREJO,MODALIDADE ASSINATURA COMPLEMENTAR,ATIVO,0.0,9,2025-09,386.99744041874686,9.527790492948053,Manter Ativo
TDC1IY,274.1503543915192,9.3409710715177,4,Sem Informações de Faturamento,VAREJO,MODALIDADE ASSINATURA COMPLEMENTAR,ATIVO,0.0,9,2025-09,287.85787211109516,9.527790492948053,Manter Ativo
TDC1J5,8211144.723679566,757783.2093609952,648,"Faixa 02 - De 7,5 M ate 15 M",DISTRIBUICAO,MODALIDADE TRADICIONAL,ATIVO,8.0,8,2025-09,8621701.959863545,772938.8735482151,Manter Ativo
TDC1J9,1084100.8272968305,0.0,48,"Faixa 02 - De 7,5 M ate 15 M",DISTRIBUICAO,MODALIDADE TRADICIONAL,ATIVO,9.0,8,2025-09,1138305.868661672,0.0,Manter Ativo
TDC1JB,311.9178089849104,9.3409710715177,4,Sem Informações de Faturamento,VAREJO,MODALIDADE ASSINATURA COMPLEMENTAR,ATIVO,0.0,9,2025-09,327.5136994341559,9.527790492948053,Manter Ativo
TDC1KC,6058238.085259481,655566.2072671575,1690,Faixa 04 - De 25 M ate 35 M,DISTRIBUICAO,MODALIDADE TRADICIONAL,ATIVO,9.0,9,2025-09,6361149.989522455,668677.5314125007,Manter Ativo
TDC1KD,3173708.1734656347,507812.1813925401,760,"Faixa 02 - De 7,5 M ate 15 M",DISTRIBUICAO,MODALIDADE TRADICIONAL,ATIVO,0.0,8,2025-09,3332393.5821389165,517968.42502039095,Manter Ativo
TDC1KH,951898.6858925319,0.0,270,"Faixa 01 - De 4,5 M ate 7,5 M",VAREJO,MODALIDADE TRADICIONAL,ATIVO,8.0,8,2025-09,999493.6201871585,0.0,Manter Ativo
TDC1KP,2220807.6747314655,0.0,175,Faixa 05 - De 35 M ate 50 M,VAREJO,MODALIDADE TRADICIONAL,ATIVO,7.0,8,2025-09,2331848.0584680387,0.0,Manter Ativo
TDC1KW,2972442.8435844546,495214.39794094744,310,Faixa 04 - De 25 M ate 35 M,VAREJO,MODALIDADE TRADICIONAL,ATIVO,8.0,8,2025-09,3121064.9857636774,505118.6858997664,Manter Ativo
TDC1KY,867493.2929431353,44498.92324234631,245,"Faixa 02 - De 7,5 M ate 15 M",VAREJO,MODALIDADE TRADICIONAL,ATIVO,8.0,8,2025-09,910867.9575902921,45388.90170719324,Manter Ativo
TDC1LC,217.49917250143258,9.3409710715177,4,Sem Informações de Faturamento,VAREJO,MODALIDADE ASSINATURA COMPLEMENTAR,ATIVO,0.0,9,2025-09,228.3741311265042,9.527790492948053,Manter Ativo
TDC1LS,2294.7386021395214,0.0,10,Sem Informações de Faturamento,DISTRIBUICAO,MODALIDADE ASSINATURA COMPLEMENTAR,ATIVO,9.0,9,2025-09,2409.4755322464976,0.0,Manter Ativo
TDC1NE,455576.7480971466,130.91652615175704,115,Faixa 03 - De 15 M ate 25 M,VAREJO,MODALIDADE ASSINATURA COMPLEMENTAR,GRATUITO,8.0,8,2025-09,478355.58550200396,133.5348566747922,Risco de Churn
TDC1NV,2464406.7058945014,0.0,750,Faixa 11 - Acima de 850 M,DISTRIBUICAO,MODALIDADE ASSINATURA COMPLEMENTAR,ATIVO,9.0,8,2025-09,2587627.041189227,0.0,Manter Ativo
TDC1NX,2446.644988129302,236.088629782374,18,Sem Informações de Faturamento,VAREJO,MODALIDADE ASSINATURA COMPLEMENTAR,ATIVO,0.0,8,2025-09,2568.977237535767,240.81040237802148,Manter Ativo
TDC1O0,1223.322494064651,118.044314891187,9,Sem Informações de Faturamento,DISTRIBUICAO,MODALIDADE TRADICIONAL,ATIVO,0.0,8,2025-09,1284.4886187678835,120.40520118901074,Manter Ativo
TDC1O6,1223.322494064651,118.044314891187,9,Sem Informações de Faturamento,VAREJO,MODALIDADE TRADICIONAL,ATIVO,0.0,8,2025-09,1284.4886187678835,120.40520118901074,Manter Ativo
TDC1OB,1223.322494064651,118.044314891187,9,Sem Informações de Faturamento,VAREJO,MODALIDADE TRADICIONAL,ATIVO,0.0,8,2025-09,1284.4886187678835,120.40520118901074,Manter Ativo
TDC1OG,1450.330791932319,147.9715754934078,9,Sem Informações de Faturamento,VAREJO,MODALIDADE TRADICIONAL,ATIVO,0.0,8,2025-09,1522.847331528935,150.93100700327597,Manter Ativo
TDC1OQ,1223.322494064651,118.044314891187,9,Sem Informações de Faturamento,VAREJO,MODALIDADE TRADICIONAL,ATIVO,0.0,8,2025-09,1284.4886187678835,120.40520118901074,Manter Ativo
TDC1P2,3588.3874261120973,71.72621441144686,19,Sem Informações de Faturamento,VAREJO,MODALIDADE TRADICIONAL,ATIVO,0.0,9,2025-09,3767.8067974177025,73.1607386996758,Manter Ativo
TDC213,92461.87540214688,0.0,14,Faixa 05 - De 35 M ate 50 M,MANUFATURA,MODALIDADE ASSINATURA COMPLEMENTAR,ATIVO,8.0,8,2025-09,97084.96917225422,0.0,Manter Ativo
TDC26R,43577.988412613515,0.0,81,Faixa 10 - De 500 M ate 850 M,AGROINDUSTRIA,MODALIDADE ASSINATURA COMPLEMENTAR,ATIVO,7.0,8,2025-09,45756.88783324419,0.0,Manter Ativo
TDC31B,5044.6288415037125,0.0,6,Sem Informações de Faturamento,SERVICOS,MODALIDADE ASSINATURA COMPLEMENTAR,ATIVO,0.0,9,2025-09,5296.860283578898,0.0,Manter Ativo
TDC31X,115491.12734192492,0.0,312,"Faixa 01 - De 4,5 M ate 7,5 M",SERVICOS,MODALIDADE ASSINATURA (INTERA),ATIVO,0.0,8,2025-09,121265.68370902118,0.0,Manter Ativo
TDC32J,5422.976004616499,0.0,3,Sem Informações de Faturamento,SERVICOS,MODALIDADE ASSINATURA COMPLEMENTAR,ATIVO,0.0,9,2025-09,5694.124804847324,0.0,Manter Ativo
TDC35C,37670.47580777058,0.0,4,Sem Informações de Faturamento,EDUCACIONAL,MODALIDADE ASSINATURA COMPLEMENTAR,ATIVO,0.0,9,2025-09,39553.999598159106,0.0,Manter Ativo
TDC502,917172.2092342298,51.707445625413,140,Sem Informações de Faturamento,SERVICOS,MODALIDADE TRADICIONAL,CANCELADO,0.0,9,2025-09,963030.8196959413,52.74159453792126,Risco de Churn
TDC50R,45114.85981232168,0.0,6,Sem Informações de Faturamento,SERVICOS,MODALIDADE ASSINATURA COMPLEMENTAR,ATIVO,0.0,9,2025-09,47370.60280293776,0.0,Manter Ativo
TDC520,9914849.578731256,363468.86270852183,744,Sem Informações de Faturamento,SERVICOS,MODALIDADE ASSINATURA COMPLEMENTAR,ATIVO,0.0,9,2025-09,10410592.057667818,370738.23996269226,Manter Ativo
TDC522,2203.241646526748,57.424691645784,4,Sem Informações de Faturamento,VAREJO,MODALIDADE ASSINATURA COMPLEMENTAR,TROCADO,0.0,9,2025-09,2313.4037288530853,58.573185478699685,Risco de Churn
TDC534,47080.1463163947,0.0,3,Sem Informações de Faturamento,MANUFATURA,MODALIDADE ASSINATURA COMPLEMENTAR,ATIVO,0.0,9,2025-09,49434.15363221443,0.0,Manter Ativo
TDC536,603087.7279580361,129203.29452774987,33,Sem Informações de Faturamento,MANUFATURA,MODALIDADE ASSINATURA COMPLEMENTAR,CANCELADO,0.0,9,2025-09,633242.1143559379,131787.36041830486,Risco de Churn
TDC538,220107.8257448064,0.0,17,Sem Informações de Faturamento,SERVICOS,MODALIDADE TRADICIONAL,TROCADO,0.0,9,2025-09,231113.21703204673,0.0,Risco de Churn
TDC543,4869.09257324884,0.0,4,Sem Informações de Faturamento,MANUFATURA,MODALIDADE ASSINATURA COMPLEMENTAR,ATIVO,0.0,8,2025-09,5112.547201911282,0.0,Manter Ativo
TDC549,166642.60442271578,3259.763487947076,36,Sem Informações de Faturamento,SERVICOS,MODALIDADE ASSINATURA COMPLEMENTAR,ATIVO,0.0,8,2025-09,174974.73464385158,3324.958757706018,Manter Ativo
TDC550,83896.84391588526,51306.32196308088,18,Sem Informações de Faturamento,VAREJO,MODALIDADE ASSINATURA COMPLEMENTAR,ATIVO,0.0,9,2025-09,88091.68611167952,52332.4484023425,Manter Ativo
TDC559,4765.072326537045,77.750342019676,10,Sem Informações de Faturamento,SERVICOS,MODALIDADE ASSINATURA COMPLEMENTAR,ATIVO,8.0,8,2025-09,5003.325942863898,79.30534886006951,Manter Ativo
TDC71F,24347.24109791089,2426.5715691974824,33,Sem Informações de Faturamento,SERVICOS,MODALIDADE ASSINATURA COMPLEMENTAR,TROCADO,0.0,9,2025-09,25564.603152806434,2475.1030005814323,Risco de Churn
TDC80N,4187.949971639552,0.0,36,Sem Informações de Faturamento,SERVICOS,MODALIDADE ASSINATURA COMPLEMENTAR,TROCADO,0.0,8,2025-09,4397.34747022153,0.0,Risco de Churn
TDC81D,8490.110340250743,977.3968380413445,30,Sem Informações de Faturamento,SERVICOS,MODALIDADE ASSINATURA COMPLEMENTAR,TROCADO,0.0,9,2025-09,8914.615857263281,996.9447748021714,Risco de Churn
TDC81P,2790.9240911324578,0.0,24,Sem Informações de Faturamento,VAREJO,MODALIDADE ASSINATURA COMPLEMENTAR,ATIVO,0.0,8,2025-09,2930.4702956890806,0.0,Manter Ativo
TDC823,11355.10639820595,0.0,57,Sem Informações de Faturamento,LOGISTICA,MODALIDADE ASSINATURA COMPLEMENTAR,CANCELADO,0.0,9,2025-09,11922.861718116248,0.0,Risco de Churn
TDC839,4345.779592660728,1031.1221352033585,24,Sem Informações de Faturamento,SERVICOS,MODALIDADE ASSINATURA COMPLEMENTAR,ATIVO,0.0,8,2025-09,4563.068572293764,1051.7445779074258,Manter Ativo
TDC85D,3741.891277901688,3822.441388928406,27,Sem Informações de Faturamento,SERVICOS,MODALIDADE ASSINATURA COMPLEMENTAR,ATIVO,0.0,8,2025-09,3928.985841796773,3898.890216706974,Manter Ativo
TDC863,20182.509030514342,5382.618973884463,33,Sem Informações de Faturamento,SERVICOS,MODALIDADE ASSINATURA COMPLEMENTAR,TROCADO,0.0,9,2025-09,21191.63448204006,5490.271353362153,Risco de Churn
TDC865,43133.342214951284,3380.7420952810708,200,Sem Informações de Faturamento,SERVICOS,MODALIDADE ASSINATURA COMPLEMENTAR,TROCADO,0.0,9,2025-09,45290.00932569885,3448.3569371866924,Risco de Churn
TDC881,7108.050191973442,2600.71636066356,40,Sem Informações de Faturamento,LOGISTICA,MODALIDADE ASSINATURA COMPLEMENTAR,ATIVO,0.0,9,2025-09,7463.452701572115,2652.7306878768313,Manter Ativo
TDC88O,2114.624333210998,1187.0852435531804,14,Sem Informações de Faturamento,SERVICOS,MODALIDADE ASSINATURA COMPLEMENTAR,ATIVO,0.0,8,2025-09,2220.355549871548,1210.826948424244,Manter Ativo
TDC890,6758.844168135096,3016.68804721922,48,Sem Informações de Faturamento,EDUCACIONAL,MODALIDADE ASSINATURA COMPLEMENTAR,TROCADO,0.0,9,2025-09,7096.7863765418515,3077.0218081636044,Risco de Churn
TDC8AJ,4116.417134667034,1161.9798073519644,36,Sem Informações de Faturamento,SERVICOS,MODALIDADE ASSINATURA COMPLEMENTAR,TROCADO,0.0,8,2025-09,4322.237991400386,1185.2194034990036,Risco de Churn
TDC8B2,2962.584402894091,720.457075714089,30,Sem Informações de Faturamento,SERVICOS,MODALIDADE ASSINATURA COMPLEMENTAR,TROCADO,0.0,9,2025-09,3110.7136230387955,734.8662172283708,Risco de Churn
TDC8EY,10815.263850447165,1850.6725367940512,65,Sem Informações de Faturamento,SERVICOS,MODALIDADE ASSINATURA COMPLEMENTAR,TROCADO,0.0,9,2025-09,11356.027042969525,1887.6859875299322,Risco de Churn
TDC8HB,21135.040052224504,9496.51379413074,18,Sem Informações de Faturamento,SERVICOS,MODALIDADE ASSINATURA COMPLEMENTAR,TROCADO,0.0,9,2025-09,22191.79205483573,9686.444070013355,Risco de Churn
TDC9RK,6713.4298969894635,664.5457727207576,76,Sem Informações de Faturamento,DISTRIBUICAO,MODALIDADE ASSINATURA COMPLEMENTAR,TROCADO,0.0,8,2025-09,7049.101391838937,677.8366881751728,Risco de Churn
TDC9RR,47242.747315528584,14650.947390084511,80,Sem Informações de Faturamento,SERVICOS,MODALIDADE ASSINATURA COMPLEMENTAR,TROCADO,0.0,9,2025-09,49604.88468130502,14943.966337886202,Risco de Churn
TDC9SB,8330.813573008163,4462.18440317843,78,Sem Informações de Faturamento,CONSTRUCAO E PROJETOS,MODALIDADE ASSINATURA COMPLEMENTAR,TROCADO,0.0,9,2025-09,8747.354251658571,4551.428091241999,Risco de Churn
TDC9U1,2143.96725763908,2017.851536601486,6,Sem Informações de Faturamento,SERVICOS,MODALIDADE ASSINATURA COMPLEMENTAR,ATIVO,0.0,9,2025-09,2251.165620521034,2058.208567333516,Manter Ativo
TDC9VM,15088.905250674372,3179.1671344893243,22,Sem Informações de Faturamento,SERVICOS,MODALIDADE ASSINATURA COMPLEMENTAR,TROCADO,0.0,9,2025-09,15843.350513208092,3242.750477179111,Risco de Churn
TDC9X2,23057.989508745166,0.0,36,Sem Informações de Faturamento,LOGISTICA,MODALIDADE ASSINATURA COMPLEMENTAR,TROCADO,0.0,9,2025-09,24210.888984182424,0.0,Risco de Churn
TDC9Y3,20263.43328484687,22254.169941425258,33,Sem Informações de Faturamento,SERVICOS,MODALIDADE ASSINATURA COMPLEMENTAR,TROCADO,0.0,9,2025-09,21276.604949089215,22699.253340253763,Risco de Churn
TDC9YI,9935.396503341564,0.0,26,Sem Informações de Faturamento,DISTRIBUICAO,MODALIDADE ASSINATURA COMPLEMENTAR,TROCADO,0.0,8,2025-09,10432.166328508643,0.0,Risco de Churn
TDC9YL,2424.448621226681,3674.810325881799,27,Sem Informações de Faturamento,SERVICOS,MODALIDADE ASSINATURA COMPLEMENTAR,TROCADO,0.0,9,2025-09,2545.6710522880153,3748.306532399435,Risco de Churn
TDC9YW,1112689.9370409811,0.0,90,Faixa 04 - De 25 M ate 35 M,SERVICOS,MODALIDADE ASSINATURA COMPLEMENTAR,ATIVO,0.0,9,2025-09,1168324.4338930303,0.0,Manter Ativo
TDCA04,5425.901889344562,772.8371385183684,48,Sem Informações de Faturamento,LOGISTICA,MODALIDADE ASSINATURA COMPLEMENTAR,TROCADO,0.0,9,2025-09,5697.19698381179,788.2938812887357,Risco de Churn
TDCA0R,69094.45256412118,11050.89005591907,60,Sem Informações de Faturamento,SERVICOS,MODALIDADE ASSINATURA COMPLEMENTAR,TROCADO,0.0,9,2025-09,72549.17519232724,11271.907857037451,Risco de Churn
TDCA14,7597.076511868814,1085.0996638074464,24,Sem Informações de Faturamento,SERVICOS,MODALIDADE ASSINATURA COMPLEMENTAR,ATIVO,0.0,8,2025-09,7976.930337462255,1106.8016570835953,Manter Ativo
TDCA2A,4138.474774276504,718.2542544532982,27,Sem Informações de Faturamento,MANUFATURA,MODALIDADE ASSINATURA COMPLEMENTAR,TROCADO,0.0,9,2025-09,4345.398512990329,732.6193395423642,Risco de Churn
TDCA2E,2670.021153231084,287.7456291193717,36,Sem Informações de Faturamento,SERVICOS,MODALIDADE ASSINATURA COMPLEMENTAR,TROCADO,0.0,9,2025-09,2803.522210892638,293.5005417017591,Risco de Churn
TDCA2Z,2068.297825016522,1513.3886524511136,36,Sem Informações de Faturamento,SERVICOS,MODALIDADE ASSINATURA COMPLEMENTAR,CANCELADO,0.0,9,2025-09,2171.7127162673482,1543.6564255001358,Risco de Churn
TDCA3L,6241.46703415047,0.0,14,Sem Informações de Faturamento,SERVICOS,MODALIDADE ASSINATURA COMPLEMENTAR,TROCADO,0.0,9,2025-09,6553.540385857994,0.0,Risco de Churn
TDCA3M,15224.891628811873,873.5951919126696,24,Sem Informações de Faturamento,VAREJO,MODALIDADE ASSINATURA COMPLEMENTAR,TROCADO,0.0,9,2025-09,15986.136210252467,891.067095750923,Risco de Churn
TDCA4G,2587127.5346529107,0.0,216,Faixa 08 - De 150 M ate 300 M,SAUDE,MODALIDADE ASSINATURA (INTERA),PENDENTE,0.0,8,2025-09,2716483.911385556,0.0,Risco de Churn
TDCA4S,1733907.4178652063,129370.55760470466,130,Sem Informações de Faturamento,MANUFATURA,MODALIDADE ASSINATURA (INTERA),ATIVO,0.0,8,2025-09,1820602.7887584667,131957.96875679877,Manter Ativo
TDCA5P,2717.3734026233346,4689.82327965128,16,Sem Informações de Faturamento,SERVICOS,MODALIDADE ASSINATURA COMPLEMENTAR,TROCADO,0.0,9,2025-09,2853.2420727545014,4783.619745244306,Risco de Churn
TDCA9N,19320.978909247668,0.0,36,Sem Informações de Faturamento,LOGISTICA,MODALIDADE ASSINATURA COMPLEMENTAR,GRATUITO,0.0,8,2025-09,20287.027854710053,0.0,Risco de Churn
TDCACB,7681.166270799315,690.8619198439332,27,Sem Informações de Faturamento,SERVICOS,MODALIDADE ASSINATURA COMPLEMENTAR,TROCADO,0.0,9,2025-09,8065.22458433928,704.6791582408118,Risco de Churn
TDCACM,7623.506163140928,754.8025904099928,18,Sem Informações de Faturamento,SERVICOS,MODALIDADE ASSINATURA COMPLEMENTAR,GRATUITO,0.0,9,2025-09,8004.681471297975,769.8986422181927,Risco de Churn
TDCACZ,31971.09197735595,10820.728865025465,22,Sem Informações de Faturamento,VAREJO,MODALIDADE ASSINATURA COMPLEMENTAR,TROCADO,0.0,9,2025-09,33569.64657622375,11037.143442325974,Risco de Churn
TDCAD2,25534.40621475409,7555.273354202225,65,Sem Informações de Faturamento,SERVICOS,MODALIDADE ASSINATURA COMPLEMENTAR,ATIVO,0.0,8,2025-09,26811.126525491796,7706.37882128627,Manter Ativo
TDCADW,15844.170265394847,7566.943262255567,48,Sem Informações de Faturamento,SERVICOS,MODALIDADE ASSINATURA COMPLEMENTAR,TROCADO,0.0,9,2025-09,16636.37877866459,7718.282127500678,Risco de Churn
TDCC1L,968.568737568714,378.3471631127784,12,Sem Informações de Faturamento,EDUCACIONAL,MODALIDADE ASSINATURA COMPLEMENTAR,ATIVO,0.0,8,2025-09,1016.9971744471497,385.91410637503395,Manter Ativo
TDCC70,105.937205671578,35.312401890526,2,Sem Informações de Faturamento,MANUFATURA,MODALIDADE ASSINATURA COMPLEMENTAR,ATIVO,0.0,8,2025-09,111.23406595515691,36.018649928336515,Manter Ativo
TDCD45,117.7080063017532,23.5416012603506,2,Sem Informações de Faturamento,VAREJO,MODALIDADE ASSINATURA COMPLEMENTAR,ATIVO,0.0,9,2025-09,123.59340661684087,24.012433285557613,Manter Ativo
TDCDGS,657.8196009320837,240.1243328555766,12,Sem Informações de Faturamento,SERVICOS,MODALIDADE ASSINATURA COMPLEMENTAR,ATIVO,0.0,9,2025-09,690.710580978688,244.92681951268813,Manter Ativo
TDCDIW,862.6315318971378,0.0,12,Sem Informações de Faturamento,MANUFATURA,MODALIDADE ASSINATURA COMPLEMENTAR,ATIVO,0.0,8,2025-09,905.7631084919948,0.0,Manter Ativo
TDCDV9,1101.074321805544,0.0,4,Sem Informações de Faturamento,MANUFATURA,MODALIDADE ASSINATURA COMPLEMENTAR,ATIVO,0.0,8,2025-09,1156.1280378958213,0.0,Manter Ativo
TDCDZ5,105.096434197994,315.289302593982,1,Sem Informações de Faturamento,EDUCACIONAL,MODALIDADE ASSINATURA COMPLEMENTAR,ATIVO,0.0,8,2025-09,110.3512559078937,321.5950886458616,Manter Ativo
TDCE2J,1240.13792353633,0.0,1,Sem Informações de Faturamento,VAREJO,MODALIDADE ASSINATURA COMPLEMENTAR,ATIVO,0.0,8,2025-09,1302.1448197131465,0.0,Manter Ativo
TDCEKK,2756.385198997629,1908.887553625002,12,Sem Informações de Faturamento,SERVICOS,MODALIDADE ASSINATURA COMPLEMENTAR,ATIVO,0.0,8,2025-09,2894.2044589475104,1947.0653046975021,Manter Ativo
TDCELY,12624.18367586304,8008.3482858871375,60,Sem Informações de Faturamento,LOGISTICA,MODALIDADE ASSINATURA COMPLEMENTAR,ATIVO,0.0,8,2025-09,13255.392859656193,8168.51525160488,Manter Ativo
TDCEVY,403.570307320296,403.570307320296,2,Sem Informações de Faturamento,CONSTRUCAO E PROJETOS,MODALIDADE ASSINATURA COMPLEMENTAR,CANCELADO,0.0,9,2025-09,423.74882268631086,411.64171346670196,Risco de Churn
TDCFA5,2249.9549095990706,5317.038798944905,12,Sem Informações de Faturamento,MANUFATURA,MODALIDADE ASSINATURA COMPLEMENTAR,ATIVO,0.0,8,2025-09,2362.452655079024,5423.3795749238025,Manter Ativo
TDCFCM,60.5355460980446,0.0,2,Sem Informações de Faturamento,SERVICOS,MODALIDADE ASSINATURA COMPLEMENTAR,ATIVO,0.0,9,2025-09,63.56232340294683,0.0,Manter Ativo
TDCFR7,956.6718212174998,564.7041602326616,21,Sem Informações de Faturamento,SERVICOS,MODALIDADE ASSINATURA COMPLEMENTAR,ATIVO,0.0,8,2025-09,1004.5054122783748,575.9982434373148,Manter Ativo
TDCFVA,2317580.807649571,961585.8992684424,240,Sem Informações de Faturamento,VAREJO,MODALIDADE TRADICIONAL,ATIVO,0.0,9,2025-09,2433459.84803205,980817.6172538113,Manter Ativo
TDCFY5,529.6860283578894,0.0,12,Sem Informações de Faturamento,EDUCACIONAL,MODALIDADE ASSINATURA COMPLEMENTAR,ATIVO,0.0,9,2025-09,556.1703297757839,0.0,Manter Ativo
TDCFYC,67.2617178867162,0.0,2,Sem Informações de Faturamento,SERVICOS,MODALIDADE ASSINATURA COMPLEMENTAR,ATIVO,0.0,9,2025-09,70.62480378105201,0.0,Manter Ativo
TDCG65,105.096434197994,0.0,1,Sem Informações de Faturamento,CONSTRUCAO E PROJETOS,MODALIDADE ASSINATURA COMPLEMENTAR,ATIVO,0.0,9,2025-09,110.3512559078937,0.0,Manter Ativo
TDCG7I,2606.3915681102458,0.0,4,Sem Informações de Faturamento,SERVICOS,MODALIDADE ASSINATURA COMPLEMENTAR,ATIVO,0.0,9,2025-09,2736.711146515758,0.0,Manter Ativo
TDCG9A,1508.3440236096114,358.1686477467636,12,Sem Informações de Faturamento,SERVICOS,MODALIDADE ASSINATURA COMPLEMENTAR,ATIVO,0.0,8,2025-09,1583.761224790092,365.33202070169887,Manter Ativo
TDCGA4,10304.663334539617,0.0,12,"Faixa 01 - De 4,5 M ate 7,5 M",SERVICOS,MODALIDADE ASSINATURA (INTERA),ATIVO,0.0,9,2025-09,10819.896501266598,0.0,Manter Ativo
TDCGAV,82.3956044112272,58.8540031508766,2,Sem Informações de Faturamento,SERVICOS,MODALIDADE ASSINATURA COMPLEMENTAR,ATIVO,0.0,9,2025-09,86.51538463178856,60.031083213894135,Manter Ativo
TDCGDS,9634.40031579851,706.2480378105181,21,Sem Informações de Faturamento,VAREJO,MODALIDADE ASSINATURA COMPLEMENTAR,ATIVO,0.0,9,2025-09,10116.120331588436,720.3729985667285,Manter Ativo
TDCGGI,11108.503921146425,1.2611572103759001,20,Sem Informações de Faturamento,VAREJO,MODALIDADE ASSINATURA COMPLEMENTAR,ATIVO,0.0,9,2025-09,11663.929117203747,1.286380354583418,Manter Ativo
TDCGK6,8361.472304792402,1135.041489338337,36,Sem Informações de Faturamento,SAUDE,MODALIDADE ASSINATURA COMPLEMENTAR,ATIVO,0.0,9,2025-09,8779.545920032022,1157.7423191251037,Manter Ativo
TDCGLR,1415820.280038579,135411.52586554957,110,Faixa 04 - De 25 M ate 35 M,CONSTRUCAO E PROJETOS,MODALIDADE ASSINATURA (INTERA),ATIVO,0.0,8,2025-09,1486611.2940405079,138119.75638286056,Manter Ativo
TDCGM3,147953.5199260124,49792.13037387251,130,"Faixa 02 - De 7,5 M ate 15 M",VAREJO,MODALIDADE ASSINATURA (INTERA),ATIVO,0.0,8,2025-09,155351.19592231303,50787.972981349965,Manter Ativo
TDCGM5,9156.001347329226,1021.5373404045,12,Sem Informações de Faturamento,SERVICOS,MODALIDADE ASSINATURA COMPLEMENTAR,ATIVO,0.0,8,2025-09,9613.801414695687,1041.96808721259,Manter Ativo
TDCGNF,816537.2447836624,18784.1799542232,90,"Faixa 02 - De 7,5 M ate 15 M",MANUFATURA,MODALIDADE ASSINATURA (INTERA),ATIVO,0.0,8,2025-09,857364.1070228455,19159.863553307663,Manter Ativo
TDCGSP,11312.580177072072,2686.264858100729,36,Sem Informações de Faturamento,LOGISTICA,MODALIDADE ASSINATURA COMPLEMENTAR,ATIVO,0.0,9,2025-09,11878.209185925676,2739.9901552627434,Manter Ativo
TDCGSV,184.9697241884692,84.0771473583952,8,Sem Informações de Faturamento,MANUFATURA,MODALIDADE ASSINATURA COMPLEMENTAR,ATIVO,0.0,8,2025-09,194.21821039789268,85.7586903055631,Manter Ativo
TDCH8Z,33.630858943358,0.0,2,Sem Informações de Faturamento,HOSPITALITY,MODALIDADE ASSINATURA COMPLEMENTAR,ATIVO,0.0,9,2025-09,35.3124018905259,0.0,Manter Ativo
TDCHD1,4197.761774736273,1349.228022233847,21,Sem Informações de Faturamento,SERVICOS,MODALIDADE ASSINATURA COMPLEMENTAR,ATIVO,0.0,8,2025-09,4407.649863473087,1376.212582678524,Manter Ativo
TEF163,166.47275176962268,0.0,8,Sem Informações de Faturamento,VAREJO,MODALIDADE ASSINATURA COMPLEMENTAR,CANCELADO,0.0,9,2025-09,174.79638935810382,0.0,Risco de Churn
TEVN70,7413.897630919073,384.43434858152705,23,"Faixa 02 - De 7,5 M ate 15 M",MANUFATURA,MODALIDADE TRADICIONAL,ATIVO,10.0,9,2025-09,7784.592512465027,392.1230355531576,Manter Ativo
TEVNVS,340207.8689274806,188126.62349048065,102,Faixa 05 - De 35 M ate 50 M,MANUFATURA,MODALIDADE TRADICIONAL,ATIVO,6.0,9,2025-09,357218.26237385464,191889.15596029026,Manter Ativo
TEVNZF,898670.6588147107,40908.1816561082,708,Faixa 04 - De 25 M ate 35 M,MANUFATURA,MODALIDADE TRADICIONAL,ATIVO,7.0,8,2025-09,943604.1917554463,41726.34528923037,Manter Ativo
TEVOMQ,519825.39325397834,5049.471685191553,144,Faixa 04 - De 25 M ate 35 M,MANUFATURA,MODALIDADE TRADICIONAL,ATIVO,9.0,9,2025-09,545816.6629166773,5150.461118895384,Manter Ativo
TEVOVX,8113164.373244978,17642.277769660417,480,Faixa 10 - De 500 M ate 850 M,MANUFATURA,MODALIDADE TRADICIONAL,ATIVO,9.0,9,2025-09,8518822.591907227,17995.123325053624,Manter Ativo
TEVS97,75775.16804307362,853.416676546656,24,"Faixa 00 - Ate 4,5 M",MANUFATURA,MODALIDADE TRADICIONAL,ATIVO,10.0,9,2025-09,79563.9264452273,870.4850100775892,Manter Ativo
TEVSA1,453559.3001308528,0.0,240,Faixa 03 - De 15 M ate 25 M,MANUFATURA,MODALIDADE TRADICIONAL,ATIVO,10.0,9,2025-09,476237.2651373955,0.0,Manter Ativo
TEVSAU,36257.55934641284,0.0,17,"Faixa 00 - Ate 4,5 M",MANUFATURA,MODALIDADE TRADICIONAL,ATIVO,10.0,9,2025-09,38070.437313733484,0.0,Manter Ativo
TEVVGL,4046.212716622775,0.0,25,Sem Informações de Faturamento,HOSPITALITY,MODALIDADE ASSINATURA COMPLEMENTAR,CANCELADO,0.0,9,2025-09,4248.523352453914,0.0,Risco de Churn
TEVVHG,2363730.01815955,0.0,312,Faixa 07 - De 75 M ate 150 M,SERVICOS,MODALIDADE TRADICIONAL,CANCELADO,0.0,8,2025-09,2481916.5190675277,0.0,Risco de Churn
TEVVHT,190282.55913004634,0.0,40,Faixa 07 - De 75 M ate 150 M,MANUFATURA,MODALIDADE ASSINATURA COMPLEMENTAR,CANCELADO,9.0,9,2025-09,199796.68708654866,0.0,Risco de Churn
TEVVJW,477394.8350983674,0.0,440,Faixa 05 - De 35 M ate 50 M,MANUFATURA,MODALIDADE TRADICIONAL,ATIVO,9.0,9,2025-09,501264.57685328583,0.0,Manter Ativo
TEVVLM,51262.77000074915,2019.4321869718224,31,"Faixa 00 - Ate 4,5 M",JURIDICO,MODALIDADE SERVICOS NÃO RECORRENTES,CANCELADO,8.0,8,2025-09,53825.90850078661,2059.820830711259,Risco de Churn
TEVVM1,31528.930259398196,13467.897849604526,125,"Faixa 00 - Ate 4,5 M",JURIDICO,MODALIDADE SERVICOS NÃO RECORRENTES,CANCELADO,8.0,8,2025-09,33105.37677236811,13737.255806596617,Risco de Churn
TEVVM3,70873.25175149603,25174.009522602362,12,"Faixa 02 - De 7,5 M ate 15 M",JURIDICO,MODALIDADE CORPORATIVO,ATIVO,10.0,9,2025-09,74416.91433907083,25677.48971305441,Manter Ativo
TEVVM6,17383.63964895656,16094.03073191452,4,"Faixa 01 - De 4,5 M ate 7,5 M",JURIDICO,MODALIDADE CORPORATIVO,CANCELADO,10.0,9,2025-09,18252.82163140439,16415.91134655281,Risco de Churn
TEVVM8,77586.90445292604,8745.469452207668,29,Faixa 03 - De 15 M ate 25 M,JURIDICO,MODALIDADE SERVICOS NÃO RECORRENTES,CANCELADO,8.0,8,2025-09,81466.24967557236,8920.37884125182,Risco de Churn
TEVVMX,10783794.341711665,2076685.1510441296,330,Faixa 11 - Acima de 850 M,SERVICOS,MODALIDADE TRADICIONAL,CANCELADO,0.0,9,2025-09,11322984.058797248,2118218.854065012,Risco de Churn
TEVVN8,33192.31254273664,28768.37483389152,16,"Faixa 00 - Ate 4,5 M",JURIDICO,MODALIDADE SERVICOS RECORRENTES,ATIVO,8.0,8,2025-09,34851.92816987347,29343.742330569352,Manter Ativo
TEVVNW,290959.4108154283,0.0,72,Faixa 05 - De 35 M ate 50 M,JURIDICO,MODALIDADE SERVICOS NÃO RECORRENTES,CANCELADO,8.0,8,2025-09,305507.38135619974,0.0,Risco de Churn
TEVVOE,529502.092782614,443741.80501125124,104,"Faixa 01 - De 4,5 M ate 7,5 M",JURIDICO,MODALIDADE SERVICOS NÃO RECORRENTES,CANCELADO,7.0,8,2025-09,555977.1974217448,452616.6411114763,Risco de Churn
TEVVOV,49188.763337427124,60071.137566895675,24,"Faixa 00 - Ate 4,5 M",JURIDICO,MODALIDADE SERVICOS NÃO RECORRENTES,CANCELADO,8.0,8,2025-09,51648.201504298486,61272.56031823359,Risco de Churn
TEVVP0,16817.304392065133,16294.125934912789,18,"Faixa 00 - Ate 4,5 M",JURIDICO,MODALIDADE SERVICOS NÃO RECORRENTES,CANCELADO,10.0,8,2025-09,17658.16961166839,16620.008453611044,Risco de Churn
TEVVP7,85512.34426380304,10591.996985636957,418,"Faixa 00 - Ate 4,5 M",JURIDICO,MODALIDADE SERVICOS NÃO RECORRENTES,ATIVO,10.0,9,2025-09,89787.9614769932,10803.836925349697,Manter Ativo
TEVVPK,70139.15315862292,28223.33211456875,50,"Faixa 00 - Ate 4,5 M",JURIDICO,MODALIDADE SERVICOS NÃO RECORRENTES,CANCELADO,9.0,9,2025-09,73646.11081655408,28787.798756860127,Risco de Churn
TEVVPZ,6186.430133489664,7015.46443730238,12,"Faixa 00 - Ate 4,5 M",JURIDICO,MODALIDADE CORPORATIVO,ATIVO,10.0,9,2025-09,6495.751640164147,7155.773726048428,Manter Ativo
TEVVQ4,3807.702664996472,520.706589020012,4,"Faixa 00 - Ate 4,5 M",JURIDICO,MODALIDADE CORPORATIVO,CANCELADO,9.0,9,2025-09,3998.0877982462957,531.1207208004122,Risco de Churn
TEVVQ5,8480.714719033453,12336.034476436336,21,Sem Informações de Faturamento,JURIDICO,MODALIDADE SERVICOS NÃO RECORRENTES,CANCELADO,1.0,8,2025-09,8904.750454985126,12582.755165965063,Risco de Churn
TEVVQ8,11430.5824533896,10969.1670686867,10,"Faixa 00 - Ate 4,5 M",JURIDICO,MODALIDADE CORPORATIVO,CANCELADO,10.0,9,2025-09,12002.11157605908,11188.550410060434,Risco de Churn
TEVVQC,204050.71328829735,0.0,23,"Faixa 00 - Ate 4,5 M",SERVICOS,MODALIDADE ASSINATURA (INTERA),ATIVO,0.0,9,2025-09,214253.24895271222,0.0,Manter Ativo
TEVVT0,1415.01839004179,3785.40540551703,10,Faixa 05 - De 35 M ate 50 M,MANUFATURA,MODALIDADE TRADICIONAL,CANCELADO,9.0,9,2025-09,1485.7693095438797,3861.1135136273706,Risco de Churn
TEVVTC,807151.649766186,59337.698979629706,360,Faixa 06 - De 50 M ate 75 M,MANUFATURA,MODALIDADE TRADICIONAL,ATIVO,5.0,5,2025-09,847509.2322544954,60524.452959222304,Manter Ativo
TEVVV4,6931149.208685805,809001.7884130926,1488,Faixa 07 - De 75 M ate 150 M,MANUFATURA,MODALIDADE TRADICIONAL,ATIVO,10.0,9,2025-09,7277706.669120096,825181.8241813545,Manter Ativo
TEVVV9,6474.058054602738,0.0,56,"Faixa 01 - De 4,5 M ate 7,5 M",MANUFATURA,MODALIDADE TRADICIONAL,ATIVO,7.0,8,2025-09,6797.760957332875,0.0,Manter Ativo
TEVYDI,83492.34875994392,0.0,228,"Faixa 01 - De 4,5 M ate 7,5 M",MANUFATURA,MODALIDADE ASSINATURA COMPLEMENTAR,ATIVO,9.0,9,2025-09,87666.96619794113,0.0,Manter Ativo
TEVZJE,222920.84110640758,65035.9141376958,26,Faixa 11 - Acima de 850 M,EDUCACIONAL,MODALIDADE TRADICIONAL,CANCELADO,0.0,8,2025-09,234066.88316172798,66336.63242044972,Risco de Churn
TEWA34,4414.050236315745,1662.52049257806,15,Faixa 03 - De 15 M ate 25 M,MANUFATURA,MODALIDADE ASSINATURA COMPLEMENTAR,ATIVO,7.0,8,2025-09,4634.752748131532,1695.7709024296212,Manter Ativo
TEWBJ0,13337.994453078456,25322.84709271352,21,Faixa 05 - De 35 M ate 50 M,SERVICOS,MODALIDADE CORPORATIVO,ATIVO,8.0,8,2025-09,14004.89417573238,25829.30403456779,Manter Ativo
TEWBJ8,2074.1327790431915,1696.9963268523788,14,"Faixa 00 - Ate 4,5 M",DISTRIBUICAO,MODALIDADE CORPORATIVO,ATIVO,0.0,8,2025-09,2177.839417995351,1730.9362533894264,Manter Ativo
TEWBJI,31845.060333465746,0.0,136,Faixa 08 - De 150 M ate 300 M,SERVICOS,MODALIDADE TRADICIONAL,ATIVO,9.0,9,2025-09,33437.31335013903,0.0,Manter Ativo
TEWBPM,4578.0006736646155,0.0,22,"Faixa 01 - De 4,5 M ate 7,5 M",MANUFATURA,MODALIDADE TRADICIONAL,ATIVO,8.0,8,2025-09,4806.900707347847,0.0,Manter Ativo
TEWBPO,71927.80198381077,0.0,115,Faixa 03 - De 15 M ate 25 M,SERVICOS,MODALIDADE CORPORATIVO,ATIVO,8.0,8,2025-09,75524.19208300131,0.0,Manter Ativo
TEWBPS,89200.9726688531,10242.732107795444,17,"Faixa 00 - Ate 4,5 M",JURIDICO,MODALIDADE CORPORATIVO,ATIVO,10.0,9,2025-09,93661.02130229575,10447.586749951353,Manter Ativo
TEWBQT,28922.988504026318,59864.64409298347,39,Faixa 05 - De 35 M ate 50 M,MANUFATURA,MODALIDADE CORPORATIVO,ATIVO,7.0,8,2025-09,30369.137929227636,61061.93697484314,Manter Ativo
TEWBTY,145716021.85293508,337409.2938159386,6552,Faixa 11 - Acima de 850 M,SAUDE,MODALIDADE TRADICIONAL,CANCELADO,9.0,9,2025-09,153001822.94558182,344157.47969225736,Risco de Churn
TEWEF8,8640958.968465038,976679.0882497752,1140,"Faixa 02 - De 7,5 M ate 15 M",MANUFATURA,MODALIDADE TRADICIONAL,CANCELADO,9.0,9,2025-09,9073006.91688829,996212.6700147707,Risco de Churn
TEWEF9,1667.098493251731,0.0,6,Sem Informações de Faturamento,JURIDICO,MODALIDADE SERVICOS RECORRENTES,ATIVO,7.0,8,2025-09,1750.4534179143177,0.0,Manter Ativo
TEWEPY,34495.27291077926,203052.31397884586,56,"Faixa 00 - Ate 4,5 M",CONSTRUCAO E PROJETOS,MODALIDADE TRADICIONAL,ATIVO,8.0,8,2025-09,36220.03655631823,207113.3602584228,Manter Ativo
TEWERU,269746.4816938914,0.0,22,Faixa 08 - De 150 M ate 300 M,MANUFATURA,MODALIDADE CORPORATIVO,ATIVO,8.0,8,2025-09,283233.80577858596,0.0,Manter Ativo
TEWGR8,138958.9509054688,0.0,68,Faixa 07 - De 75 M ate 150 M,DISTRIBUICAO,MODALIDADE TRADICIONAL,ATIVO,10.0,9,2025-09,145906.89845074224,0.0,Manter Ativo
TEWGVB,369993.52679811977,500782.0539007385,224,"Faixa 02 - De 7,5 M ate 15 M",AGROINDUSTRIA,MODALIDADE TRADICIONAL,ATIVO,5.0,5,2025-09,388493.20313802577,510797.6949787533,Manter Ativo
TEWGXM,39547.53595726301,24983.524337547104,84,Faixa 08 - De 150 M ate 300 M,EDUCACIONAL,MODALIDADE ASSINATURA COMPLEMENTAR,ATIVO,10.0,9,2025-09,41524.91275512616,25483.194824298047,Manter Ativo
TEWLOI,698102.0972729807,0.0,60,"Faixa 01 - De 4,5 M ate 7,5 M",SAUDE,MODALIDADE ASSINATURA (INTERA),ATIVO,0.0,9,2025-09,733007.2021366298,0.0,Manter Ativo
TEWLRQ,872894.3164045739,0.0,52,Faixa 05 - De 35 M ate 50 M,MANUFATURA,MODALIDADE TRADICIONAL,ATIVO,8.0,9,2025-09,916539.0322248025,0.0,Manter Ativo
TEWLRU,668054.4129725983,579780.6052500966,112,"Faixa 01 - De 4,5 M ate 7,5 M",JURIDICO,MODALIDADE ASSINATURA COMPLEMENTAR,ATIVO,8.0,8,2025-09,701457.1336212283,591376.2173550986,Manter Ativo
TEWLVK,99396.17176138946,0.0,42,Faixa 06 - De 50 M ate 75 M,SERVICOS,MODALIDADE CORPORATIVO,ATIVO,7.0,8,2025-09,104365.98034945893,0.0,Manter Ativo
TEWLW3,7221.360963468354,0.0,117,Faixa 03 - De 15 M ate 25 M,DISTRIBUICAO,MODALIDADE TRADICIONAL,ATIVO,9.0,9,2025-09,7582.429011641772,0.0,Manter Ativo
TEWOW7,515201.5495157181,654.1244103056822,408,Faixa 07 - De 75 M ate 150 M,VAREJO,MODALIDADE TRADICIONAL,ATIVO,8.0,9,2025-09,540961.6269915041,667.2068985117959,Manter Ativo
TEWOWF,23149.801753660493,0.0,26,"Faixa 02 - De 7,5 M ate 15 M",EDUCACIONAL,MODALIDADE TRADICIONAL,ATIVO,10.0,9,2025-09,24307.291841343518,0.0,Manter Ativo
TEWOX7,329171.42752933444,10713.908849306636,165,"Faixa 01 - De 4,5 M ate 7,5 M",SAUDE,MODALIDADE ASSINATURA COMPLEMENTAR,ATIVO,8.0,8,2025-09,345629.99890580116,10928.187026292768,Manter Ativo
TEWOXR,210974.78586642095,80009.9153549328,69,"Faixa 01 - De 4,5 M ate 7,5 M",VAREJO,MODALIDADE TRADICIONAL,ATIVO,8.0,8,2025-09,221523.525159742,81610.11366203146,Manter Ativo
TEWOYJ,3738253.9239449543,0.0,324,Faixa 09 - De 300 M ate 500 M,DISTRIBUICAO,MODALIDADE TRADICIONAL,CANCELADO,10.0,9,2025-09,3925166.6201422024,0.0,Risco de Churn
TEWOYZ,110825.11891426297,0.0,21,Faixa 06 - De 50 M ate 75 M,VAREJO,MODALIDADE CORPORATIVO,ATIVO,10.0,9,2025-09,116366.37485997613,0.0,Manter Ativo
TEWP22,3267141.3921512095,0.0,696,Faixa 10 - De 500 M ate 850 M,DISTRIBUICAO,MODALIDADE ASSINATURA COMPLEMENTAR,ATIVO,8.0,8,2025-09,3430498.46175877,0.0,Manter Ativo
TEWP26,7551.17879712585,0.0,50,Faixa 07 - De 75 M ate 150 M,MANUFATURA,MODALIDADE TRADICIONAL,ATIVO,8.0,9,2025-09,7928.737736982142,0.0,Manter Ativo
TEWP73,12856.74106545636,2749.020040889034,8,"Faixa 02 - De 7,5 M ate 15 M",MANUFATURA,MODALIDADE TRADICIONAL,ATIVO,0.0,9,2025-09,13499.578118729178,2804.000441706815,Manter Ativo
TEWP74,4285.58035515212,916.3400136296766,8,"Faixa 00 - Ate 4,5 M",MANUFATURA,MODALIDADE TRADICIONAL,ATIVO,10.0,9,2025-09,4499.8593729097265,934.6668139022702,Manter Ativo
TEWP91,179843.33872887449,0.0,138,Sem Informações de Faturamento,MANUFATURA,MODALIDADE TRADICIONAL,ATIVO,8.0,8,2025-09,188835.50566531823,0.0,Manter Ativo
TEWRJA,37759.08891722898,0.0,30,Faixa 03 - De 15 M ate 25 M,MANUFATURA,MODALIDADE CORPORATIVO,ATIVO,9.0,9,2025-09,39647.04336309043,0.0,Manter Ativo
TEWRKI,75803.11528685552,0.0,24,Faixa 06 - De 50 M ate 75 M,MANUFATURA,MODALIDADE CORPORATIVO,ATIVO,8.0,8,2025-09,79593.2710511983,0.0,Manter Ativo
TEWROI,199427.54637107186,136550.15744908008,48,Sem Informações de Faturamento,JURIDICO,MODALIDADE CORPORATIVO,ATIVO,10.0,9,2025-09,209398.92368962546,139281.1605980617,Manter Ativo
TEWTOL,113948.34531875724,0.0,128,Faixa 03 - De 15 M ate 25 M,CONSTRUCAO E PROJETOS,MODALIDADE TRADICIONAL,TROCADO,8.0,8,2025-09,119645.76258469511,0.0,Risco de Churn
TEWTRA,481353.5781547353,0.0,27,Faixa 09 - De 300 M ate 500 M,SERVICOS,MODALIDADE CORPORATIVO,ATIVO,8.0,8,2025-09,505421.2570624721,0.0,Manter Ativo
TEWTV4,85722.8734407885,56975.215216006,120,Faixa 03 - De 15 M ate 25 M,DISTRIBUICAO,MODALIDADE TRADICIONAL,TROCADO,9.0,9,2025-09,90009.01711282793,58114.71952032612,Risco de Churn
TEWTV8,239539.83693485562,0.0,57,Faixa 05 - De 35 M ate 50 M,MANUFATURA,MODALIDADE TRADICIONAL,ATIVO,9.0,9,2025-09,251516.8287815984,0.0,Manter Ativo
TEWTWC,106105.444043442,0.0,180,Faixa 10 - De 500 M ate 850 M,DISTRIBUICAO,MODALIDADE ASSINATURA COMPLEMENTAR,ATIVO,8.0,8,2025-09,111410.7162456141,0.0,Manter Ativo
TEWTY2,38979.94795087607,0.0,28,Faixa 07 - De 75 M ate 150 M,EDUCACIONAL,MODALIDADE ASSINATURA COMPLEMENTAR,ATIVO,10.0,9,2025-09,40928.945348419875,0.0,Manter Ativo
TEWTY5,59502.23795700983,0.0,17,Faixa 03 - De 15 M ate 25 M,CONSTRUCAO E PROJETOS,MODALIDADE TRADICIONAL,ATIVO,10.0,9,2025-09,62477.349854860324,0.0,Manter Ativo
TEWTYL,70936.1582731496,0.0,68,"Faixa 02 - De 7,5 M ate 15 M",MANUFATURA,MODALIDADE TRADICIONAL,ATIVO,0.0,9,2025-09,74482.96618680708,0.0,Manter Ativo
TEWTZ9,231743.77924219152,0.0,102,Faixa 08 - De 150 M ate 300 M,AGROINDUSTRIA,MODALIDADE TRADICIONAL,ATIVO,9.0,9,2025-09,243330.9682043011,0.0,Manter Ativo
TEWU57,6326760.138844819,0.0,64,Faixa 11 - Acima de 850 M,AGROINDUSTRIA,MODALIDADE TRADICIONAL,TROCADO,0.0,8,2025-09,6643098.14578706,0.0,Risco de Churn
TEXCEK,626729.2380925941,131707.9443398414,18,"Faixa 00 - Ate 4,5 M",MANUFATURA,MODALIDADE TRADICIONAL,ATIVO,9.0,9,2025-09,658065.6999972238,134342.10322663822,Manter Ativo
TEXCHQ,216118.709818955,3517.367459738478,150,Faixa 03 - De 15 M ate 25 M,SERVICOS,MODALIDADE TRADICIONAL,ATIVO,8.0,8,2025-09,226924.64530990276,3587.7148089332477,Manter Ativo
TEXCJH,125405.39525813541,0.0,30,Faixa 04 - De 25 M ate 35 M,VAREJO,MODALIDADE CORPORATIVO,ATIVO,7.0,8,2025-09,131675.6650210422,0.0,Manter Ativo
TEXCK8,28589.425033454,0.0,8,"Faixa 00 - Ate 4,5 M",JURIDICO,MODALIDADE CORPORATIVO,ATIVO,9.0,9,2025-09,30018.896285126702,0.0,Manter Ativo
TEXCL4,2762.90958563264,0.0,32,"Faixa 00 - Ate 4,5 M",DISTRIBUICAO,MODALIDADE TRADICIONAL,ATIVO,8.0,8,2025-09,2901.055064914272,0.0,Manter Ativo
TEXCMP,226692.20142445847,53962.59650271888,72,Faixa 06 - De 50 M ate 75 M,MANUFATURA,MODALIDADE CORPORATIVO,CANCELADO,10.0,9,2025-09,238026.8114956814,55041.84843277326,Risco de Churn
TEXCTS,699086.2623213846,621952.7522933026,68,Faixa 05 - De 35 M ate 50 M,CONSTRUCAO E PROJETOS,MODALIDADE TRADICIONAL,ATIVO,8.0,8,2025-09,734040.5754374539,634391.8073391686,Manter Ativo
TEXCU9,72351.40367148927,383.6440233963576,36,Faixa 04 - De 25 M ate 35 M,MANUFATURA,MODALIDADE CORPORATIVO,ATIVO,8.0,8,2025-09,75968.97385506374,391.31690386428477,Manter Ativo
TEXFBB,151253.84222984526,0.0,25,Faixa 05 - De 35 M ate 50 M,SERVICOS,MODALIDADE TRADICIONAL,CANCELADO,9.0,9,2025-09,158816.53434133754,0.0,Risco de Churn
TEXFC5,1324.2150708947245,0.0,21,"Faixa 00 - Ate 4,5 M",LOGISTICA,MODALIDADE ASSINATURA COMPLEMENTAR,ATIVO,9.0,9,2025-09,1390.4258244394607,0.0,Manter Ativo
TEXFJG,239074.94496010974,1925.36667450725,100,Faixa 07 - De 75 M ate 150 M,MANUFATURA,MODALIDADE TRADICIONAL,CANCELADO,0.0,8,2025-09,251028.69220811524,1963.8740079973952,Risco de Churn
TEXHLI,56537.0723856919,0.0,1,Sem Informações de Faturamento,SERVICOS,MODALIDADE SERVICOS RECORRENTES,PENDENTE,0.0,9,2025-09,59363.9260049765,0.0,Risco de Churn
TEXHMP,100843.78265760481,63617.63775819387,76,Faixa 11 - Acima de 850 M,MANUFATURA,MODALIDADE TRADICIONAL,CANCELADO,0.0,8,2025-09,105885.97179048505,64889.99051335775,Risco de Churn
TEXHRJ,16647.275176962277,15548.555015282718,66,Faixa 07 - De 75 M ate 150 M,MANUFATURA,MODALIDADE TRADICIONAL,ATIVO,10.0,9,2025-09,17479.63893581039,15859.526115588373,Manter Ativo
TEXHRS,349712.9039404954,0.0,405,"Faixa 02 - De 7,5 M ate 15 M",EDUCACIONAL,MODALIDADE TRADICIONAL,CANCELADO,8.0,8,2025-09,367198.5491375202,0.0,Risco de Churn
TEXHSA,359980.6784266308,113342.9730423474,33,Faixa 04 - De 25 M ate 35 M,VAREJO,MODALIDADE TRADICIONAL,ATIVO,9.0,9,2025-09,377979.71234796237,115609.83250319434,Manter Ativo
TEXHTJ,1437330.4807300318,0.0,296,"Faixa 01 - De 4,5 M ate 7,5 M",VAREJO,MODALIDADE SERVICOS RECORRENTES,CANCELADO,10.0,9,2025-09,1509197.0047665336,0.0,Risco de Churn
TEXKCC,153396.06909053403,0.0,34,Faixa 06 - De 50 M ate 75 M,AGROINDUSTRIA,MODALIDADE CORPORATIVO,CANCELADO,0.0,9,2025-09,161065.87254506073,0.0,Risco de Churn
TEXKGG,511813.2446810313,0.0,60,Sem Informações de Faturamento,EDUCACIONAL,MODALIDADE ASSINATURA COMPLEMENTAR,CANCELADO,7.0,9,2025-09,537403.906915083,0.0,Risco de Churn
TEXKI7,139213.40618809153,0.0,105,Faixa 07 - De 75 M ate 150 M,DISTRIBUICAO,MODALIDADE CORPORATIVO,ATIVO,10.0,9,2025-09,146174.0764974961,0.0,Manter Ativo
TEXKIE,1040731.6486835404,994706.472985197,108,Faixa 03 - De 15 M ate 25 M,DISTRIBUICAO,MODALIDADE TRADICIONAL,ATIVO,10.0,9,2025-09,1092768.2311177175,1014600.6024449009,Manter Ativo
TEXKLJ,967264.7640710443,0.0,216,Faixa 07 - De 75 M ate 150 M,MANUFATURA,MODALIDADE TRADICIONAL,ATIVO,7.0,8,2025-09,1015628.0022745965,0.0,Manter Ativo
TEXKLM,352986.65366190573,371928.2260359827,56,Faixa 06 - De 50 M ate 75 M,SERVICOS,MODALIDADE ASSINATURA COMPLEMENTAR,CANCELADO,10.0,9,2025-09,370635.98634500103,379366.79055670236,Risco de Churn
TEXKM7,9295.737566238908,0.0,16,"Faixa 00 - Ate 4,5 M",SERVICOS,MODALIDADE ASSINATURA (INTERA),ATIVO,0.0,9,2025-09,9760.524444550854,0.0,Manter Ativo
TEXKSA,1051461.944168866,0.0,205,Faixa 07 - De 75 M ate 150 M,EDUCACIONAL,MODALIDADE ASSINATURA COMPLEMENTAR,CANCELADO,10.0,9,2025-09,1104035.0413773092,0.0,Risco de Churn
TEXN09,3283366.822852877,0.0,1105,Faixa 11 - Acima de 850 M,MANUFATURA,MODALIDADE TRADICIONAL,ATIVO,6.0,5,2025-09,3447535.163995521,0.0,Manter Ativo
TEXPJ9,69968.32941447751,0.0,40,"Faixa 01 - De 4,5 M ate 7,5 M",MANUFATURA,MODALIDADE TRADICIONAL,ATIVO,9.0,9,2025-09,73466.7458852014,0.0,Manter Ativo
TEXPRW,30195.13459756192,35446.47130970365,14,Faixa 06 - De 50 M ate 75 M,MANUFATURA,MODALIDADE CORPORATIVO,ATIVO,10.0,9,2025-09,31704.891327440015,36155.400735897725,Manter Ativo
TEXPSB,499889.9281055493,0.0,33,Faixa 03 - De 15 M ate 25 M,MANUFATURA,MODALIDADE SERVICOS RECORRENTES,ATIVO,10.0,9,2025-09,524884.4245108268,0.0,Manter Ativo
TEXPYU,414086.4499035873,13811.622043435138,234,"Faixa 00 - Ate 4,5 M",JURIDICO,MODALIDADE SERVICOS RECORRENTES,ATIVO,10.0,9,2025-09,434790.77239876665,14087.854484303842,Manter Ativo
TEXSOA,2781.692420352501,3306.333819868895,39,"Faixa 00 - Ate 4,5 M",LOGISTICA,MODALIDADE ASSINATURA COMPLEMENTAR,ATIVO,0.0,9,2025-09,2920.777041370126,3372.460496266273,Manter Ativo
TEXSOB,797222.6725530435,25043.643701765854,168,Faixa 09 - De 300 M ate 500 M,VAREJO,MODALIDADE ASSINATURA COMPLEMENTAR,ATIVO,8.0,8,2025-09,837083.8061806957,25544.51657580117,Manter Ativo
TEXSOQ,161412.7199947229,0.0,88,Faixa 04 - De 25 M ate 35 M,DISTRIBUICAO,MODALIDADE TRADICIONAL,ATIVO,10.0,9,2025-09,169483.35599445904,0.0,Manter Ativo
TEXSPK,1019661.3480347805,48874.39467959647,82,Faixa 07 - De 75 M ate 150 M,MANUFATURA,MODALIDADE TRADICIONAL,ATIVO,8.0,8,2025-09,1070644.4154365195,49851.882573188406,Manter Ativo
TEXSRY,235237.47478109095,21167.136503228536,75,Faixa 08 - De 150 M ate 300 M,EDUCACIONAL,MODALIDADE ASSINATURA COMPLEMENTAR,ATIVO,10.0,9,2025-09,246999.34852014552,21590.479233293107,Manter Ativo
TEXVBP,4679308.406632915,1401128.6897554616,1848,Faixa 07 - De 75 M ate 150 M,MANUFATURA,MODALIDADE TRADICIONAL,ATIVO,9.0,9,2025-09,4913273.826964561,1429151.263550571,Manter Ativo
TEXVCZ,331108.83825520065,31688.25645364236,86,Faixa 03 - De 15 M ate 25 M,MANUFATURA,MODALIDADE TRADICIONAL,ATIVO,8.0,8,2025-09,347664.2801679607,32322.021582715206,Manter Ativo
TEXVFB,338187.6632307525,303488.1501136109,114,Faixa 04 - De 25 M ate 35 M,LOGISTICA,MODALIDADE TRADICIONAL,ATIVO,9.0,9,2025-09,355097.04639229015,309557.91311588313,Manter Ativo
TEXVFP,360440.82424640935,0.0,108,Faixa 10 - De 500 M ate 850 M,MANUFATURA,MODALIDADE TRADICIONAL,CANCELADO,10.0,9,2025-09,378462.86545872985,0.0,Risco de Churn
TEXVFR,322382.3071804359,1982.1187489741653,287,"Faixa 00 - Ate 4,5 M",AGROINDUSTRIA,MODALIDADE TRADICIONAL,TROCADO,5.0,5,2025-09,338501.42253945774,2021.7611239536486,Risco de Churn
TEXVGX,6382658.754596616,1969904.2942566662,371,"Faixa 02 - De 7,5 M ate 15 M",MANUFATURA,MODALIDADE TRADICIONAL,ATIVO,7.0,8,2025-09,6701791.692326447,2009302.3801417996,Manter Ativo
TEXVI3,337243.52731220634,0.0,162,Faixa 06 - De 50 M ate 75 M,CONSTRUCAO E PROJETOS,MODALIDADE TRADICIONAL,ATIVO,10.0,9,2025-09,354105.70367781667,0.0,Manter Ativo
TEXVIX,9511981.761200277,6505317.391489127,3330,Faixa 09 - De 300 M ate 500 M,VAREJO,MODALIDADE TRADICIONAL,TROCADO,6.0,5,2025-09,9987580.849260291,6635423.739318909,Risco de Churn
TEXVNG,35348.82411076162,0.0,36,Faixa 03 - De 15 M ate 25 M,CONSTRUCAO E PROJETOS,MODALIDADE CORPORATIVO,ATIVO,10.0,9,2025-09,37116.2653162997,0.0,Manter Ativo
TEXY56,1144279.0244993153,26408.631985271913,405,Faixa 08 - De 150 M ate 300 M,LOGISTICA,MODALIDADE ASSINATURA COMPLEMENTAR,ATIVO,8.0,8,2025-09,1201492.975724281,26936.80462497735,Manter Ativo
TEXY99,302051.3893732616,76158.46314630842,114,"Faixa 02 - De 7,5 M ate 15 M",FINANCIAL SERVICES,MODALIDADE TRADICIONAL,ATIVO,0.0,9,2025-09,317153.9588419247,77681.63240923459,Manter Ativo
TEXYF9,60267.29795939765,0.0,33,Faixa 03 - De 15 M ate 25 M,LOGISTICA,MODALIDADE CORPORATIVO,ATIVO,2.0,5,2025-09,63280.66285736753,0.0,Manter Ativo
TEXYFP,1567799.2834605335,0.0,1870,Faixa 09 - De 300 M ate 500 M,CONSTRUCAO E PROJETOS,MODALIDADE TRADICIONAL,ATIVO,9.0,9,2025-09,1646189.2476335603,0.0,Manter Ativo
TEXYFV,63806.08827628293,0.0,177,"Faixa 02 - De 7,5 M ate 15 M",HOSPITALITY,MODALIDADE ASSINATURA COMPLEMENTAR,CANCELADO,9.0,9,2025-09,66996.39269009708,0.0,Risco de Churn
TEY678,37257.736887530824,13633.891361634222,18,"Faixa 00 - Ate 4,5 M",JURIDICO,MODALIDADE TRADICIONAL,ATIVO,10.0,9,2025-09,39120.62373190737,13906.569188866906,Manter Ativo
TEYIZV,408533.885791746,0.0,52,Faixa 07 - De 75 M ate 150 M,SERVICOS,MODALIDADE CORPORATIVO,ATIVO,8.0,8,2025-09,428960.58008133335,0.0,Manter Ativo
TEYJ00,315.793765478132,0.0,2,Sem Informações de Faturamento,MANUFATURA,MODALIDADE ASSINATURA COMPLEMENTAR,ATIVO,0.0,8,2025-09,331.5834537520386,0.0,Manter Ativo
TEYJ64,1002258.13522592,59371.07760713065,150,"Faixa 02 - De 7,5 M ate 15 M",CONSTRUCAO E PROJETOS,MODALIDADE TRADICIONAL,ATIVO,5.0,5,2025-09,1052371.041987216,60558.49915927327,Manter Ativo
TEYJAI,116755.66445362475,13187.971395189486,144,"Faixa 02 - De 7,5 M ate 15 M",MANUFATURA,MODALIDADE SERVICOS RECORRENTES,ATIVO,8.0,9,2025-09,122593.447676306,13451.730823093276,Manter Ativo
TEYJDF,493342.2310814311,0.0,68,Sem Informações de Faturamento,AGROINDUSTRIA,MODALIDADE TRADICIONAL,TROCADO,0.0,8,2025-09,518009.3426355027,0.0,Risco de Churn
TEYJDK,628038.4748196873,0.0,232,Faixa 08 - De 150 M ate 300 M,MANUFATURA,MODALIDADE TRADICIONAL,ATIVO,10.0,9,2025-09,659440.3985606717,0.0,Manter Ativo
TEYJI6,70189.75498976093,0.0,96,Faixa 06 - De 50 M ate 75 M,VAREJO,MODALIDADE TRADICIONAL,TROCADO,9.0,9,2025-09,73699.24273924898,0.0,Risco de Churn
TEYSWS,240757.47160990158,439.6982575402003,124,Faixa 06 - De 50 M ate 75 M,MANUFATURA,MODALIDADE TRADICIONAL,CANCELADO,8.0,8,2025-09,252795.34519039668,448.4922226910043,Risco de Churn
TEYT36,68912.75764482253,270878.8621415148,46,Sem Informações de Faturamento,MANUFATURA,MODALIDADE TRADICIONAL,TROCADO,8.0,8,2025-09,72358.39552706367,276296.4393843451,Risco de Churn
TEYVQ7,30615.398422490278,0.0,48,"Faixa 00 - Ate 4,5 M",CONSTRUCAO E PROJETOS,MODALIDADE TRADICIONAL,ATIVO,10.0,9,2025-09,32146.168343614794,0.0,Manter Ativo
TEYVT0,166384.6221037614,0.0,36,Faixa 03 - De 15 M ate 25 M,MANUFATURA,MODALIDADE CORPORATIVO,ATIVO,8.0,8,2025-09,174703.85320894947,0.0,Manter Ativo
TEYVTZ,276350.25397143845,180.471596804796,90,Faixa 07 - De 75 M ate 150 M,VAREJO,MODALIDADE ASSINATURA COMPLEMENTAR,ATIVO,7.0,8,2025-09,290167.7666700104,184.08102874089192,Manter Ativo
TEYVVB,608305.5599269569,54.364283481937775,183,Faixa 11 - Acima de 850 M,VAREJO,MODALIDADE TRADICIONAL,ATIVO,10.0,9,2025-09,638720.8379233048,55.45156915157653,Manter Ativo
TEYVXH,48493.890937654105,0.0,90,Faixa 03 - De 15 M ate 25 M,MANUFATURA,MODALIDADE ASSINATURA COMPLEMENTAR,CANCELADO,0.0,8,2025-09,50918.585484536816,0.0,Risco de Churn
TEYVXL,31401.229684132893,0.0,21,Faixa 04 - De 25 M ate 35 M,MANUFATURA,MODALIDADE CORPORATIVO,ATIVO,10.0,8,2025-09,32971.291168339536,0.0,Manter Ativo
TEYVXR,36415.91444960502,0.0,33,Faixa 06 - De 50 M ate 75 M,MANUFATURA,MODALIDADE TRADICIONAL,TROCADO,8.0,8,2025-09,38236.71017208527,0.0,Risco de Churn
TEYVYG,170428.95149228355,35271.607658627705,40,Faixa 07 - De 75 M ate 150 M,MANUFATURA,MODALIDADE CORPORATIVO,ATIVO,8.0,8,2025-09,178950.39906689775,35977.03981180026,Manter Ativo
TEYVZH,240400.4758383606,564.2921822106047,42,Faixa 03 - De 15 M ate 25 M,EDUCACIONAL,MODALIDADE TRADICIONAL,CANCELADO,0.0,9,2025-09,252420.49963027865,575.5780258548168,Risco de Churn
TEYYP8,532769.6838529799,140929.54267753998,110,Faixa 04 - De 25 M ate 35 M,MANUFATURA,MODALIDADE TRADICIONAL,ATIVO,5.0,5,2025-09,559408.1680456289,143748.13353109077,Manter Ativo
TEYYTA,263168.8069628842,0.0,159,Faixa 08 - De 150 M ate 300 M,SERVICOS,MODALIDADE TRADICIONAL,TROCADO,8.0,9,2025-09,276327.2473110284,0.0,Risco de Churn
TEYYY6,84667.2007785564,0.0,40,"Faixa 02 - De 7,5 M ate 15 M",MANUFATURA,MODALIDADE CORPORATIVO,ATIVO,8.0,8,2025-09,88900.56081748423,0.0,Manter Ativo
TEZAMM,483448.3392618836,0.0,44,Faixa 07 - De 75 M ate 150 M,SERVICOS,MODALIDADE TRADICIONAL,CANCELADO,10.0,8,2025-09,507620.7562249778,0.0,Risco de Churn
TEZAP4,597.6624019971529,0.0,21,Faixa 05 - De 35 M ate 50 M,MANUFATURA,MODALIDADE TRADICIONAL,ATIVO,9.0,9,2025-09,627.5455220970106,0.0,Manter Ativo
TEZAPV,11329.60159555479,0.0,98,Faixa 07 - De 75 M ate 150 M,SAUDE,MODALIDADE TRADICIONAL,TROCADO,0.0,9,2025-09,11896.08167533253,0.0,Risco de Churn
TEZAS9,81453.09958933973,80128.58184071456,120,"Faixa 00 - Ate 4,5 M",DISTRIBUICAO,MODALIDADE TRADICIONAL,ATIVO,9.0,9,2025-09,85525.75456880672,81731.15347752885,Manter Ativo
TEZASO,741903.8948480049,3445.481498747035,200,Faixa 11 - Acima de 850 M,SERVICOS,MODALIDADE TRADICIONAL,CANCELADO,9.0,9,2025-09,778999.0895904052,3514.3911287219757,Risco de Churn
TEZAT6,454079.53588784643,0.0,52,Faixa 08 - De 150 M ate 300 M,MANUFATURA,MODALIDADE TRADICIONAL,ATIVO,8.0,8,2025-09,476783.51268223877,0.0,Manter Ativo
TEZATG,4432679.209855949,0.0,550,Faixa 10 - De 500 M ate 850 M,DISTRIBUICAO,MODALIDADE ASSINATURA COMPLEMENTAR,ATIVO,7.0,8,2025-09,4654313.170348746,0.0,Manter Ativo
TEZAUP,15802235.842281958,192005.88841945163,1071,Faixa 11 - Acima de 850 M,MANUFATURA,MODALIDADE ASSINATURA COMPLEMENTAR,ATIVO,0.0,9,2025-09,16592347.634396058,195846.00618784066,Manter Ativo
TEZAXU,732502.1023680875,659350.2422151734,48,Sem Informações de Faturamento,MANUFATURA,MODALIDADE ASSINATURA COMPLEMENTAR,CANCELADO,9.0,8,2025-09,769127.2074864919,672537.2470594769,Risco de Churn
TEZAZB,1261.1572103759281,2501.984566520598,6,"Faixa 00 - Ate 4,5 M",MANUFATURA,MODALIDADE TRADICIONAL,ATIVO,7.0,8,2025-09,1324.2150708947245,2552.02425785101,Manter Ativo
TEZB04,52237.58567036674,0.0,36,"Faixa 00 - Ate 4,5 M",EDUCACIONAL,MODALIDADE TRADICIONAL,CANCELADO,8.0,8,2025-09,54849.46495388508,0.0,Risco de Churn
TEZB39,2476.4923754415317,0.0,8,"Faixa 00 - Ate 4,5 M",MANUFATURA,MODALIDADE CORPORATIVO,ATIVO,10.0,9,2025-09,2600.3169942136083,0.0,Manter Ativo
TEZB61,3370301.302637244,117476.73108865715,328,Faixa 04 - De 25 M ate 35 M,DISTRIBUICAO,MODALIDADE TRADICIONAL,ATIVO,8.0,8,2025-09,3538816.3677691063,119826.26571043029,Manter Ativo
TEZBBY,10412.248452299438,0.0,32,"Faixa 01 - De 4,5 M ate 7,5 M",VAREJO,MODALIDADE TRADICIONAL,ATIVO,9.0,9,2025-09,10932.860874914411,0.0,Manter Ativo
TEZBC6,66853.94372202792,0.0,124,Faixa 04 - De 25 M ate 35 M,CONSTRUCAO E PROJETOS,MODALIDADE TRADICIONAL,ATIVO,9.0,9,2025-09,70196.64090812932,0.0,Manter Ativo
TEZBE9,62692.89843754314,19494.909303987934,26,"Faixa 01 - De 4,5 M ate 7,5 M",JURIDICO,MODALIDADE TRADICIONAL,ATIVO,9.0,8,2025-09,65827.5433594203,19884.80749006769,Manter Ativo
TEZBFX,29526.817964782233,0.0,14,Faixa 06 - De 50 M ate 75 M,MANUFATURA,MODALIDADE CORPORATIVO,ATIVO,9.0,9,2025-09,31003.158863021345,0.0,Manter Ativo
TEZBGE,309946.771603958,0.0,64,Faixa 07 - De 75 M ate 150 M,SERVICOS,MODALIDADE CORPORATIVO,ATIVO,8.0,8,2025-09,325444.11018415587,0.0,Manter Ativo
TEZBGM,25119.535938828816,0.0,92,Sem Informações de Faturamento,CONSTRUCAO E PROJETOS,MODALIDADE TRADICIONAL,ATIVO,0.0,9,2025-09,26375.51273577026,0.0,Manter Ativo
TEZBHC,47777.091217850204,0.0,40,Faixa 03 - De 15 M ate 25 M,SERVICOS,MODALIDADE TRADICIONAL,CANCELADO,8.0,9,2025-09,50165.945778742716,0.0,Risco de Churn
TEZBMC,92593.08619831453,67215.30730137428,156,Faixa 10 - De 500 M ate 850 M,SERVICOS,MODALIDADE TRADICIONAL,ATIVO,0.0,9,2025-09,97222.74050823026,68559.61344740177,Manter Ativo
TEZBN5,1404274.8019594674,1229.2078943797399,850,Faixa 07 - De 75 M ate 150 M,CONSTRUCAO E PROJETOS,MODALIDADE TRADICIONAL,CANCELADO,8.0,8,2025-09,1474488.5420574408,1253.7920522673346,Risco de Churn
TEZBRQ,660319.2943963396,0.0,91,Faixa 09 - De 300 M ate 500 M,MANUFATURA,MODALIDADE CORPORATIVO,ATIVO,0.0,8,2025-09,693335.2591161566,0.0,Manter Ativo
TEZBSK,17177.66745335792,0.0,16,"Faixa 02 - De 7,5 M ate 15 M",MANUFATURA,MODALIDADE CORPORATIVO,ATIVO,0.0,8,2025-09,18036.550826025818,0.0,Manter Ativo
TEZBVZ,99345.13693294296,0.0,37,"Faixa 00 - Ate 4,5 M",LOGISTICA,MODALIDADE SERVICOS RECORRENTES,ATIVO,10.0,9,2025-09,104312.39377959011,0.0,Manter Ativo
TEZBX6,1603.283938406709,0.0,3,Sem Informações de Faturamento,VAREJO,MODALIDADE ASSINATURA (INTERA),ATIVO,0.0,8,2025-09,1683.4481353270446,0.0,Manter Ativo
TEZBXP,368193.18284173496,0.0,84,"Faixa 02 - De 7,5 M ate 15 M",LOGISTICA,MODALIDADE TRADICIONAL,ATIVO,0.0,9,2025-09,386602.8419838217,0.0,Manter Ativo
TEZBXW,130778.5723683715,0.0,34,Faixa 06 - De 50 M ate 75 M,LOGISTICA,MODALIDADE TRADICIONAL,TROCADO,7.0,8,2025-09,137317.50098679008,0.0,Risco de Churn
TEZBY6,27599.744524183523,0.0,26,Faixa 04 - De 25 M ate 35 M,MANUFATURA,MODALIDADE ASSINATURA (INTERA),ATIVO,0.0,9,2025-09,28979.7317503927,0.0,Manter Ativo
TEZBZC,104188.18240594014,0.0,84,"Faixa 01 - De 4,5 M ate 7,5 M",SERVICOS,MODALIDADE TRADICIONAL,ATIVO,8.0,8,2025-09,109397.59152623716,0.0,Manter Ativo
TEZBZW,409830.88088618516,0.0,168,Faixa 03 - De 15 M ate 25 M,VAREJO,MODALIDADE TRADICIONAL,ATIVO,10.0,9,2025-09,430322.42493049445,0.0,Manter Ativo
TEZC33,3699.6298997819918,0.0,8,Sem Informações de Faturamento,SERVICOS,MODALIDADE TRADICIONAL,GRATUITO,9.0,9,2025-09,3884.6113947710915,0.0,Risco de Churn
TEZC51,486070.19261739246,465631.22306429077,132,"Faixa 01 - De 4,5 M ate 7,5 M",MANUFATURA,MODALIDADE TRADICIONAL,CANCELADO,10.0,9,2025-09,510373.7022482621,474943.8475255766,Risco de Churn
TEZCAF,10174.20923269834,0.0,126,Faixa 08 - De 150 M ate 300 M,SERVICOS,MODALIDADE ASSINATURA COMPLEMENTAR,ATIVO,9.0,9,2025-09,10682.919694333257,0.0,Manter Ativo
TEZCBR,299216.0473251799,0.0,114,Faixa 03 - De 15 M ate 25 M,SERVICOS,MODALIDADE TRADICIONAL,CANCELADO,7.0,8,2025-09,314176.8496914389,0.0,Risco de Churn
TEZCGC,30397.167778806812,0.0,18,Faixa 03 - De 15 M ate 25 M,MANUFATURA,MODALIDADE CORPORATIVO,ATIVO,8.0,8,2025-09,31917.026167747154,0.0,Manter Ativo
TEZCH0,72552.43213082317,13862.476106014852,145,Faixa 03 - De 15 M ate 25 M,MANUFATURA,MODALIDADE ASSINATURA COMPLEMENTAR,ATIVO,10.0,9,2025-09,76180.05373736433,14139.72562813515,Manter Ativo
TEZCJE,96286.06139188296,0.0,98,Faixa 08 - De 150 M ate 300 M,DISTRIBUICAO,MODALIDADE TRADICIONAL,TROCADO,10.0,9,2025-09,101100.36446147712,0.0,Risco de Churn
TEZCKV,158976.7233773064,95727.67983313181,155,"Faixa 00 - Ate 4,5 M",MANUFATURA,MODALIDADE TRADICIONAL,TROCADO,10.0,9,2025-09,166925.55954617172,97642.23342979445,Risco de Churn
TEZCO4,176852.9079747751,0.0,174,Faixa 03 - De 15 M ate 25 M,VAREJO,MODALIDADE ASSINATURA COMPLEMENTAR,CANCELADO,10.0,9,2025-09,185695.55337351386,0.0,Risco de Churn
TEZCQ2,696230.3802262027,0.0,112,Faixa 08 - De 150 M ate 300 M,LOGISTICA,MODALIDADE CORPORATIVO,CANCELADO,7.0,8,2025-09,731041.8992375128,0.0,Risco de Churn
TEZCTE,92027.18814258925,52945.775890281104,60,"Faixa 02 - De 7,5 M ate 15 M",VAREJO,MODALIDADE ASSINATURA (INTERA),ATIVO,0.0,9,2025-09,96628.54754971871,54004.69140808673,Manter Ativo
TEZCVK,33838.3613430386,0.0,88,Faixa 08 - De 150 M ate 300 M,MANUFATURA,MODALIDADE TRADICIONAL,TROCADO,9.0,9,2025-09,35530.27941019054,0.0,Risco de Churn
TEZCXN,2429426.0051657273,1362.0497872060046,432,Faixa 07 - De 75 M ate 150 M,MANUFATURA,MODALIDADE TRADICIONAL,ATIVO,0.0,9,2025-09,2550897.3054240136,1389.2907829501246,Manter Ativo
TEZCYO,45821.751040309595,0.0,92,"Faixa 02 - De 7,5 M ate 15 M",MANUFATURA,MODALIDADE TRADICIONAL,ATIVO,9.0,9,2025-09,48112.838592325075,0.0,Manter Ativo
TEZD14,26209.3691460326,0.0,20,Faixa 05 - De 35 M ate 50 M,MANUFATURA,MODALIDADE ASSINATURA (INTERA),TROCADO,10.0,9,2025-09,27519.837603334232,0.0,Risco de Churn
TEZD92,275808.3389219973,0.0,84,Faixa 05 - De 35 M ate 50 M,VAREJO,MODALIDADE TRADICIONAL,CANCELADO,7.0,8,2025-09,289598.7558680972,0.0,Risco de Churn
TEZDAQ,60017.92934418992,1021.5373404045006,135,"Faixa 02 - De 7,5 M ate 15 M",HOSPITALITY,MODALIDADE ASSINATURA COMPLEMENTAR,ATIVO,9.0,9,2025-09,63018.825811399416,1041.9680872125907,Manter Ativo
TEZDAZ,73481.4509782745,25103.96485113805,328,Faixa 07 - De 75 M ate 150 M,SERVICOS,MODALIDADE ASSINATURA COMPLEMENTAR,TROCADO,0.0,9,2025-09,77155.52352718823,25606.044148160814,Risco de Churn
TEZDC9,72637.61068881195,0.0,44,Faixa 03 - De 15 M ate 25 M,DISTRIBUICAO,MODALIDADE TRADICIONAL,TROCADO,10.0,9,2025-09,76269.49122325255,0.0,Risco de Churn
TEZDD5,621523.1432934449,250645.2594285516,152,"Faixa 00 - Ate 4,5 M",MANUFATURA,MODALIDADE TRADICIONAL,ATIVO,8.0,8,2025-09,652599.3004581172,255658.16461712265,Manter Ativo
TEZDEH,343458.1064746315,3301.0033287263714,96,Faixa 09 - De 300 M ate 500 M,SERVICOS,MODALIDADE ASSINATURA COMPLEMENTAR,ATIVO,8.0,8,2025-09,360631.0117983631,3367.0233953008988,Manter Ativo
TEZDEP,47945.28334728327,20450.24850241984,13,"Faixa 02 - De 7,5 M ate 15 M",JURIDICO,MODALIDADE TRADICIONAL,ATIVO,7.0,8,2025-09,50342.547514647435,20859.253472468237,Manter Ativo
TEZDFJ,815746.0788270198,0.0,96,Faixa 08 - De 150 M ate 300 M,LOGISTICA,MODALIDADE TRADICIONAL,TROCADO,4.0,8,2025-09,856533.3827683708,0.0,Risco de Churn
TEZDHO,41467.52169433936,0.0,96,"Faixa 02 - De 7,5 M ate 15 M",AGROINDUSTRIA,MODALIDADE TRADICIONAL,CANCELADO,0.0,9,2025-09,43540.89777905633,0.0,Risco de Churn
TEZDI9,75669.4326225555,3264.5895162054503,5,"Faixa 01 - De 4,5 M ate 7,5 M",SERVICOS,MODALIDADE TRADICIONAL,GRATUITO,0.0,9,2025-09,79452.90425368327,3329.8813065295594,Risco de Churn
TEZDIF,1046.4241760225855,0.0,35,"Faixa 02 - De 7,5 M ate 15 M",CONSTRUCAO E PROJETOS,MODALIDADE TRADICIONAL,ATIVO,10.0,9,2025-09,1098.7453848237149,0.0,Manter Ativo
TEZDLW,18450.98221924191,439.3871720949724,26,"Faixa 02 - De 7,5 M ate 15 M",MANUFATURA,MODALIDADE TRADICIONAL,ATIVO,8.0,8,2025-09,19373.531330204005,448.1749155368719,Manter Ativo
TEZDM8,15653.78597291648,0.0,16,"Faixa 01 - De 4,5 M ate 7,5 M",MANUFATURA,MODALIDADE TRADICIONAL,TROCADO,0.0,8,2025-09,16436.475271562304,0.0,Risco de Churn
TEZDMR,22477.331709801252,0.0,26,Faixa 04 - De 25 M ate 35 M,MANUFATURA,MODALIDADE CORPORATIVO,CANCELADO,10.0,9,2025-09,23601.198295291317,0.0,Risco de Churn
TEZDO1,6523129.345349864,4418418.027305589,756,Faixa 08 - De 150 M ate 300 M,SERVICOS,MODALIDADE TRADICIONAL,ATIVO,9.0,9,2025-09,6849285.812617358,4506786.387851701,Manter Ativo
TEZDR4,7354.253302583033,0.0,114,"Faixa 02 - De 7,5 M ate 15 M",VAREJO,MODALIDADE TRADICIONAL,CANCELADO,10.0,9,2025-09,7721.9659677121845,0.0,Risco de Churn
TEZDTC,13612.476912202037,0.0,26,Faixa 03 - De 15 M ate 25 M,MANUFATURA,MODALIDADE TRADICIONAL,CANCELADO,5.0,5,2025-09,14293.100757812139,0.0,Risco de Churn
TEZDTW,207488.40924319878,136113.16647568476,168,"Faixa 02 - De 7,5 M ate 15 M",MANUFATURA,MODALIDADE TRADICIONAL,ATIVO,10.0,9,2025-09,217862.82970535872,138835.42980519845,Manter Ativo
TEZDWI,31455.858810629037,0.0,57,"Faixa 00 - Ate 4,5 M",SERVICOS,MODALIDADE TRADICIONAL,ATIVO,10.0,9,2025-09,33028.65175116049,0.0,Manter Ativo
TEZE63,2039165.7618701581,510420.2881344569,399,Faixa 08 - De 150 M ate 300 M,MANUFATURA,MODALIDADE SERVICOS RECORRENTES,ATIVO,7.0,8,2025-09,2141124.049963666,520628.69389714603,Manter Ativo
TEZEBG,1875218.6245493228,0.0,352,Faixa 10 - De 500 M ate 850 M,DISTRIBUICAO,MODALIDADE TRADICIONAL,CANCELADO,10.0,9,2025-09,1968979.555776789,0.0,Risco de Churn
TEZEDE,270925.5669968731,0.0,76,Faixa 04 - De 25 M ate 35 M,EDUCACIONAL,MODALIDADE TRADICIONAL,TROCADO,7.0,9,2025-09,284471.8453467168,0.0,Risco de Churn
TEZEDU,197561.47930859638,0.0,26,Faixa 07 - De 75 M ate 150 M,MANUFATURA,MODALIDADE CORPORATIVO,CANCELADO,10.0,9,2025-09,207439.5532740262,0.0,Risco de Churn
TEZEE0,2456586.2448098133,0.0,104,Faixa 09 - De 300 M ate 500 M,DISTRIBUICAO,MODALIDADE CORPORATIVO,CANCELADO,10.0,9,2025-09,2579415.557050304,0.0,Risco de Churn
TEZEFG,678006.2465582488,408979.43581874314,348,"Faixa 02 - De 7,5 M ate 15 M",MANUFATURA,MODALIDADE TRADICIONAL,CANCELADO,8.0,8,2025-09,711906.5588861612,417159.024535118,Risco de Churn
TEZEGF,54644.27299421394,0.0,268,Faixa 07 - De 75 M ate 150 M,CONSTRUCAO E PROJETOS,MODALIDADE TRADICIONAL,ATIVO,7.0,8,2025-09,57376.48664392464,0.0,Manter Ativo
TEZEGX,521614.0000405932,231102.78768230294,260,Faixa 05 - De 35 M ate 50 M,VAREJO,MODALIDADE TRADICIONAL,ATIVO,9.0,9,2025-09,547694.7000426229,235724.843435949,Manter Ativo
TEZEHW,8016404.490885302,486858.44950473646,598,Faixa 03 - De 15 M ate 25 M,VAREJO,MODALIDADE TRADICIONAL,ATIVO,8.0,8,2025-09,8417224.715429569,496595.6184948312,Manter Ativo
TEZEIH,639061.9893564272,0.0,58,"Faixa 02 - De 7,5 M ate 15 M",VAREJO,MODALIDADE TRADICIONAL,CANCELADO,8.0,8,2025-09,671015.0888242486,0.0,Risco de Churn
TEZEIQ,121138.35391397573,721.9872797960112,32,"Faixa 01 - De 4,5 M ate 7,5 M",VAREJO,MODALIDADE TRADICIONAL,ATIVO,9.0,9,2025-09,127195.27160967453,736.4270253919315,Manter Ativo
TEZEJA,285043.12055640155,72437.50707809896,168,Faixa 03 - De 15 M ate 25 M,VAREJO,MODALIDADE TRADICIONAL,ATIVO,9.0,9,2025-09,299295.27658422163,73886.25721966094,Manter Ativo
TEZEK7,1190858.743634635,0.0,81,Sem Informações de Faturamento,VAREJO,MODALIDADE ASSINATURA COMPLEMENTAR,GRATUITO,8.0,8,2025-09,1250401.6808163666,0.0,Risco de Churn
TEZENA,29637.6989067184,0.0,55,Faixa 05 - De 35 M ate 50 M,MANUFATURA,MODALIDADE TRADICIONAL,ATIVO,8.0,8,2025-09,31119.583852054322,0.0,Manter Ativo
TEZEPV,9319.111013204503,0.0,68,"Faixa 02 - De 7,5 M ate 15 M",VAREJO,MODALIDADE TRADICIONAL,ATIVO,7.0,8,2025-09,9785.06656386473,0.0,Manter Ativo
TEZES3,241673.1179870656,0.0,44,Faixa 04 - De 25 M ate 35 M,MANUFATURA,MODALIDADE TRADICIONAL,ATIVO,9.0,9,2025-09,253756.7738864189,0.0,Manter Ativo
TEZET6,310039.63060935796,0.0,141,Faixa 04 - De 25 M ate 35 M,DISTRIBUICAO,MODALIDADE TRADICIONAL,ATIVO,7.0,8,2025-09,325541.6121398259,0.0,Manter Ativo
TEZEUQ,164287.37651690943,52368.92258225534,155,Faixa 11 - Acima de 850 M,AGROINDUSTRIA,MODALIDADE TRADICIONAL,ATIVO,9.0,9,2025-09,172501.7453427549,53416.30103390045,Manter Ativo
TEZEV6,650663.1895649505,894740.1404567092,136,Faixa 04 - De 25 M ate 35 M,MANUFATURA,MODALIDADE TRADICIONAL,ATIVO,7.0,8,2025-09,683196.349043198,912634.9432658434,Manter Ativo
TEZEV7,682431.8910331846,0.0,72,Faixa 08 - De 150 M ate 300 M,SERVICOS,MODALIDADE TRADICIONAL,TROCADO,8.0,8,2025-09,716553.4855848439,0.0,Risco de Churn
TEZEV8,230962.47133107658,74869.16951856902,138,"Faixa 01 - De 4,5 M ate 7,5 M",SERVICOS,MODALIDADE TRADICIONAL,ATIVO,10.0,9,2025-09,242510.59489763042,76366.5529089404,Manter Ativo
TEZEY2,1154730.675706726,0.0,90,Faixa 04 - De 25 M ate 35 M,VAREJO,MODALIDADE ASSINATURA COMPLEMENTAR,GRATUITO,6.0,5,2025-09,1212467.2094920625,0.0,Risco de Churn
TEZEYE,54049301.426667765,0.0,1711,Faixa 03 - De 15 M ate 25 M,VAREJO,MODALIDADE ASSINATURA COMPLEMENTAR,ATIVO,8.0,8,2025-09,56751766.49800116,0.0,Manter Ativo
TEZF29,115954.2242695752,0.0,48,Faixa 06 - De 50 M ate 75 M,VAREJO,MODALIDADE TRADICIONAL,TROCADO,5.0,5,2025-09,121751.93548305397,0.0,Risco de Churn
TEZF71,153690.7468804529,209.41515478292237,108,Faixa 06 - De 50 M ate 75 M,EDUCACIONAL,MODALIDADE SERVICOS RECORRENTES,TROCADO,9.0,9,2025-09,161375.28422447556,213.60345787858083,Risco de Churn
TEZF79,1813832.5372131723,261098.1339584547,220,Faixa 06 - De 50 M ate 75 M,EDUCACIONAL,MODALIDADE SERVICOS RECORRENTES,PENDENTE,0.0,8,2025-09,1904524.164073831,266320.0966376238,Risco de Churn
TEZF81,960894.9322521643,31719.163213011292,1560,Faixa 04 - De 25 M ate 35 M,VAREJO,MODALIDADE ASSINATURA COMPLEMENTAR,ATIVO,7.0,8,2025-09,1008939.6788647727,32353.546477271517,Manter Ativo
TEZF84,124721.33938337008,3252.276417974807,55,Faixa 08 - De 150 M ate 300 M,EDUCACIONAL,MODALIDADE SERVICOS RECORRENTES,CANCELADO,0.0,9,2025-09,130957.40635253859,3317.321946334303,Risco de Churn
TEZF97,612490.3822287145,11380.026864682977,84,Faixa 08 - De 150 M ate 300 M,EDUCACIONAL,MODALIDADE SERVICOS RECORRENTES,CANCELADO,0.0,9,2025-09,643114.9013401503,11607.627401976637,Risco de Churn
TEZFAB,96028.20939250685,0.0,48,Faixa 08 - De 150 M ate 300 M,EDUCACIONAL,MODALIDADE ASSINATURA COMPLEMENTAR,ATIVO,6.0,5,2025-09,100829.6198621322,0.0,Manter Ativo
TEZFBB,885239.3639512081,276031.8369989627,756,Faixa 07 - De 75 M ate 150 M,SERVICOS,MODALIDADE TRADICIONAL,ATIVO,8.0,9,2025-09,929501.3321487685,281552.47373894195,Manter Ativo
TEZFBI,180342.25252129917,0.0,60,Sem Informações de Faturamento,EDUCACIONAL,MODALIDADE ASSINATURA (INTERA),ATIVO,0.0,9,2025-09,189359.36514736415,0.0,Manter Ativo
TEZFBU,121829.45124983232,0.0,36,Faixa 03 - De 15 M ate 25 M,SERVICOS,MODALIDADE TRADICIONAL,ATIVO,8.0,8,2025-09,127920.92381232393,0.0,Manter Ativo
TEZFD5,101232.14340896806,0.0,50,"Faixa 02 - De 7,5 M ate 15 M",MANUFATURA,MODALIDADE TRADICIONAL,ATIVO,7.0,8,2025-09,106293.75057941646,0.0,Manter Ativo
TEZFE6,1728998.5778205467,0.0,260,Faixa 05 - De 35 M ate 50 M,VAREJO,MODALIDADE ASSINATURA COMPLEMENTAR,GRATUITO,7.0,8,2025-09,1815448.506711574,0.0,Risco de Churn
TEZFET,427558.4843488416,0.0,184,Faixa 03 - De 15 M ate 25 M,EDUCACIONAL,MODALIDADE ASSINATURA COMPLEMENTAR,ATIVO,10.0,9,2025-09,448936.4085662837,0.0,Manter Ativo
TEZFFQ,15200.172947488489,269263.2356778767,52,Faixa 03 - De 15 M ate 25 M,SERVICOS,MODALIDADE TRADICIONAL,ATIVO,10.0,9,2025-09,15960.181594862914,274648.50039143424,Manter Ativo
TEZFHG,92900.00141703169,0.0,64,"Faixa 02 - De 7,5 M ate 15 M",MANUFATURA,MODALIDADE TRADICIONAL,TROCADO,7.0,8,2025-09,97545.00148788327,0.0,Risco de Churn
TEZFK6,1944388.1453944612,1534693.4316522826,264,Faixa 04 - De 25 M ate 35 M,VAREJO,MODALIDADE TRADICIONAL,ATIVO,10.0,9,2025-09,2041607.5526641845,1565387.3002853282,Manter Ativo
TEZFKA,626007.1625317938,1342.0730569936466,540,Faixa 06 - De 50 M ate 75 M,MANUFATURA,MODALIDADE TRADICIONAL,CANCELADO,10.0,9,2025-09,657307.5206583835,1368.9145181335196,Risco de Churn
TEZFKZ,78369.41887110515,0.0,96,Faixa 08 - De 150 M ate 300 M,SERVICOS,MODALIDADE ASSINATURA (INTERA),CANCELADO,7.0,8,2025-09,82287.88981466042,0.0,Risco de Churn
TEZFM5,317268.5627199454,12623.679212978892,23,Faixa 09 - De 300 M ate 500 M,SERVICOS,MODALIDADE TRADICIONAL,GRATUITO,10.0,9,2025-09,333131.99085594265,12876.15279723847,Risco de Churn
TEZFTI,520673.5803319602,0.0,208,Faixa 07 - De 75 M ate 150 M,MANUFATURA,MODALIDADE TRADICIONAL,ATIVO,8.0,8,2025-09,546707.2593485583,0.0,Manter Ativo
TEZFYE,301254.6028593183,13305.536470340729,147,Faixa 06 - De 50 M ate 75 M,EDUCACIONAL,MODALIDADE TRADICIONAL,PENDENTE,10.0,8,2025-09,316317.3330022842,13571.647199747544,Risco de Churn
TEZFZ5,70011.67959165566,0.0,48,"Faixa 02 - De 7,5 M ate 15 M",SAUDE,MODALIDADE CORPORATIVO,ATIVO,8.0,8,2025-09,73512.26357123845,0.0,Manter Ativo
TEZG04,571878.4632167527,5972.84054834039,50,Faixa 07 - De 75 M ate 150 M,DISTRIBUICAO,MODALIDADE CORPORATIVO,TROCADO,0.0,9,2025-09,600472.3863775904,6092.297359307198,Risco de Churn
TEZG13,398424.0628384959,0.0,232,Faixa 04 - De 25 M ate 35 M,VAREJO,MODALIDADE TRADICIONAL,CANCELADO,8.0,8,2025-09,418345.2659804207,0.0,Risco de Churn
TEZG24,115789.42885689536,0.0,99,Faixa 04 - De 25 M ate 35 M,MANUFATURA,MODALIDADE TRADICIONAL,CANCELADO,6.0,9,2025-09,121578.90029974014,0.0,Risco de Churn
TEZG31,18032.65637256025,0.0,20,"Faixa 02 - De 7,5 M ate 15 M",SERVICOS,MODALIDADE TRADICIONAL,TROCADO,9.0,9,2025-09,18934.28919118826,0.0,Risco de Churn
TEZGAL,14106.968246675711,0.0,80,Faixa 04 - De 25 M ate 35 M,VAREJO,MODALIDADE TRADICIONAL,ATIVO,9.0,9,2025-09,14812.316659009497,0.0,Manter Ativo
TEZGB2,8432.601571457604,0.0,12,"Faixa 00 - Ate 4,5 M",SERVICOS,MODALIDADE TRADICIONAL,ATIVO,10.0,9,2025-09,8854.231650030484,0.0,Manter Ativo
TEZGB5,157718.0506466348,0.0,40,Faixa 05 - De 35 M ate 50 M,MANUFATURA,MODALIDADE TRADICIONAL,ATIVO,10.0,9,2025-09,165603.95317896653,0.0,Manter Ativo
TEZGBW,1248749.2899385002,170698.52384600107,462,"Faixa 02 - De 7,5 M ate 15 M",MANUFATURA,MODALIDADE TRADICIONAL,ATIVO,8.0,9,2025-09,1311186.7544354252,174112.4943229211,Manter Ativo
TEZGD2,7428.215969114216,234.8274725719975,57,"Faixa 00 - Ate 4,5 M",JURIDICO,MODALIDADE ASSINATURA COMPLEMENTAR,ATIVO,10.0,9,2025-09,7799.626767569927,239.52402202343745,Manter Ativo
TEZGGX,27669.738749359436,0.0,144,"Faixa 01 - De 4,5 M ate 7,5 M",VAREJO,MODALIDADE TRADICIONAL,ATIVO,10.0,9,2025-09,29053.22568682741,0.0,Manter Ativo
TEZGIV,62912.97877846847,0.0,240,"Faixa 01 - De 4,5 M ate 7,5 M",MANUFATURA,MODALIDADE TRADICIONAL,ATIVO,10.0,9,2025-09,66058.6277173919,0.0,Manter Ativo
TEZGMV,364387.6661825692,0.0,64,Faixa 07 - De 75 M ate 150 M,MANUFATURA,MODALIDADE TRADICIONAL,ATIVO,10.0,9,2025-09,382607.0494916977,0.0,Manter Ativo
TEZGOP,22382.501095295655,0.0,21,"Faixa 02 - De 7,5 M ate 15 M",VAREJO,MODALIDADE CORPORATIVO,ATIVO,10.0,9,2025-09,23501.626150060438,0.0,Manter Ativo
TEZGOT,568492.003875452,0.0,146,Faixa 04 - De 25 M ate 35 M,HOSPITALITY,MODALIDADE ASSINATURA COMPLEMENTAR,CANCELADO,8.0,8,2025-09,596916.6040692246,0.0,Risco de Churn
TEZGQJ,1468842.0364469292,1583042.125560307,222,Faixa 11 - Acima de 850 M,MANUFATURA,MODALIDADE TRADICIONAL,ATIVO,8.0,8,2025-09,1542284.1382692757,1614702.968071513,Manter Ativo
TEZGQL,1441959.3985241365,0.0,160,Faixa 09 - De 300 M ate 500 M,SERVICOS,MODALIDADE CORPORATIVO,ATIVO,8.0,8,2025-09,1514057.3684503434,0.0,Manter Ativo
TEZGU0,429335.24466539314,0.0,120,Faixa 06 - De 50 M ate 75 M,MANUFATURA,MODALIDADE TRADICIONAL,CANCELADO,0.0,9,2025-09,450802.00689866283,0.0,Risco de Churn
TEZGVB,25996.57829378313,0.0,28,Faixa 04 - De 25 M ate 35 M,MANUFATURA,MODALIDADE TRADICIONAL,ATIVO,10.0,9,2025-09,27296.40720847229,0.0,Manter Ativo
TEZGWD,153780.6589818384,17345.79652493052,366,Faixa 03 - De 15 M ate 25 M,VAREJO,MODALIDADE TRADICIONAL,ATIVO,5.0,5,2025-09,161469.69193093033,17692.71245542913,Manter Ativo
TEZGWY,797.0513569575864,0.0,16,Sem Informações de Faturamento,SERVICOS,MODALIDADE ASSINATURA COMPLEMENTAR,ATIVO,10.0,9,2025-09,836.9039248054659,0.0,Manter Ativo
TEZGXL,54154.04857496867,17060.636268092476,44,Faixa 03 - De 15 M ate 25 M,VAREJO,MODALIDADE TRADICIONAL,ATIVO,10.0,9,2025-09,56861.75100371711,17401.848993454325,Manter Ativo
TEZGYJ,1208102.3443869487,1083112.5845067792,320,Faixa 03 - De 15 M ate 25 M,MANUFATURA,MODALIDADE TRADICIONAL,ATIVO,8.0,9,2025-09,1268507.4616062962,1104774.8361969148,Manter Ativo
TEZGZQ,155702.93161732255,127393.22284541506,74,Faixa 07 - De 75 M ate 150 M,DISTRIBUICAO,MODALIDADE TRADICIONAL,CANCELADO,8.0,8,2025-09,163488.07819818868,129941.08730232336,Risco de Churn
TEZH55,22360.41823254208,871.1737700687472,16,"Faixa 00 - Ate 4,5 M",JURIDICO,MODALIDADE TRADICIONAL,ATIVO,8.0,8,2025-09,23478.439144169184,888.5972454701222,Manter Ativo
TEZHA0,4577.370095059435,0.0,51,"Faixa 00 - Ate 4,5 M",MANUFATURA,MODALIDADE TRADICIONAL,ATIVO,10.0,9,2025-09,4806.238599812406,0.0,Manter Ativo
TEZHA1,8530.803679572196,0.0,96,Faixa 07 - De 75 M ate 150 M,CONSTRUCAO E PROJETOS,MODALIDADE ASSINATURA COMPLEMENTAR,ATIVO,8.0,8,2025-09,8957.343863550806,0.0,Manter Ativo
TEZHAX,45590.19416876982,1883.328100828048,32,Faixa 04 - De 25 M ate 35 M,EDUCACIONAL,MODALIDADE ASSINATURA COMPLEMENTAR,ATIVO,8.0,8,2025-09,47869.70387720831,1920.9946628446091,Manter Ativo
TEZHBK,471.98808598319175,0.0,45,"Faixa 00 - Ate 4,5 M",MANUFATURA,MODALIDADE TRADICIONAL,ATIVO,10.0,9,2025-09,495.5874902823514,0.0,Manter Ativo
TEZHC9,341667.4103709052,37517.28304142625,170,"Faixa 02 - De 7,5 M ate 15 M",VAREJO,MODALIDADE ASSINATURA COMPLEMENTAR,ATIVO,0.0,9,2025-09,358750.78088945046,38267.62870225478,Manter Ativo
TEZHDA,1224253.7493642224,188072.0364025583,748,Faixa 03 - De 15 M ate 25 M,SERVICOS,MODALIDADE TRADICIONAL,ATIVO,9.0,9,2025-09,1285466.4368324336,191833.47713060948,Manter Ativo
TEZHDF,3156775.624527686,642951.0618846361,660,Faixa 06 - De 50 M ate 75 M,DISTRIBUICAO,MODALIDADE TRADICIONAL,ATIVO,10.0,9,2025-09,3314614.4057540703,655810.0831223287,Manter Ativo
TEZHDN,130823.49478820516,0.0,120,"Faixa 00 - Ate 4,5 M",EDUCACIONAL,MODALIDADE SERVICOS RECORRENTES,CANCELADO,8.0,8,2025-09,137364.66952761542,0.0,Risco de Churn
TEZHE3,47836.53376103252,0.0,28,Faixa 04 - De 25 M ate 35 M,MANUFATURA,MODALIDADE ASSINATURA (INTERA),ATIVO,3.0,5,2025-09,50228.36044908415,0.0,Manter Ativo
TEZHEF,340959.00155040924,0.0,150,"Faixa 01 - De 4,5 M ate 7,5 M",SERVICOS,MPN,ATIVO,9.0,9,2025-09,358006.9516279297,0.0,Manter Ativo
TEZHGT,25095.61599040536,0.0,16,Faixa 03 - De 15 M ate 25 M,MANUFATURA,MODALIDADE CORPORATIVO,ATIVO,10.0,9,2025-09,26350.396789925628,0.0,Manter Ativo
TEZHH2,275786.3359325338,0.0,114,Faixa 05 - De 35 M ate 50 M,MANUFATURA,MODALIDADE TRADICIONAL,TROCADO,10.0,9,2025-09,289575.6527291605,0.0,Risco de Churn
TEZHHT,988325.3832362844,0.0,51,Faixa 09 - De 300 M ate 500 M,VAREJO,MODALIDADE TRADICIONAL,ATIVO,10.0,9,2025-09,1037741.6523980986,0.0,Manter Ativo
TEZHIL,149110.42567752162,0.0,18,Faixa 04 - De 25 M ate 35 M,SAUDE,MODALIDADE CORPORATIVO,ATIVO,3.0,5,2025-09,156565.9469613977,0.0,Manter Ativo
TEZHKM,208352.58779460736,52433.53587000009,65,Faixa 07 - De 75 M ate 150 M,MANUFATURA,MODALIDADE CORPORATIVO,ATIVO,10.0,9,2025-09,218770.21718433773,53482.20658740009,Manter Ativo
TEZHLC,70446.18188148907,0.0,42,"Faixa 02 - De 7,5 M ate 15 M",VAREJO,MODALIDADE CORPORATIVO,ATIVO,8.0,8,2025-09,73968.49097556353,0.0,Manter Ativo
TEZHQL,27206.1541742547,0.0,16,Faixa 03 - De 15 M ate 25 M,EDUCACIONAL,MODALIDADE CORPORATIVO,ATIVO,8.0,8,2025-09,28566.461882967436,0.0,Manter Ativo
TEZHQZ,55394.030955782386,0.0,62,Faixa 03 - De 15 M ate 25 M,CONSTRUCAO E PROJETOS,MODALIDADE ASSINATURA COMPLEMENTAR,CANCELADO,8.0,8,2025-09,58163.732503571504,0.0,Risco de Churn
TEZHRZ,47790.59400771585,15399.38534043948,24,"Faixa 02 - De 7,5 M ate 15 M",MANUFATURA,MODALIDADE SERVICOS RECORRENTES,CANCELADO,9.0,9,2025-09,50180.123708101644,15707.37304724827,Risco de Churn
TEZHSO,273803.8892826846,0.0,42,"Faixa 02 - De 7,5 M ate 15 M",EDUCACIONAL,MODALIDADE ASSINATURA COMPLEMENTAR,CANCELADO,10.0,9,2025-09,287494.0837468188,0.0,Risco de Churn
TEZHXR,2026330.2965268414,936561.3242636976,1080,Faixa 09 - De 300 M ate 500 M,MANUFATURA,MODALIDADE ASSINATURA COMPLEMENTAR,ATIVO,10.0,9,2025-09,2127646.8113531834,955292.5507489715,Manter Ativo
TEZHY1,1692985.3971106436,96557.96688644022,210,Faixa 07 - De 75 M ate 150 M,AGROINDUSTRIA,MODALIDADE TRADICIONAL,ATIVO,8.0,8,2025-09,1777634.666966176,98489.12622416903,Manter Ativo
TEZI16,462842.3588632694,3907.989886365568,212,Faixa 06 - De 50 M ate 75 M,AGROINDUSTRIA,MODALIDADE TRADICIONAL,CANCELADO,8.0,8,2025-09,485984.4768064329,3986.1496840928794,Risco de Churn
TEZI53,59135.20757793153,0.0,92,"Faixa 00 - Ate 4,5 M",EDUCACIONAL,MODALIDADE TRADICIONAL,TROCADO,10.0,9,2025-09,62091.967956828106,0.0,Risco de Churn
TEZI61,687622.1919402014,0.0,160,Faixa 08 - De 150 M ate 300 M,MANUFATURA,MODALIDADE TRADICIONAL,CANCELADO,9.0,9,2025-09,722003.3015372115,0.0,Risco de Churn
TEZI93,405490.96567455074,0.0,80,Faixa 05 - De 35 M ate 50 M,SAUDE,MODALIDADE SERVICOS RECORRENTES,CANCELADO,0.0,8,2025-09,425765.5139582783,0.0,Risco de Churn
TEZIFJ,8296.859017047467,8592.72649860169,92,"Faixa 02 - De 7,5 M ate 15 M",MANUFATURA,MODALIDADE TRADICIONAL,ATIVO,9.0,9,2025-09,8711.70196789984,8764.581028573724,Manter Ativo
TEZIFP,644302.2278851165,167631.85613853505,210,Faixa 08 - De 150 M ate 300 M,MANUFATURA,MODALIDADE CORPORATIVO,ATIVO,10.0,9,2025-09,676517.3392793724,170984.49326130576,Manter Ativo
TEZIGI,73459.74225882656,5562.073237206227,26,"Faixa 02 - De 7,5 M ate 15 M",SERVICOS,MODALIDADE TRADICIONAL,ATIVO,8.0,8,2025-09,77132.7293717679,5673.314701950351,Manter Ativo
TEZIHY,32413.421849608505,10970.386187323396,80,Faixa 05 - De 35 M ate 50 M,MANUFATURA,MODALIDADE TRADICIONAL,ATIVO,8.0,9,2025-09,34034.09294208893,11189.793911069864,Manter Ativo
TEZIIE,191099.59562493136,0.0,21,"Faixa 01 - De 4,5 M ate 7,5 M",VAREJO,MODALIDADE TRADICIONAL,CANCELADO,8.0,8,2025-09,200654.57540617793,0.0,Risco de Churn
TEZIIF,619025.6988928824,141264.96845692638,210,Faixa 07 - De 75 M ate 150 M,CONSTRUCAO E PROJETOS,MODALIDADE TRADICIONAL,ATIVO,9.0,8,2025-09,649976.9838375266,144090.2678260649,Manter Ativo
TEZIIV,187115.8270056516,0.0,84,Faixa 07 - De 75 M ate 150 M,AGROINDUSTRIA,MODALIDADE TRADICIONAL,TROCADO,5.0,5,2025-09,196471.6183559342,0.0,Risco de Churn
TEZIK1,102965.0616970291,0.0,159,Faixa 08 - De 150 M ate 300 M,MANUFATURA,MODALIDADE TRADICIONAL,TROCADO,10.0,9,2025-09,108113.31478188056,0.0,Risco de Churn
TEZIL9,3255281.2511442555,0.0,408,Faixa 09 - De 300 M ate 500 M,SERVICOS,MODALIDADE SERVICOS RECORRENTES,TROCADO,8.0,8,2025-09,3418045.3137014685,0.0,Risco de Churn
TEZINI,48751.61261745192,122610.38501764127,138,"Faixa 02 - De 7,5 M ate 15 M",SERVICOS,MODALIDADE TRADICIONAL,ATIVO,8.0,9,2025-09,51189.19324832452,125062.59271799409,Manter Ativo
TEZIQ6,51874.90207980678,0.0,26,Faixa 03 - De 15 M ate 25 M,MANUFATURA,MODALIDADE TRADICIONAL,ATIVO,7.0,8,2025-09,54468.64718379712,0.0,Manter Ativo
TEZIRS,6840310.551913728,0.0,160,Faixa 11 - Acima de 850 M,CONSTRUCAO E PROJETOS,MODALIDADE TRADICIONAL,CANCELADO,9.0,9,2025-09,7182326.079509415,0.0,Risco de Churn
TEZIW1,522482.5085650909,0.0,200,Faixa 05 - De 35 M ate 50 M,MANUFATURA,MODALIDADE TRADICIONAL,ATIVO,8.0,8,2025-09,548606.6339933454,0.0,Manter Ativo
TEZIYJ,10570.86839850579,0.0,9,Faixa 03 - De 15 M ate 25 M,EDUCACIONAL,MODALIDADE CORPORATIVO,ATIVO,10.0,9,2025-09,11099.411818431081,0.0,Manter Ativo
TEZJ23,5009655.779183777,7497038.179875193,1309,Faixa 06 - De 50 M ate 75 M,AGROINDUSTRIA,MODALIDADE TRADICIONAL,ATIVO,7.0,8,2025-09,5260138.568142966,7646978.943472697,Manter Ativo
TEZJ32,1026740.4126302016,449513.3984996751,253,Faixa 09 - De 300 M ate 500 M,MANUFATURA,MODALIDADE CORPORATIVO,ATIVO,6.0,5,2025-09,1078077.4332617116,458503.6664696686,Manter Ativo
TEZJ40,73637.93536493785,777041.5045530304,23,Faixa 04 - De 25 M ate 35 M,SERVICOS,MODALIDADE TRADICIONAL,CANCELADO,7.0,8,2025-09,77319.83213318474,792582.334644091,Risco de Churn
TEZJBZ,224275.7737630897,450522.3326756901,84,"Faixa 00 - Ate 4,5 M",MANUFATURA,MODALIDADE TRADICIONAL,ATIVO,6.0,5,2025-09,235489.5624512442,459532.77932920394,Manter Ativo
TEZJF4,190691.91394510504,94251.53735696035,168,Faixa 03 - De 15 M ate 25 M,MANUFATURA,MODALIDADE TRADICIONAL,ATIVO,8.0,8,2025-09,200226.5096423603,96136.56810409957,Manter Ativo
TEZJGM,75130.22485725941,45977.63007151206,84,"Faixa 00 - Ate 4,5 M",AGROINDUSTRIA,MODALIDADE TRADICIONAL,ATIVO,10.0,9,2025-09,78886.73610012239,46897.182672942305,Manter Ativo
TEZJGS,512751.5246262648,217606.9383850593,140,Faixa 04 - De 25 M ate 35 M,VAREJO,MODALIDADE TRADICIONAL,ATIVO,10.0,9,2025-09,538389.1008575781,221959.0771527605,Manter Ativo
TEZJH2,2099.3222923917715,0.0,40,Faixa 05 - De 35 M ate 50 M,SERVICOS,MODALIDADE ASSINATURA COMPLEMENTAR,ATIVO,10.0,9,2025-09,2204.28840701136,0.0,Manter Ativo
TEZJH5,73720.09555333652,1211.9216328828518,78,"Faixa 00 - Ate 4,5 M",MANUFATURA,MODALIDADE TRADICIONAL,ATIVO,7.0,9,2025-09,77406.10033100336,1236.1600655405089,Manter Ativo
TEZJHH,77872.72471537084,0.0,144,"Faixa 00 - Ate 4,5 M",CONSTRUCAO E PROJETOS,MODALIDADE TRADICIONAL,ATIVO,9.0,9,2025-09,81766.36095113939,0.0,Manter Ativo
TEZJI1,339978.6241774925,0.0,462,Faixa 07 - De 75 M ate 150 M,SAUDE,MODALIDADE TRADICIONAL,CANCELADO,8.0,8,2025-09,356977.55538636714,0.0,Risco de Churn
TEZJKS,145790.73199893718,0.0,46,Faixa 07 - De 75 M ate 150 M,AGROINDUSTRIA,MODALIDADE TRADICIONAL,ATIVO,0.0,8,2025-09,153080.26859888405,0.0,Manter Ativo
TEZJLP,20403.00134946176,0.0,40,Faixa 07 - De 75 M ate 150 M,VAREJO,MODALIDADE TRADICIONAL,CANCELADO,7.0,8,2025-09,21423.15141693485,0.0,Risco de Churn
TEZJML,16214.925262101146,0.0,21,"Faixa 02 - De 7,5 M ate 15 M",DISTRIBUICAO,MODALIDADE CORPORATIVO,ATIVO,8.0,8,2025-09,17025.671525206202,0.0,Manter Ativo
TEZJO2,120108.61064398912,28116.045470682,55,Faixa 04 - De 25 M ate 35 M,VAREJO,MODALIDADE TRADICIONAL,ATIVO,9.0,9,2025-09,126114.04117618858,28678.36638009564,Manter Ativo
TEZJP5,534029.9834764528,231855.93395291024,252,"Faixa 01 - De 4,5 M ate 7,5 M",DISTRIBUICAO,MODALIDADE TRADICIONAL,ATIVO,8.0,8,2025-09,560731.4826502755,236493.05263196846,Manter Ativo
TEZJPD,704033.3448565232,0.0,108,"Faixa 00 - Ate 4,5 M",DISTRIBUICAO,MODALIDADE TRADICIONAL,ATIVO,0.0,5,2025-09,739235.0120993494,0.0,Manter Ativo
TEZJR8,9017.274054187885,101.10276969847,10,"Faixa 01 - De 4,5 M ate 7,5 M",SERVICOS,MODALIDADE SERVICOS RECORRENTES,ATIVO,9.0,9,2025-09,9468.13775689728,103.1248250924394,Manter Ativo
TEZJW9,191035.15049148118,0.0,56,"Faixa 00 - Ate 4,5 M",DISTRIBUICAO,MODALIDADE ASSINATURA (INTERA),ATIVO,7.0,8,2025-09,200586.90801605524,0.0,Manter Ativo
TEZJXF,3398641.6070830724,2182603.7714622826,344,Faixa 07 - De 75 M ate 150 M,CONSTRUCAO E PROJETOS,MODALIDADE TRADICIONAL,ATIVO,8.0,8,2025-09,3568573.687437226,2226255.8468915285,Manter Ativo
TEZJXQ,245220.7700352827,10719.394883171752,138,"Faixa 00 - Ate 4,5 M",EDUCACIONAL,MODALIDADE TRADICIONAL,ATIVO,10.0,9,2025-09,257481.80853704686,10933.782780835187,Manter Ativo
TEZJXZ,168352.3804759669,508.49858722357436,120,Faixa 03 - De 15 M ate 25 M,EDUCACIONAL,MODALIDADE CORPORATIVO,ATIVO,8.0,8,2025-09,176769.99949976525,518.6685589680459,Manter Ativo
TEZK60,17431.47954580345,18464.92221027392,12,"Faixa 02 - De 7,5 M ate 15 M",LOGISTICA,MODALIDADE ASSINATURA (INTERA),ATIVO,5.0,5,2025-09,18303.053523093622,18834.2206544794,Manter Ativo
TEZKB6,4257.767634805962,0.0,18,Faixa 04 - De 25 M ate 35 M,MANUFATURA,MODALIDADE TRADICIONAL,TROCADO,7.0,9,2025-09,4470.656016546261,0.0,Risco de Churn
TEZKBO,1531586.6801648124,0.0,336,Faixa 11 - Acima de 850 M,AGROINDUSTRIA,MODALIDADE TRADICIONAL,TROCADO,0.0,8,2025-09,1608166.014173053,0.0,Risco de Churn
TEZKD2,34798.76618959879,77631.52419502907,87,"Faixa 02 - De 7,5 M ate 15 M",MANUFATURA,MODALIDADE TRADICIONAL,ATIVO,10.0,9,2025-09,36538.70449907873,79184.15467892966,Manter Ativo
TEZKDT,35201.40324058343,0.0,44,Faixa 04 - De 25 M ate 35 M,CONSTRUCAO E PROJETOS,MODALIDADE TRADICIONAL,TROCADO,10.0,9,2025-09,36961.4734026126,0.0,Risco de Churn
TEZKE5,14391.329770613896,0.0,29,Faixa 03 - De 15 M ate 25 M,VAREJO,MODALIDADE TRADICIONAL,CANCELADO,0.0,9,2025-09,15110.896259144592,0.0,Risco de Churn
TEZKFB,2061783.6453471994,216905.11700905685,78,Faixa 08 - De 150 M ate 300 M,LOGISTICA,MODALIDADE CORPORATIVO,CANCELADO,0.0,9,2025-09,2164872.8276145593,221243.219349238,Risco de Churn
TEZKI2,103712.70091448419,0.0,12,Faixa 07 - De 75 M ate 150 M,VAREJO,MODALIDADE CORPORATIVO,ATIVO,10.0,9,2025-09,108898.3359602084,0.0,Manter Ativo
TEZKIQ,87793.49179507182,0.0,104,Faixa 06 - De 50 M ate 75 M,VAREJO,MODALIDADE TRADICIONAL,ATIVO,10.0,9,2025-09,92183.16638482542,0.0,Manter Ativo
TEZKIR,458342.33133606496,0.0,228,Faixa 09 - De 300 M ate 500 M,SERVICOS,MODALIDADE TRADICIONAL,CANCELADO,9.0,9,2025-09,481259.4479028682,0.0,Risco de Churn
TEZKIY,12780727.252838248,1197264.6319381539,352,Faixa 09 - De 300 M ate 500 M,CONSTRUCAO E PROJETOS,MODALIDADE TRADICIONAL,ATIVO,10.0,9,2025-09,13419763.615480162,1221209.924576917,Manter Ativo
TEZKK0,1989830.8093927645,0.0,371,Faixa 11 - Acima de 850 M,AGROINDUSTRIA,MODALIDADE TRADICIONAL,CANCELADO,0.0,9,2025-09,2089322.3498624028,0.0,Risco de Churn
TEZKKU,68277.88269740446,13.08240412896626,22,Sem Informações de Faturamento,MANUFATURA,MODALIDADE ASSINATURA COMPLEMENTAR,ATIVO,0.0,8,2025-09,71691.77683227469,13.344052211545586,Manter Ativo
TEZKL6,5024.36624899034,0.0,7,Faixa 04 - De 25 M ate 35 M,MANUFATURA,MODALIDADE TRADICIONAL,GRATUITO,5.0,9,2025-09,5275.584561439857,0.0,Risco de Churn
TEZKLA,181085.26329179216,709.1613109664873,168,Faixa 06 - De 50 M ate 75 M,VAREJO,MODALIDADE ASSINATURA COMPLEMENTAR,ATIVO,10.0,9,2025-09,190139.52645638178,723.3445371858171,Manter Ativo
TEZKN2,1252933.5363117987,39971.48656510304,376,Faixa 09 - De 300 M ate 500 M,MANUFATURA,MODALIDADE TRADICIONAL,CANCELADO,8.0,8,2025-09,1315580.2131273886,40770.9162964051,Risco de Churn
TEZKN3,24439.713348433033,0.0,36,"Faixa 02 - De 7,5 M ate 15 M",MANUFATURA,MODALIDADE TRADICIONAL,ATIVO,8.0,8,2025-09,25661.699015854687,0.0,Manter Ativo
TEZKN7,58038.45482150017,57352.81409250716,52,Faixa 05 - De 35 M ate 50 M,DISTRIBUICAO,MODALIDADE TRADICIONAL,ATIVO,10.0,9,2025-09,60940.37756257518,58499.8703743573,Manter Ativo
TEZKO6,4627598.455508512,0.0,350,Faixa 11 - Acima de 850 M,SAUDE,MODALIDADE TRADICIONAL,ATIVO,8.0,8,2025-09,4858978.378283938,0.0,Manter Ativo
TEZKPC,65124.89718660256,13529.063974307759,189,"Faixa 02 - De 7,5 M ate 15 M",SERVICOS,MODALIDADE ASSINATURA COMPLEMENTAR,ATIVO,7.0,8,2025-09,68381.14204593269,13799.645253793915,Manter Ativo
TEZKPG,37274.2664547015,0.0,33,"Faixa 00 - Ate 4,5 M",SERVICOS,MODALIDADE TRADICIONAL,ATIVO,9.0,9,2025-09,39137.97977743658,0.0,Manter Ativo
TEZKQ5,3669969.218387044,1644056.675982279,533,Faixa 11 - Acima de 850 M,SERVICOS,MODALIDADE ASSINATURA COMPLEMENTAR,PENDENTE,0.0,8,2025-09,3853467.6793063963,1676937.8095019246,Risco de Churn
TEZKS3,440368.84425595804,0.0,66,Faixa 04 - De 25 M ate 35 M,DISTRIBUICAO,MODALIDADE TRADICIONAL,ATIVO,8.0,8,2025-09,462387.286468756,0.0,Manter Ativo
TEZKYK,58813.41070413204,0.0,18,Faixa 03 - De 15 M ate 25 M,LOGISTICA,MODALIDADE TRADICIONAL,ATIVO,6.0,8,2025-09,61754.081239338644,0.0,Manter Ativo
TEZLAO,1706839.3898324894,0.0,46,Faixa 09 - De 300 M ate 500 M,SERVICOS,MODALIDADE SERVICOS RECORRENTES,ATIVO,8.0,8,2025-09,1792181.359324114,0.0,Manter Ativo
TEZLBN,327261.82111609966,36362.49183017346,48,Faixa 04 - De 25 M ate 35 M,MANUFATURA,MODALIDADE TRADICIONAL,ATIVO,9.0,9,2025-09,343624.91217190464,37089.74166677693,Manter Ativo
TEZLD6,6630.168297960446,0.0,147,Faixa 04 - De 25 M ate 35 M,MANUFATURA,MODALIDADE TRADICIONAL,ATIVO,10.0,9,2025-09,6961.676712858468,0.0,Manter Ativo
TEZLEW,81266.86870794074,36693.36903588763,92,Sem Informações de Faturamento,EDUCACIONAL,MODALIDADE ASSINATURA COMPLEMENTAR,ATIVO,10.0,9,2025-09,85330.21214333778,37427.23641660538,Manter Ativo
TEZLFN,480.8540211721336,0.0,8,"Faixa 00 - Ate 4,5 M",VAREJO,MODALIDADE TRADICIONAL,ATIVO,8.0,8,2025-09,504.89672223074035,0.0,Manter Ativo
TEZLHB,111618.21444143729,0.0,100,Faixa 04 - De 25 M ate 35 M,CONSTRUCAO E PROJETOS,MODALIDADE ASSINATURA COMPLEMENTAR,ATIVO,9.0,9,2025-09,117199.12516350916,0.0,Manter Ativo
TEZLHD,478149.43169976654,84812.00264559413,252,Faixa 03 - De 15 M ate 25 M,LOGISTICA,MODALIDADE TRADICIONAL,ATIVO,8.0,8,2025-09,502056.9032847549,86508.24269850602,Manter Ativo
TEZLNF,173649.4719717009,0.0,134,Faixa 07 - De 75 M ate 150 M,SERVICOS,MODALIDADE TRADICIONAL,CANCELADO,0.0,8,2025-09,182331.94557028596,0.0,Risco de Churn
TEZLO7,4.39303094947602,0.0,19,"Faixa 00 - Ate 4,5 M",VAREJO,MODALIDADE TRADICIONAL,ATIVO,7.0,8,2025-09,4.612682496949821,0.0,Manter Ativo
TEZLOU,47466.18653849091,0.0,18,Faixa 03 - De 15 M ate 25 M,MANUFATURA,MODALIDADE TRADICIONAL,ATIVO,9.0,9,2025-09,49839.49586541546,0.0,Manter Ativo
TEZLRS,28510.47659208448,0.0,30,Faixa 03 - De 15 M ate 25 M,VAREJO,MODALIDADE CORPORATIVO,ATIVO,8.0,8,2025-09,29936.000421688706,0.0,Manter Ativo
TEZLS0,21733.94259214517,0.0,44,Faixa 03 - De 15 M ate 25 M,EDUCACIONAL,MODALIDADE SERVICOS RECORRENTES,TROCADO,6.0,5,2025-09,22820.639721752428,0.0,Risco de Churn
TEZLSP,193247.72470136444,9437.642975550387,234,Faixa 03 - De 15 M ate 25 M,MANUFATURA,MODALIDADE TRADICIONAL,ATIVO,8.0,8,2025-09,202910.11093643267,9626.395835061394,Manter Ativo
TEZLSW,142998.2650921507,0.0,69,"Faixa 02 - De 7,5 M ate 15 M",MANUFATURA,MODALIDADE TRADICIONAL,ATIVO,10.0,9,2025-09,150148.1783467582,0.0,Manter Ativo
TEZLT1,125528.17311642278,0.0,54,Faixa 05 - De 35 M ate 50 M,MANUFATURA,MODALIDADE ASSINATURA COMPLEMENTAR,ATIVO,8.0,8,2025-09,131804.58177224392,0.0,Manter Ativo
TEZLTQ,27447.993680916403,0.0,10,Faixa 03 - De 15 M ate 25 M,EDUCACIONAL,MODALIDADE TRADICIONAL,GRATUITO,0.0,9,2025-09,28820.393364962223,0.0,Risco de Churn
TEZLXL,417895.4557643677,0.0,133,Faixa 10 - De 500 M ate 850 M,AGROINDUSTRIA,MODALIDADE TRADICIONAL,ATIVO,8.0,8,2025-09,438790.2285525861,0.0,Manter Ativo
TEZLYW,78299.51292693419,0.0,49,Faixa 07 - De 75 M ate 150 M,CONSTRUCAO E PROJETOS,MODALIDADE TRADICIONAL,TROCADO,8.0,8,2025-09,82214.48857328089,0.0,Risco de Churn
TEZM83,71400.63406601634,1194.9548645459256,16,"Faixa 00 - Ate 4,5 M",SAUDE,MODALIDADE ASSINATURA (INTERA),ATIVO,0.0,9,2025-09,74970.66576931716,1218.853961836844,Manter Ativo
TEZM89,1754904.3065527475,957268.5167323011,357,Faixa 07 - De 75 M ate 150 M,LOGISTICA,MODALIDADE ASSINATURA COMPLEMENTAR,ATIVO,5.0,5,2025-09,1842649.521880385,976413.8870669472,Manter Ativo
TEZM93,38150.00561387185,30740.454771471217,30,Faixa 04 - De 25 M ate 35 M,VAREJO,MODALIDADE TRADICIONAL,ATIVO,8.0,8,2025-09,40057.505894565445,31355.26386690064,Manter Ativo
TEZM99,103029.6623732021,983.3242769301121,138,Faixa 03 - De 15 M ate 25 M,MANUFATURA,MODALIDADE ASSINATURA COMPLEMENTAR,ATIVO,10.0,9,2025-09,108181.1454918622,1002.9907624687144,Manter Ativo
TEZMFC,773981.0711660398,450803.6716261798,60,Faixa 03 - De 15 M ate 25 M,SERVICOS,MODALIDADE TRADICIONAL,ATIVO,1.0,5,2025-09,812680.1247243418,459819.7450587034,Manter Ativo
TEZMH1,908883.8798437834,20.53163938491943,259,Faixa 06 - De 50 M ate 75 M,VAREJO,MODALIDADE ASSINATURA COMPLEMENTAR,ATIVO,9.0,9,2025-09,954328.0738359727,20.94227217261782,Manter Ativo
TEZMHC,9688641.930722445,3176979.699346492,1890,"Faixa 02 - De 7,5 M ate 15 M",VAREJO,MODALIDADE TRADICIONAL,ATIVO,8.0,8,2025-09,10173074.027258568,3240519.293333422,Manter Ativo
TEZMHI,2219.6366902616282,0.0,22,Faixa 03 - De 15 M ate 25 M,SERVICOS,MODALIDADE ASSINATURA (INTERA),ATIVO,9.0,9,2025-09,2330.61852477471,0.0,Manter Ativo
TEZMI3,10228.842563051838,0.0,18,"Faixa 02 - De 7,5 M ate 15 M",CONSTRUCAO E PROJETOS,MODALIDADE CORPORATIVO,ATIVO,8.0,8,2025-09,10740.28469120443,0.0,Manter Ativo
TEZMIS,7936.260539742054,0.0,18,"Faixa 02 - De 7,5 M ate 15 M",LOGISTICA,MODALIDADE CORPORATIVO,ATIVO,10.0,9,2025-09,8333.073566729157,0.0,Manter Ativo
TEZMIZ,10492.07129600151,0.0,10,"Faixa 02 - De 7,5 M ate 15 M",VAREJO,MODALIDADE CORPORATIVO,ATIVO,10.0,9,2025-09,11016.674860801586,0.0,Manter Ativo
TEZMJJ,14574.739863718907,0.0,18,Faixa 03 - De 15 M ate 25 M,MANUFATURA,MODALIDADE CORPORATIVO,ATIVO,0.0,8,2025-09,15303.476856904854,0.0,Manter Ativo
TEZMJX,60537.841404167455,0.0,24,Faixa 03 - De 15 M ate 25 M,VAREJO,MODALIDADE CORPORATIVO,ATIVO,7.0,8,2025-09,63564.73347437583,0.0,Manter Ativo
TEZMNA,126827.06415053316,0.0,36,Faixa 08 - De 150 M ate 300 M,SAUDE,MODALIDADE INTERA 17,ATIVO,0.0,8,2025-09,133168.4173580598,0.0,Manter Ativo
TEZMS6,8765.042612112698,2207.0251181578737,45,Faixa 03 - De 15 M ate 25 M,CONSTRUCAO E PROJETOS,MODALIDADE ASSINATURA COMPLEMENTAR,ATIVO,0.0,9,2025-09,9203.294742718334,2251.165620521031,Manter Ativo
TEZMW2,63980.64924962846,29229.58843344082,20,"Faixa 00 - Ate 4,5 M",MANUFATURA,MODALIDADE TRADICIONAL,ATIVO,9.0,9,2025-09,67179.68171210989,29814.180202109634,Manter Ativo
TEZMWQ,15179.220922366785,16792.29144072601,64,"Faixa 01 - De 4,5 M ate 7,5 M",SERVICOS,MODALIDADE ASSINATURA COMPLEMENTAR,ATIVO,9.0,9,2025-09,15938.181968485125,17128.13726954053,Manter Ativo
TEZN32,1770943.7964391722,437402.11064584175,76,Faixa 06 - De 50 M ate 75 M,SERVICOS,MODALIDADE ASSINATURA COMPLEMENTAR,ATIVO,7.0,8,2025-09,1859490.986261131,446150.1528587586,Manter Ativo
TEZN39,78136.48313434888,0.0,132,Faixa 11 - Acima de 850 M,MANUFATURA,MODALIDADE TRADICIONAL,ATIVO,8.0,8,2025-09,82043.30729106632,0.0,Manter Ativo
TEZN58,14513.8511936019,0.0,12,"Faixa 02 - De 7,5 M ate 15 M",VAREJO,MODALIDADE CORPORATIVO,ATIVO,5.0,9,2025-09,15239.543753281996,0.0,Manter Ativo
TEZNAS,32945.0332446409,0.0,18,Faixa 03 - De 15 M ate 25 M,LOGISTICA,MODALIDADE TRADICIONAL,ATIVO,9.0,8,2025-09,34592.28490687295,0.0,Manter Ativo
TEZNB9,27302.25435368533,0.0,28,Sem Informações de Faturamento,EDUCACIONAL,MODALIDADE TRADICIONAL,CANCELADO,10.0,9,2025-09,28667.367071369597,0.0,Risco de Churn
TEZNBH,45497.55796781036,0.0,70,Faixa 03 - De 15 M ate 25 M,MANUFATURA,MODALIDADE ASSINATURA (INTERA),ATIVO,0.0,8,2025-09,47772.43586620088,0.0,Manter Ativo
TEZNCC,368.5101368718465,60.4977113817333,9,"Faixa 00 - Ate 4,5 M",SERVICOS,MODALIDADE TRADICIONAL,ATIVO,0.0,8,2025-09,386.93564371543886,61.70766560936797,Manter Ativo
TEZNF2,118897.41207457356,0.0,36,Sem Informações de Faturamento,MANUFATURA,MODALIDADE TRADICIONAL,CANCELADO,0.0,9,2025-09,124842.28267830225,0.0,Risco de Churn
TEZNGU,273641.28407969384,0.0,106,Faixa 07 - De 75 M ate 150 M,MANUFATURA,MODALIDADE TRADICIONAL,CANCELADO,10.0,9,2025-09,287323.3482836785,0.0,Risco de Churn
TEZNI2,40440.216661626146,40440.267107914464,24,Faixa 03 - De 15 M ate 25 M,DISTRIBUICAO,MODALIDADE TRADICIONAL,ATIVO,7.0,8,2025-09,42462.227494707455,41249.07245007275,Manter Ativo
TEZNI8,3854548.3075373187,37509.80858302604,497,Faixa 09 - De 300 M ate 500 M,SERVICOS,MODALIDADE TRADICIONAL,ATIVO,0.0,9,2025-09,4047275.722914185,38260.00475468656,Manter Ativo
TEZNIP,869715.8134795496,32909.712435035646,209,Faixa 07 - De 75 M ate 150 M,MANUFATURA,MODALIDADE ASSINATURA COMPLEMENTAR,ATIVO,0.0,8,2025-09,913201.6041535271,33567.90668373636,Manter Ativo
TEZNJR,171517.3806111264,0.0,80,"Faixa 01 - De 4,5 M ate 7,5 M",DISTRIBUICAO,MODALIDADE TRADICIONAL,ATIVO,6.0,5,2025-09,180093.24964168272,0.0,Manter Ativo
TEZNKZ,2202.842280076795,0.0,5,"Faixa 00 - Ate 4,5 M",JURIDICO,MODALIDADE CORPORATIVO,ATIVO,10.0,9,2025-09,2312.9843940806345,0.0,Manter Ativo
TEZNL0,60215.56529062797,0.0,259,Faixa 07 - De 75 M ate 150 M,MANUFATURA,MODALIDADE ASSINATURA (INTERA),ATIVO,9.0,9,2025-09,63226.34355515937,0.0,Manter Ativo
TEZNLE,5191.953022962461,2106.2670647635678,14,"Faixa 00 - Ate 4,5 M",MANUFATURA,MODALIDADE CORPORATIVO,ATIVO,0.0,9,2025-09,5451.550674110584,2148.3924060588392,Manter Ativo
TEZNRD,33474.757107715166,3663.0016905353036,77,Sem Informações de Faturamento,CONSTRUCAO E PROJETOS,MODALIDADE CORPORATIVO,ATIVO,0.0,9,2025-09,35148.49496310093,3736.26172434601,Manter Ativo
TEZNUY,137486.13788433262,0.0,345,Faixa 09 - De 300 M ate 500 M,SERVICOS,MODALIDADE ASSINATURA COMPLEMENTAR,ATIVO,7.0,8,2025-09,144360.44477854925,0.0,Manter Ativo
TEZNWC,118734.74801757911,373103.17053945875,132,"Faixa 00 - Ate 4,5 M",SERVICOS,MODALIDADE ASSINATURA COMPLEMENTAR,ATIVO,7.0,8,2025-09,124671.48541845808,380565.23395024793,Manter Ativo
TEZNXL,1104.403776840936,0.0,4,"Faixa 00 - Ate 4,5 M",MANUFATURA,MODALIDADE ASSINATURA (INTERA),ATIVO,8.0,8,2025-09,1159.6239656829828,0.0,Manter Ativo
TEZO13,2761.00944210234,0.0,10,"Faixa 00 - Ate 4,5 M",SERVICOS,MODALIDADE ASSINATURA COMPLEMENTAR,ATIVO,0.0,9,2025-09,2899.059914207457,0.0,Manter Ativo
TEZOCJ,129331.93676706556,0.0,105,Faixa 05 - De 35 M ate 50 M,LOGISTICA,MODALIDADE ASSINATURA (INTERA),ATIVO,5.0,5,2025-09,135798.53360541884,0.0,Manter Ativo
TEZODH,734937.8005116312,752658.4549980595,396,Faixa 09 - De 300 M ate 500 M,SERVICOS,MODALIDADE TRADICIONAL,ATIVO,10.0,9,2025-09,771684.6905372128,767711.6240980207,Manter Ativo
TEZODN,27036.13336686659,227554.73206377839,60,Faixa 03 - De 15 M ate 25 M,MANUFATURA,MODALIDADE TRADICIONAL,ATIVO,10.0,9,2025-09,28387.940035209922,232105.82670505394,Manter Ativo
TEZODU,699848.2114693183,1123135.702848078,164,"Faixa 00 - Ate 4,5 M",DISTRIBUICAO,MODALIDADE TRADICIONAL,ATIVO,9.0,9,2025-09,734840.6220427842,1145598.4169050395,Manter Ativo
TEZOF2,54601.98639295009,14956.315589290216,102,"Faixa 02 - De 7,5 M ate 15 M",HOSPITALITY,MODALIDADE ASSINATURA COMPLEMENTAR,ATIVO,9.0,9,2025-09,57332.0857125976,15255.441901076021,Manter Ativo
TEZOF5,42389.10812196425,37711.52647496834,72,Faixa 07 - De 75 M ate 150 M,HOSPITALITY,MODALIDADE ASSINATURA COMPLEMENTAR,CANCELADO,0.0,9,2025-09,44508.56352806246,38465.757004467705,Risco de Churn
TEZOHE,85851.84778483622,0.0,24,Faixa 08 - De 150 M ate 300 M,SERVICOS,MODALIDADE TRADICIONAL,ATIVO,8.0,8,2025-09,90144.44017407804,0.0,Manter Ativo
TEZOI3,336928.89381136245,0.0,108,Faixa 05 - De 35 M ate 50 M,DISTRIBUICAO,MODALIDADE CORPORATIVO,ATIVO,10.0,9,2025-09,353775.3385019306,0.0,Manter Ativo
TEZOJM,1437763.948870954,0.0,32,Faixa 09 - De 300 M ate 500 M,MANUFATURA,MODALIDADE CORPORATIVO,ATIVO,5.0,5,2025-09,1509652.1463145018,0.0,Manter Ativo
TEZOLS,200613.0131295382,0.0,100,Faixa 06 - De 50 M ate 75 M,MANUFATURA,MODALIDADE ASSINATURA (INTERA),ATIVO,7.0,8,2025-09,210643.6637860151,0.0,Manter Ativo
TEZOMW,1285907.6476378539,81145.07455227753,798,Sem Informações de Faturamento,JURIDICO,MODALIDADE SERVICOS RECORRENTES,ATIVO,10.0,8,2025-09,1350203.0300197466,82767.97604332308,Manter Ativo
TEZOOD,47947.17928695621,0.0,60,Faixa 03 - De 15 M ate 25 M,VAREJO,MODALIDADE TRADICIONAL,CANCELADO,10.0,9,2025-09,50344.538251304024,0.0,Risco de Churn
TEZOOL,98042.36153462475,0.0,25,Faixa 07 - De 75 M ate 150 M,MANUFATURA,MODALIDADE ASSINATURA COMPLEMENTAR,CANCELADO,10.0,9,2025-09,102944.479611356,0.0,Risco de Churn
TEZOOO,1311604.6590555967,4599837.787324288,378,Faixa 08 - De 150 M ate 300 M,VAREJO,MODALIDADE ASSINATURA COMPLEMENTAR,ATIVO,9.0,9,2025-09,1377184.8920083765,4691834.543070774,Manter Ativo
TEZOOU,2228193.6671571787,505942.3224507188,693,Faixa 06 - De 50 M ate 75 M,MANUFATURA,MODALIDADE TRADICIONAL,ATIVO,0.0,8,2025-09,2339603.350515038,516061.16889973317,Manter Ativo
TEZOS8,125920.77135601285,0.0,17,Faixa 08 - De 150 M ate 300 M,MANUFATURA,MODALIDADE ASSINATURA COMPLEMENTAR,CANCELADO,10.0,9,2025-09,132216.8099238135,0.0,Risco de Churn
TEZOUC,30883.75586142882,0.0,56,Faixa 08 - De 150 M ate 300 M,CONSTRUCAO E PROJETOS,MODALIDADE ASSINATURA COMPLEMENTAR,ATIVO,10.0,9,2025-09,32427.943654500265,0.0,Manter Ativo
TEZOVP,10227.879879714601,0.0,50,"Faixa 02 - De 7,5 M ate 15 M",MANUFATURA,MODALIDADE ASSINATURA COMPLEMENTAR,ATIVO,1.0,5,2025-09,10739.273873700331,0.0,Manter Ativo
TEZOWC,18781.085915200416,0.0,32,"Faixa 00 - Ate 4,5 M",LOGISTICA,MODALIDADE ASSINATURA COMPLEMENTAR,ATIVO,8.0,9,2025-09,19720.14021096044,0.0,Manter Ativo
TEZOWF,107124.82480501692,0.0,85,Faixa 06 - De 50 M ate 75 M,LOGISTICA,MODALIDADE CORPORATIVO,ATIVO,8.0,8,2025-09,112481.06604526777,0.0,Manter Ativo
TEZPF5,70058.54419359319,0.0,27,Faixa 05 - De 35 M ate 50 M,LOGISTICA,MODALIDADE ASSINATURA (INTERA),ATIVO,10.0,9,2025-09,73561.47140327285,0.0,Manter Ativo
TEZQD9,141732.68121996627,47244.22707332196,66,Faixa 05 - De 35 M ate 50 M,VAREJO,MODALIDADE CORPORATIVO,ATIVO,9.0,9,2025-09,148819.3152809646,48189.1116147884,Manter Ativo
TEZQDF,105726.0627314169,0.0,195,"Faixa 02 - De 7,5 M ate 15 M",CONSTRUCAO E PROJETOS,MODALIDADE TRADICIONAL,ATIVO,8.0,9,2025-09,111012.36586798774,0.0,Manter Ativo
TEZSNN,48832.9488498063,25193.414528212634,80,"Faixa 02 - De 7,5 M ate 15 M",MANUFATURA,MODALIDADE TRADICIONAL,ATIVO,9.0,9,2025-09,51274.596292296614,25697.282818776886,Manter Ativo
TEZSO4,193128.67146070505,0.0,18,Faixa 07 - De 75 M ate 150 M,VAREJO,MODALIDADE CORPORATIVO,ATIVO,10.0,9,2025-09,202785.1050337403,0.0,Manter Ativo
TEZSOM,232865.92329712474,0.0,116,Sem Informações de Faturamento,DISTRIBUICAO,MODALIDADE ASSINATURA COMPLEMENTAR,ATIVO,0.0,8,2025-09,244509.21946198097,0.0,Manter Ativo
TEZSPO,167.3555618168855,0.0,5,Faixa 03 - De 15 M ate 25 M,LOGISTICA,MODALIDADE SERVICOS RECORRENTES,ATIVO,10.0,9,2025-09,175.7233399077298,0.0,Manter Ativo
TEZSQ7,5699.009687108836,0.0,7,"Faixa 01 - De 4,5 M ate 7,5 M",VAREJO,MODALIDADE CORPORATIVO,ATIVO,10.0,9,2025-09,5983.960171464279,0.0,Manter Ativo
TEZSQA,2199.121866306184,0.0,8,"Faixa 00 - Ate 4,5 M",CONSTRUCAO E PROJETOS,MODALIDADE ASSINATURA (INTERA),ATIVO,7.0,8,2025-09,2309.0779596214934,0.0,Manter Ativo
TEZSQV,3031.170335851697,0.0,13,Faixa 03 - De 15 M ate 25 M,SERVICOS,MODALIDADE ASSINATURA COMPLEMENTAR,ATIVO,9.0,9,2025-09,3182.728852644282,0.0,Manter Ativo
TEZSRB,9199.624775236138,2710.4790765399434,27,Sem Informações de Faturamento,SERVICOS,MODALIDADE ASSINATURA COMPLEMENTAR,GRATUITO,0.0,9,2025-09,9659.606013997945,2764.6886580707423,Risco de Churn
TEZUKA,5498.443652085383,0.0,18,"Faixa 00 - Ate 4,5 M",MANUFATURA,MODALIDADE CORPORATIVO,ATIVO,6.0,5,2025-09,5773.365834689653,0.0,Manter Ativo
TEZUOA,582134.8788802814,0.0,118,Faixa 08 - De 150 M ate 300 M,SERVICOS,MODALIDADE ASSINATURA COMPLEMENTAR,ATIVO,6.0,5,2025-09,611241.6228242954,0.0,Manter Ativo
TEZUPG,3298.682799459276,0.0,6,"Faixa 00 - Ate 4,5 M",DISTRIBUICAO,MODALIDADE ASSINATURA (INTERA),ATIVO,10.0,9,2025-09,3463.6169394322396,0.0,Manter Ativo
TEZUSY,87278.11990105193,374124.5018908522,68,Faixa 05 - De 35 M ate 50 M,MANUFATURA,MODALIDADE CORPORATIVO,ATIVO,10.0,9,2025-09,91642.02589610453,381606.9919286692,Manter Ativo
TEZUT6,442211.9708687765,0.0,119,Faixa 07 - De 75 M ate 150 M,LOGISTICA,MODALIDADE CORPORATIVO,ATIVO,8.0,8,2025-09,464322.5694122153,0.0,Manter Ativo
TEZUUO,59303.773850670346,0.0,10,"Faixa 02 - De 7,5 M ate 15 M",SAUDE,MODALIDADE CORPORATIVO,ATIVO,9.0,9,2025-09,62268.96254320387,0.0,Manter Ativo
TEZUUP,162.6052029911365,0.0,5,"Faixa 01 - De 4,5 M ate 7,5 M",VAREJO,MODALIDADE SERVICOS RECORRENTES,ATIVO,9.0,9,2025-09,170.73546314069335,0.0,Manter Ativo
TEZVOV,818213.6884518425,0.0,115,Faixa 08 - De 150 M ate 300 M,EDUCACIONAL,MODALIDADE ASSINATURA (INTERA),ATIVO,0.0,9,2025-09,859124.3728744347,0.0,Manter Ativo
TEZVOX,2748.90233288273,0.0,5,Faixa 05 - De 35 M ate 50 M,CONSTRUCAO E PROJETOS,MODALIDADE ASSINATURA (INTERA),ATIVO,8.0,8,2025-09,2886.347449526867,0.0,Manter Ativo
TEZZI6,1771.7072799950479,0.0,16,"Faixa 00 - Ate 4,5 M",JURIDICO,MODALIDADE ASSINATURA COMPLEMENTAR,ATIVO,10.0,9,2025-09,1860.2926439948003,0.0,Manter Ativo
TF1264,59055.54868466686,0.0,78,Sem Informações de Faturamento,LOGISTICA,MODALIDADE SERVICOS RECORRENTES,ATIVO,8.0,8,2025-09,62008.3261189002,0.0,Manter Ativo
TF1272,6879.360351158608,0.0,13,"Faixa 01 - De 4,5 M ate 7,5 M",SERVICOS,MODALIDADE SERVICOS RECORRENTES,ATIVO,10.0,9,2025-09,7223.3283687165385,0.0,Manter Ativo
TF1281,175531.64401175268,68563.4423206926,60,"Faixa 00 - Ate 4,5 M",VAREJO,MODALIDADE TRADICIONAL,ATIVO,5.0,5,2025-09,184308.22621234032,69934.71116710645,Manter Ativo
TF6011,35329.21731999768,0.0,22,"Faixa 00 - Ate 4,5 M",VAREJO,MODALIDADE TRADICIONAL,ATIVO,9.0,9,2025-09,37095.67818599757,0.0,Manter Ativo
TFAAP9,923759.5948757584,227775.4934295978,754,"Faixa 00 - Ate 4,5 M",DISTRIBUICAO,MODALIDADE TRADICIONAL,ATIVO,7.0,8,2025-09,969947.5746195464,232331.00329818975,Manter Ativo
TFAAZF,5697.874645619504,0.0,16,"Faixa 00 - Ate 4,5 M",VAREJO,MODALIDADE ASSINATURA (INTERA),ATIVO,10.0,9,2025-09,5982.768377900479,0.0,Manter Ativo
TFAB04,617335.4455532483,108456.80860432755,630,"Faixa 01 - De 4,5 M ate 7,5 M",DISTRIBUICAO,MODALIDADE ASSINATURA COMPLEMENTAR,ATIVO,9.0,9,2025-09,648202.2178309107,110625.94477641411,Manter Ativo
TFACVD,159720.85237385886,85738.98262222229,64,Sem Informações de Faturamento,VAREJO,MODALIDADE TRADICIONAL,ATIVO,0.0,9,2025-09,167706.8949925518,87453.76227466673,Manter Ativo
TFAEAJ,63971.02241625586,9957.340638802109,120,"Faixa 00 - Ate 4,5 M",DISTRIBUICAO,MODALIDADE TRADICIONAL,ATIVO,9.0,9,2025-09,67169.57353706866,10156.48745157815,Manter Ativo
TFAEAT,3336.8958629336694,0.0,10,"Faixa 02 - De 7,5 M ate 15 M",DISTRIBUICAO,MODALIDADE CORPORATIVO,ATIVO,10.0,9,2025-09,3503.740656080353,0.0,Manter Ativo
TFAELN,476564.4471524809,75214.15486961,180,Faixa 03 - De 15 M ate 25 M,MANUFATURA,MODALIDADE TRADICIONAL,ATIVO,7.0,8,2025-09,500392.669510105,76718.4379670022,Manter Ativo
TFAGPE,15801.858440986754,0.0,30,"Faixa 02 - De 7,5 M ate 15 M",CONSTRUCAO E PROJETOS,MODALIDADE ASSINATURA COMPLEMENTAR,ATIVO,10.0,8,2025-09,16591.951363036093,0.0,Manter Ativo
TFAIE7,1158.8353220407603,0.0,28,"Faixa 01 - De 4,5 M ate 7,5 M",VAREJO,MODALIDADE INTERA 17,ATIVO,7.0,8,2025-09,1216.7770881427984,0.0,Manter Ativo
TFAIK3,320730.405631569,0.0,115,"Faixa 01 - De 4,5 M ate 7,5 M",MANUFATURA,MODALIDADE TRADICIONAL,ATIVO,10.0,9,2025-09,336766.92591314745,0.0,Manter Ativo
TFAIKL,9180.8125135147,0.0,56,Faixa 04 - De 25 M ate 35 M,MANUFATURA,MODALIDADE ASSINATURA COMPLEMENTAR,ATIVO,7.0,8,2025-09,9639.853139190436,0.0,Manter Ativo
TFAIKM,210.1928683959881,0.0,20,Faixa 03 - De 15 M ate 25 M,MANUFATURA,MODALIDADE ASSINATURA (INTERA),ATIVO,8.0,8,2025-09,220.70251181578752,0.0,Manter Ativo
TFAIMG,63396.30466777284,0.0,18,"Faixa 00 - Ate 4,5 M",JURIDICO,MODALIDADE ASSINATURA COMPLEMENTAR,ATIVO,9.0,9,2025-09,66566.11990116148,0.0,Manter Ativo
TFAIMQ,1171037.8588226219,46273.37143734526,884,Faixa 05 - De 35 M ate 50 M,VAREJO,MODALIDADE ASSINATURA COMPLEMENTAR,ATIVO,8.0,8,2025-09,1229589.7517637531,47198.83886609216,Manter Ativo
TFALIA,235416.0126035064,0.0,40,Faixa 03 - De 15 M ate 25 M,LOGISTICA,MODALIDADE SERVICOS RECORRENTES,ATIVO,0.0,9,2025-09,247186.81323368172,0.0,Manter Ativo
TFALIE,356383.08875674114,79.62946626313602,210,"Faixa 02 - De 7,5 M ate 15 M",SERVICOS,MODALIDADE ASSINATURA (INTERA),ATIVO,8.0,8,2025-09,374202.2431945782,81.22205558839875,Manter Ativo
TFBEAM,147178.11843449963,0.0,23,Faixa 07 - De 75 M ate 150 M,SERVICOS,MODALIDADE ASSINATURA (INTERA),ATIVO,10.0,9,2025-09,154537.0243562246,0.0,Manter Ativo
TFBEAQ,10602.99007265403,0.0,9,"Faixa 02 - De 7,5 M ate 15 M",MANUFATURA,MODALIDADE SERVICOS RECORRENTES,ATIVO,6.0,5,2025-09,11133.139576286732,0.0,Manter Ativo
TFBER3,587.4890671667849,0.0,5,"Faixa 02 - De 7,5 M ate 15 M",VAREJO,MODALIDADE ASSINATURA COMPLEMENTAR,ATIVO,10.0,9,2025-09,616.8635205251242,0.0,Manter Ativo
TFBFQ1,361769.8064915595,0.0,240,Faixa 07 - De 75 M ate 150 M,SERVICOS,MODALIDADE ASSINATURA (INTERA),ATIVO,9.0,9,2025-09,379858.2968161375,0.0,Manter Ativo
TFBGUG,1260303.8063109508,900464.1462797293,177,"Faixa 01 - De 4,5 M ate 7,5 M",VAREJO,MODALIDADE TRADICIONAL,CANCELADO,10.0,9,2025-09,1323318.9966264984,918473.4292053239,Risco de Churn
TFBJDW,82723.6860517921,0.0,7,Faixa 09 - De 300 M ate 500 M,EDUCACIONAL,MODALIDADE CORPORATIVO,ATIVO,10.0,9,2025-09,86859.87035438171,0.0,Manter Ativo
TFBJPF,123440.63003237598,524.4143912185184,136,Faixa 06 - De 50 M ate 75 M,MANUFATURA,MODALIDADE TRADICIONAL,ATIVO,8.0,8,2025-09,129612.66153399479,534.9026790428887,Manter Ativo
TFBJPS,735088.1808973965,86554.7327367522,720,Faixa 06 - De 50 M ate 75 M,DISTRIBUICAO,MODALIDADE ASSINATURA COMPLEMENTAR,ATIVO,9.0,9,2025-09,771842.5899422663,88285.82739148724,Manter Ativo
TFBJTR,14368.666775543441,1699.611126135222,18,Faixa 03 - De 15 M ate 25 M,MANUFATURA,MODALIDADE CORPORATIVO,ATIVO,9.0,9,2025-09,15087.100114320614,1733.6033486579265,Manter Ativo
TFBJZI,4330.0067198163,0.0,12,"Faixa 00 - Ate 4,5 M",SAUDE,MODALIDADE CORPORATIVO,CANCELADO,10.0,9,2025-09,4546.507055807115,0.0,Risco de Churn
TFBJZK,742860.9029778128,0.0,75,Faixa 07 - De 75 M ate 150 M,MANUFATURA,MODALIDADE TRADICIONAL,ATIVO,8.0,8,2025-09,780003.9481267035,0.0,Manter Ativo
TFBK01,299497.2811792362,34452.326303908594,143,Sem Informações de Faturamento,SERVICOS,MODALIDADE ASSINATURA COMPLEMENTAR,ATIVO,10.0,8,2025-09,314472.145238198,35141.372829986765,Manter Ativo
TFBK21,25226.086907676097,0.0,46,Faixa 03 - De 15 M ate 25 M,SERVICOS,MODALIDADE ASSINATURA COMPLEMENTAR,ATIVO,0.0,9,2025-09,26487.391253059905,0.0,Manter Ativo
TFBK72,791975.4850481249,0.0,84,Faixa 07 - De 75 M ate 150 M,VAREJO,MODALIDADE CORPORATIVO,ATIVO,0.0,9,2025-09,831574.2593005312,0.0,Manter Ativo
TFBKBH,961.7080423442673,0.0,16,Sem Informações de Faturamento,VAREJO,MODALIDADE ASSINATURA COMPLEMENTAR,ATIVO,9.0,8,2025-09,1009.7934444614807,0.0,Manter Ativo
TFBKDA,422149.8687209936,174834.66968329562,238,Sem Informações de Faturamento,DISTRIBUICAO,MODALIDADE TRADICIONAL,ATIVO,10.0,9,2025-09,443257.36215704324,178331.36307696154,Manter Ativo
TFBKDD,680922.1765520732,0.0,148,Faixa 05 - De 35 M ate 50 M,MANUFATURA,MODALIDADE TRADICIONAL,ATIVO,10.0,9,2025-09,714968.285379677,0.0,Manter Ativo
TFBKDK,567649.0463960363,204681.44323235043,720,"Faixa 00 - Ate 4,5 M",SERVICOS,MODALIDADE ASSINATURA COMPLEMENTAR,ATIVO,10.0,9,2025-09,596031.4987158381,208775.07209699744,Manter Ativo
TFBKE0,1192.970643868269,0.0,14,"Faixa 02 - De 7,5 M ate 15 M",EDUCACIONAL,MODALIDADE INTERA 17,ATIVO,10.0,9,2025-09,1252.6191760616825,0.0,Manter Ativo
TFBKHT,2593.645472570717,0.0,24,"Faixa 00 - Ate 4,5 M",VAREJO,MODALIDADE CORPORATIVO,ATIVO,8.0,8,2025-09,2723.327746199253,0.0,Manter Ativo
TFBKI1,149157.13894059375,0.0,152,Faixa 08 - De 150 M ate 300 M,EDUCACIONAL,MODALIDADE ASSINATURA COMPLEMENTAR,ATIVO,8.0,9,2025-09,156614.99588762346,0.0,Manter Ativo
TFBKI9,729198.2488240668,204691.65860575458,155,"Faixa 01 - De 4,5 M ate 7,5 M",VAREJO,MODALIDADE ASSINATURA COMPLEMENTAR,ATIVO,0.0,8,2025-09,765658.1612652702,208785.49177786967,Manter Ativo
TFBKIA,99379.18817762328,279.0688675119852,48,"Faixa 00 - Ate 4,5 M",VAREJO,MODALIDADE ASSINATURA COMPLEMENTAR,ATIVO,9.0,9,2025-09,104348.14758650445,284.65024486222495,Manter Ativo
TFBKIP,15682.573988171978,0.0,20,Faixa 03 - De 15 M ate 25 M,EDUCACIONAL,MODALIDADE CORPORATIVO,CANCELADO,7.0,9,2025-09,16466.70268758058,0.0,Risco de Churn
TFBKJV,106165.52557294449,20884.258940941225,120,"Faixa 01 - De 4,5 M ate 7,5 M",SERVICOS,MODALIDADE ASSINATURA COMPLEMENTAR,ATIVO,7.0,9,2025-09,111473.80185159172,21301.94411976005,Manter Ativo
TFBKKF,94854.28222251536,66382.64927251048,120,Faixa 03 - De 15 M ate 25 M,VAREJO,MODALIDADE TRADICIONAL,ATIVO,7.0,8,2025-09,99596.99633364113,67710.30225796069,Manter Ativo
TFBKKL,5010431.613672604,897850.1793606422,918,Faixa 06 - De 50 M ate 75 M,CONSTRUCAO E PROJETOS,MODALIDADE ASSINATURA COMPLEMENTAR,ATIVO,10.0,9,2025-09,5260953.194356234,915807.1829478551,Manter Ativo
TFBKMR,31718.166898815092,9325.00902509172,9,Sem Informações de Faturamento,JURIDICO,MODALIDADE CORPORATIVO,GRATUITO,8.0,8,2025-09,33304.07524375585,9511.509205593555,Risco de Churn
TFBKN0,13786.365268368638,12569.979138961051,18,"Faixa 00 - Ate 4,5 M",DISTRIBUICAO,MODALIDADE TRADICIONAL,ATIVO,8.0,8,2025-09,14475.68353178707,12821.378721740271,Manter Ativo
TFBKP7,61797.96446563083,0.0,76,Faixa 04 - De 25 M ate 35 M,SAUDE,MODALIDADE ASSINATURA (INTERA),ATIVO,0.0,9,2025-09,64887.86268891238,0.0,Manter Ativo
TFBKQ7,13998.845035172786,5854.939164599732,37,"Faixa 00 - Ate 4,5 M",MANUFATURA,MODALIDADE ASSINATURA COMPLEMENTAR,TROCADO,8.0,8,2025-09,14698.787286931425,5972.037947891727,Risco de Churn
TFBKQA,105937.20567157799,41031.245376696665,168,Faixa 03 - De 15 M ate 25 M,MANUFATURA,MODALIDADE ASSINATURA COMPLEMENTAR,CANCELADO,8.0,8,2025-09,111234.0659551569,41851.8702842306,Risco de Churn
TFBKR3,24968.87809847732,0.0,88,"Faixa 00 - Ate 4,5 M",MANUFATURA,MODALIDADE ASSINATURA COMPLEMENTAR,ATIVO,9.0,9,2025-09,26217.322003401187,0.0,Manter Ativo
TFBKR9,145157.17706273284,85100.87070463094,90,"Faixa 00 - Ate 4,5 M",MANUFATURA,MODALIDADE ASSINATURA COMPLEMENTAR,CANCELADO,1.0,5,2025-09,152415.0359158695,86802.88811872357,Risco de Churn
TFBKRU,48830.49800096086,0.0,51,Sem Informações de Faturamento,LOGISTICA,MODALIDADE INTERA 17,ATIVO,0.0,8,2025-09,51272.02290100891,0.0,Manter Ativo
TFBKSZ,90685.50604433064,0.0,15,Faixa 05 - De 35 M ate 50 M,VAREJO,MODALIDADE CORPORATIVO,ATIVO,8.0,8,2025-09,95219.78134654718,0.0,Manter Ativo
TFBKTY,51698.06681962521,0.0,22,"Faixa 02 - De 7,5 M ate 15 M",SERVICOS,MODALIDADE CORPORATIVO,ATIVO,8.0,8,2025-09,54282.97016060647,0.0,Manter Ativo
TFBKU3,90095.86039833438,72883.68768370042,144,"Faixa 00 - Ate 4,5 M",DISTRIBUICAO,MODALIDADE TRADICIONAL,ATIVO,10.0,9,2025-09,94600.6534182511,74341.36143737443,Manter Ativo
TFBKUE,96561.34258390646,0.0,78,Sem Informações de Faturamento,MANUFATURA,MODALIDADE TRADICIONAL,ATIVO,10.0,9,2025-09,101389.40971310179,0.0,Manter Ativo
TFBKX2,1571069.4725147535,932343.3797697383,1003,"Faixa 01 - De 4,5 M ate 7,5 M",MANUFATURA,MODALIDADE ASSINATURA COMPLEMENTAR,ATIVO,9.0,8,2025-09,1649622.9461404912,950990.2473651331,Manter Ativo
TFBKZ2,2500.244169570277,0.0,39,Sem Informações de Faturamento,DISTRIBUICAO,MODALIDADE ASSINATURA COMPLEMENTAR,ATIVO,8.0,8,2025-09,2625.256378048791,0.0,Manter Ativo
TFBKZ9,457418.17214773066,40571.141595492605,333,Faixa 06 - De 50 M ate 75 M,MANUFATURA,MODALIDADE ASSINATURA COMPLEMENTAR,ATIVO,8.0,8,2025-09,480289.08075511723,41382.56442740246,Manter Ativo
TFBL28,480179.27684143884,0.0,88,Faixa 08 - De 150 M ate 300 M,LOGISTICA,MODALIDADE ASSINATURA (INTERA),ATIVO,8.0,8,2025-09,504188.2406835108,0.0,Manter Ativo
TFBLB4,4624.24310471172,8683.40370202768,4,"Faixa 00 - Ate 4,5 M",SERVICOS,MODALIDADE ASSINATURA COMPLEMENTAR,ATIVO,0.0,9,2025-09,4855.455259947306,8857.071776068233,Manter Ativo
TFBLBY,725092.3497405337,20386.152289131143,216,Faixa 08 - De 150 M ate 300 M,MANUFATURA,MODALIDADE ASSINATURA COMPLEMENTAR,ATIVO,8.0,8,2025-09,761346.9672275605,20793.875334913766,Manter Ativo
TFBLCB,10714.034965027655,0.0,10,"Faixa 02 - De 7,5 M ate 15 M",LOGISTICA,MODALIDADE CORPORATIVO,ATIVO,8.0,8,2025-09,11249.736713279039,0.0,Manter Ativo
TFBLDJ,35149.056808638095,0.0,108,"Faixa 00 - Ate 4,5 M",SERVICOS,MODALIDADE ASSINATURA COMPLEMENTAR,CANCELADO,4.0,5,2025-09,36906.50964907,0.0,Risco de Churn
TFBLDN,49140.3559198355,18537.59849645053,42,"Faixa 02 - De 7,5 M ate 15 M",VAREJO,MODALIDADE CORPORATIVO,ATIVO,7.0,8,2025-09,51597.37371582728,18908.35046637954,Manter Ativo
TFBLG2,68018.63922123951,0.0,44,Sem Informações de Faturamento,MANUFATURA,MODALIDADE SERVICOS RECORRENTES,ATIVO,0.0,8,2025-09,71419.5711823015,0.0,Manter Ativo
TFBLID,21826.79739368777,0.0,11,"Faixa 00 - Ate 4,5 M",VAREJO,MODALIDADE SERVICOS RECORRENTES,ATIVO,7.0,8,2025-09,22918.137263372162,0.0,Manter Ativo
TFBLJ3,1669184.7835862818,0.0,200,"Faixa 02 - De 7,5 M ate 15 M",AGROINDUSTRIA,MODALIDADE TRADICIONAL,ATIVO,8.0,9,2025-09,1752644.022765596,0.0,Manter Ativo
TFBLJO,134058.28736338677,17940.12106417751,55,Faixa 03 - De 15 M ate 25 M,SERVICOS,MODALIDADE INTERA 17,ATIVO,0.0,8,2025-09,140761.20173155612,18298.923485461062,Manter Ativo
TFBLKG,5145.521418333792,0.0,48,Faixa 06 - De 50 M ate 75 M,HOSPITALITY,MODALIDADE ASSINATURA COMPLEMENTAR,ATIVO,8.0,8,2025-09,5402.797489250482,0.0,Manter Ativo
TFBLKJ,12169.511278378308,0.0,24,"Faixa 00 - Ate 4,5 M",SUPERMERCADOS,MODALIDADE SERVICOS RECORRENTES,ATIVO,0.0,9,2025-09,12777.986842297223,0.0,Manter Ativo
TFBLKL,8187.4115904736955,0.0,39,"Faixa 01 - De 4,5 M ate 7,5 M",VAREJO,MODALIDADE TRADICIONAL,ATIVO,10.0,9,2025-09,8596.782169997381,0.0,Manter Ativo
TFBLM1,1221.6409511174816,795.0335054209847,24,"Faixa 00 - Ate 4,5 M",VAREJO,MODALIDADE ASSINATURA COMPLEMENTAR,ATIVO,0.0,9,2025-09,1282.7229986733557,810.9341755294045,Manter Ativo
TFBLN2,712767.8926872881,0.0,371,Faixa 10 - De 500 M ate 850 M,SERVICOS,MODALIDADE ASSINATURA COMPLEMENTAR,ATIVO,10.0,9,2025-09,748406.2873216525,0.0,Manter Ativo
TFBLNO,10942.388497253078,0.0,20,"Faixa 01 - De 4,5 M ate 7,5 M",EDUCACIONAL,MODALIDADE CORPORATIVO,ATIVO,0.0,9,2025-09,11489.507922115732,0.0,Manter Ativo
TFBLNY,80656.61154926936,11943.13776297319,155,"Faixa 00 - Ate 4,5 M",VAREJO,MODALIDADE TRADICIONAL,ATIVO,3.0,5,2025-09,84689.44212673283,12182.000518232655,Manter Ativo
TFBLO2,16585.57936623064,0.0,12,Faixa 03 - De 15 M ate 25 M,MANUFATURA,MODALIDADE CORPORATIVO,ATIVO,9.0,9,2025-09,17414.858334542172,0.0,Manter Ativo
TFBLO7,19755.34667564531,0.0,21,"Faixa 02 - De 7,5 M ate 15 M",EDUCACIONAL,MODALIDADE SERVICOS RECORRENTES,ATIVO,10.0,9,2025-09,20743.114009427576,0.0,Manter Ativo
TFBLRW,409403.10897199734,0.0,160,Faixa 08 - De 150 M ate 300 M,SERVICOS,MODALIDADE ASSINATURA COMPLEMENTAR,ATIVO,0.0,9,2025-09,429873.26442059723,0.0,Manter Ativo
TFBLT8,47547.5774209912,22656.43705296147,64,Sem Informações de Faturamento,VAREJO,MODALIDADE TRADICIONAL,ATIVO,9.0,9,2025-09,49924.95629204076,23109.565794020702,Manter Ativo
TFBLX3,69472.59373822308,2361.369741421052,44,Faixa 03 - De 15 M ate 25 M,MANUFATURA,MODALIDADE CORPORATIVO,ATIVO,5.0,5,2025-09,72946.22342513423,2408.597136249473,Manter Ativo
TFBLZ4,1040.4546985601417,0.0,30,"Faixa 00 - Ate 4,5 M",SERVICOS,MPN,GRATUITO,0.0,8,2025-09,1092.4774334881488,0.0,Risco de Churn
TFBMB3,11750.201729072536,0.0,330,Sem Informações de Faturamento,SERVICOS,MPN,GRATUITO,10.0,8,2025-09,12337.711815526163,0.0,Risco de Churn
TFBMJ3,13328.615647290619,0.0,18,Faixa 05 - De 35 M ate 50 M,DISTRIBUICAO,MODALIDADE ASSINATURA COMPLEMENTAR,ATIVO,8.0,8,2025-09,13995.04642965515,0.0,Manter Ativo
TFBMJD,1154.0092937823897,0.0,8,"Faixa 01 - De 4,5 M ate 7,5 M",VAREJO,MODALIDADE ASSINATURA COMPLEMENTAR,ATIVO,8.0,8,2025-09,1211.7097584715093,0.0,Manter Ativo
TFBMMJ,10644444.10837396,379478.1815106155,2484,Faixa 05 - De 35 M ate 50 M,DISTRIBUICAO,MODALIDADE TRADICIONAL,ATIVO,0.0,8,2025-09,11176666.313792659,387067.74514082784,Manter Ativo
TFBMVI,72.11296928929559,0.0,3,"Faixa 01 - De 4,5 M ate 7,5 M",VAREJO,MODALIDADE ASSINATURA COMPLEMENTAR,ATIVO,0.0,9,2025-09,75.71861775376037,0.0,Manter Ativo
TFBN23,2788.153749126999,161.5416270770526,3,Sem Informações de Faturamento,SERVICOS,MODALIDADE ASSINATURA COMPLEMENTAR,TROCADO,10.0,9,2025-09,2927.5614365833494,164.77245961859364,Risco de Churn
TFBN50,38591.41063750333,85850.22509589231,54,Sem Informações de Faturamento,DISTRIBUICAO,MODALIDADE TRADICIONAL,ATIVO,8.0,8,2025-09,40520.9811693785,87567.22959781016,Manter Ativo
TFBNA1,1135.041489338336,0.0,2,Sem Informações de Faturamento,LOGISTICA,MODALIDADE ASSINATURA COMPLEMENTAR,ATIVO,0.0,9,2025-09,1191.793563805253,0.0,Manter Ativo
TFBNBL,2517947.790026651,276189.6624161264,1120,"Faixa 02 - De 7,5 M ate 15 M",VAREJO,MODALIDADE TRADICIONAL,ATIVO,10.0,9,2025-09,2643845.179527984,281713.45566444896,Manter Ativo
TFBNDD,137928.0137399897,26246.783476607,30,Sem Informações de Faturamento,VAREJO,MODALIDADE TRADICIONAL,ATIVO,0.0,9,2025-09,144824.41442698918,26771.71914613914,Manter Ativo
TFBNI1,48026.867607222586,0.0,56,Faixa 03 - De 15 M ate 25 M,VAREJO,MODALIDADE ASSINATURA COMPLEMENTAR,CANCELADO,7.0,8,2025-09,50428.21098758372,0.0,Risco de Churn
TFBNZV,5315120.2383154845,0.0,1232,Faixa 07 - De 75 M ate 150 M,DISTRIBUICAO,MODALIDADE TRADICIONAL,ATIVO,8.0,8,2025-09,5580876.250231259,0.0,Manter Ativo
TFBOHB,2776.366133067355,0.0,17,"Faixa 00 - Ate 4,5 M",DISTRIBUICAO,MODALIDADE TRADICIONAL,ATIVO,8.0,8,2025-09,2915.184439720723,0.0,Manter Ativo
TFBPRZ,748734.7342774231,0.0,72,Faixa 07 - De 75 M ate 150 M,SAUDE,MODALIDADE ASSINATURA COMPLEMENTAR,ATIVO,8.0,8,2025-09,786171.4709912944,0.0,Manter Ativo
TFBPUA,175579.18123086923,0.0,44,Faixa 03 - De 15 M ate 25 M,LOGISTICA,MODALIDADE ASSINATURA (INTERA),ATIVO,10.0,9,2025-09,184358.1402924127,0.0,Manter Ativo
TFBQS6,510.76867020225,0.0,3,Sem Informações de Faturamento,AGROINDUSTRIA,MODALIDADE ASSINATURA COMPLEMENTAR,ATIVO,0.0,8,2025-09,536.3071037123625,0.0,Manter Ativo
TFBQSN,534114.7920949934,513820.64542821655,434,"Faixa 00 - Ate 4,5 M",VAREJO,MODALIDADE TRADICIONAL,ATIVO,10.0,9,2025-09,560820.5316997431,524097.0583367809,Manter Ativo
TFBQUH,15769.509758540615,3691.9620639429063,12,Sem Informações de Faturamento,DISTRIBUICAO,MODALIDADE TRADICIONAL,ATIVO,10.0,9,2025-09,16557.985246467648,3765.8013052217643,Manter Ativo
TFBQYA,607950.4306680873,0.0,27,Faixa 06 - De 50 M ate 75 M,MANUFATURA,MODALIDADE ASSINATURA COMPLEMENTAR,ATIVO,0.0,8,2025-09,638347.9522014917,0.0,Manter Ativo
TFBQZU,649522.3005100127,638300.3597016506,296,"Faixa 00 - Ate 4,5 M",VAREJO,MODALIDADE TRADICIONAL,ATIVO,9.0,9,2025-09,681998.4155355133,651066.3668956836,Manter Ativo
TFBR10,195210.64022988206,0.0,232,Faixa 11 - Acima de 850 M,MANUFATURA,MODALIDADE TRADICIONAL,TROCADO,0.0,8,2025-09,204971.17224137616,0.0,Risco de Churn
TFBRBL,4688.566326298272,1278.834430608031,33,Sem Informações de Faturamento,MANUFATURA,MODALIDADE SERVICOS RECORRENTES,ATIVO,8.0,8,2025-09,4922.9946426131855,1304.4111192201917,Manter Ativo
TFBRC1,2386.344858043856,0.0,8,"Faixa 02 - De 7,5 M ate 15 M",DISTRIBUICAO,MODALIDADE SERVICOS RECORRENTES,ATIVO,10.0,9,2025-09,2505.662100946049,0.0,Manter Ativo
TFBRCO,810024.1244863969,353965.7152274652,240,"Faixa 01 - De 4,5 M ate 7,5 M",EDUCACIONAL,MODALIDADE SERVICOS RECORRENTES,ATIVO,7.0,8,2025-09,850525.3307107168,361045.0295320145,Manter Ativo
TFBRF5,166523.60583220224,234211.94798004418,28,Faixa 06 - De 50 M ate 75 M,LOGISTICA,MODALIDADE TRADICIONAL,ATIVO,0.0,9,2025-09,174849.78612381237,238896.18693964506,Manter Ativo
TFBRG0,3365.6250241860303,0.0,42,"Faixa 00 - Ate 4,5 M",DISTRIBUICAO,MODALIDADE TRADICIONAL,ATIVO,0.0,8,2025-09,3533.9062753953317,0.0,Manter Ativo
TFBRJ4,10710.440666978091,0.0,66,"Faixa 00 - Ate 4,5 M",VAREJO,MODALIDADE TRADICIONAL,ATIVO,0.0,9,2025-09,11245.962700326996,0.0,Manter Ativo
TFBRJW,5135.55827637183,0.0,30,"Faixa 00 - Ate 4,5 M",SERVICOS,MODALIDADE TRADICIONAL,ATIVO,0.0,9,2025-09,5392.336190190422,0.0,Manter Ativo
TFBRJZ,272059.3977752898,0.0,175,Faixa 05 - De 35 M ate 50 M,EDUCACIONAL,MODALIDADE ASSINATURA COMPLEMENTAR,ATIVO,9.0,9,2025-09,285662.36766405427,0.0,Manter Ativo
TFBRK2,74659.28353176088,179150.2067260518,264,"Faixa 00 - Ate 4,5 M",DISTRIBUICAO,MODALIDADE TRADICIONAL,ATIVO,0.0,8,2025-09,78392.24770834894,182733.21086057284,Manter Ativo
TFBRLC,5112.832223440842,0.0,6,"Faixa 00 - Ate 4,5 M",VAREJO,MODALIDADE CORPORATIVO,ATIVO,4.0,5,2025-09,5368.473834612885,0.0,Manter Ativo
TFBRLL,1022778.8445816836,317461.43569598603,175,"Faixa 02 - De 7,5 M ate 15 M",LOGISTICA,MODALIDADE TRADICIONAL,ATIVO,8.0,5,2025-09,1073917.7868107678,323810.66440990573,Manter Ativo
TFBRM5,184299.52843144635,0.0,52,"Faixa 00 - Ate 4,5 M",JURIDICO,MODALIDADE ASSINATURA COMPLEMENTAR,TROCADO,6.0,5,2025-09,193514.50485301868,0.0,Risco de Churn
TFBRNE,68840.41766723534,50562.785710416865,144,"Faixa 00 - Ate 4,5 M",VAREJO,MODALIDADE TRADICIONAL,ATIVO,7.0,8,2025-09,72282.4385505971,51574.041424625204,Manter Ativo
TFBRNO,273035.40734039946,39073.45855416803,414,Faixa 08 - De 150 M ate 300 M,VAREJO,MODALIDADE ASSINATURA COMPLEMENTAR,ATIVO,9.0,9,2025-09,286687.17770741944,39854.927725251386,Manter Ativo
TFBRO8,228227.68555123528,0.0,208,"Faixa 00 - Ate 4,5 M",EDUCACIONAL,MODALIDADE SERVICOS RECORRENTES,ATIVO,9.0,9,2025-09,239639.06982879704,0.0,Manter Ativo
TFBRQB,13114.45854139668,0.0,15,Faixa 09 - De 300 M ate 500 M,MANUFATURA,MODALIDADE ASSINATURA (INTERA),ATIVO,8.0,8,2025-09,13770.181468466515,0.0,Manter Ativo
TFBRQP,1087020.355792562,603823.6888597246,497,Faixa 09 - De 300 M ate 500 M,SERVICOS,MODALIDADE ASSINATURA COMPLEMENTAR,ATIVO,6.0,9,2025-09,1141371.3735821901,615900.1626369191,Manter Ativo
TFBSJP,214048.09146467148,12102.569053651563,324,Faixa 05 - De 35 M ate 50 M,MANUFATURA,MODALIDADE ASSINATURA COMPLEMENTAR,ATIVO,7.0,8,2025-09,224750.49603790508,12344.620434724595,Manter Ativo
TFBSKB,288.45187715718237,0.0,12,Faixa 05 - De 35 M ate 50 M,MANUFATURA,MODALIDADE ASSINATURA COMPLEMENTAR,CANCELADO,7.0,8,2025-09,302.8744710150415,0.0,Risco de Churn
TFBSL7,1514.5489170846595,0.0,28,"Faixa 00 - Ate 4,5 M",CONSTRUCAO E PROJETOS,MODALIDADE ASSINATURA COMPLEMENTAR,ATIVO,8.0,8,2025-09,1590.2763629388926,0.0,Manter Ativo
TFBSL9,86166.90167141763,73191.0316958692,126,"Faixa 00 - Ate 4,5 M",MANUFATURA,MODALIDADE ASSINATURA COMPLEMENTAR,ATIVO,8.0,8,2025-09,90475.2467549885,74654.85232978659,Manter Ativo
TFBSLI,60937.78798643659,596.3087599246832,168,Faixa 04 - De 25 M ate 35 M,DISTRIBUICAO,MODALIDADE ASSINATURA COMPLEMENTAR,CANCELADO,8.0,8,2025-09,63984.67738575842,608.2349351231768,Risco de Churn
TFBSMM,13024.769244452107,1136.1765308276701,40,Faixa 03 - De 15 M ate 25 M,MANUFATURA,MODALIDADE ASSINATURA COMPLEMENTAR,ATIVO,8.0,8,2025-09,13676.007706674713,1158.9000614442236,Manter Ativo
TFBSMQ,1702.5622340075029,208.16660914465137,18,"Faixa 02 - De 7,5 M ate 15 M",MANUFATURA,MODALIDADE ASSINATURA COMPLEMENTAR,ATIVO,7.0,8,2025-09,1787.6903457078781,212.32994132754442,Manter Ativo
TFBSOJ,10563.27202824196,0.0,26,"Faixa 00 - Ate 4,5 M",MANUFATURA,MODALIDADE SERVICOS NÃO RECORRENTES,ATIVO,10.0,9,2025-09,11091.435629654057,0.0,Manter Ativo
TFBSPA,173867.84975039223,18474.69197479697,72,Sem Informações de Faturamento,DISTRIBUICAO,MODALIDADE TRADICIONAL,ATIVO,0.0,9,2025-09,182561.24223791185,18844.18581429291,Manter Ativo
TFBSVB,1654284.5306388522,0.0,240,Faixa 08 - De 150 M ate 300 M,MANUFATURA,MODALIDADE ASSINATURA COMPLEMENTAR,ATIVO,6.0,5,2025-09,1736998.7571707948,0.0,Manter Ativo
TFBSVT,363897.04239687434,163326.78670062489,352,"Faixa 00 - Ate 4,5 M",VAREJO,MODALIDADE TRADICIONAL,ATIVO,5.0,9,2025-09,382091.89451671805,166593.32243463738,Manter Ativo
TFBSWH,702771.573882969,89909.2932083462,222,Sem Informações de Faturamento,MANUFATURA,MODALIDADE TRADICIONAL,ATIVO,7.0,8,2025-09,737910.1525771174,91707.47907251312,Manter Ativo
TFBSZW,1315686.722267856,0.0,368,Faixa 07 - De 75 M ate 150 M,MANUFATURA,MODALIDADE ASSINATURA COMPLEMENTAR,ATIVO,10.0,9,2025-09,1381471.0583812487,0.0,Manter Ativo
TFBT24,113878.71262531514,0.0,270,Sem Informações de Faturamento,DISTRIBUICAO,MODALIDADE TRADICIONAL,ATIVO,7.0,9,2025-09,119572.6482565809,0.0,Manter Ativo
TFBTAN,51188.2524250456,0.0,4,"Faixa 00 - Ate 4,5 M",CONSTRUCAO E PROJETOS,MODALIDADE ASSINATURA (INTERA),ATIVO,7.0,8,2025-09,53747.66504629788,0.0,Manter Ativo
TFBTEW,306246.4270484232,46114.37734783316,408,Faixa 08 - De 150 M ate 300 M,MANUFATURA,MODALIDADE SERVICOS RECORRENTES,ATIVO,8.0,8,2025-09,321558.7484008444,47036.66489478982,Manter Ativo
TFBTF3,34358.57608074658,0.0,27,Sem Informações de Faturamento,CONSTRUCAO E PROJETOS,MODALIDADE SERVICOS RECORRENTES,ATIVO,6.0,5,2025-09,36076.504884783906,0.0,Manter Ativo
TFBTHK,3244.9070560088435,0.0,36,"Faixa 01 - De 4,5 M ate 7,5 M",LOGISTICA,MODALIDADE TRADICIONAL,ATIVO,7.0,8,2025-09,3407.1524088092856,0.0,Manter Ativo
TFBTIH,111066.04198001829,0.0,33,Faixa 07 - De 75 M ate 150 M,SERVICOS,MODALIDADE ASSINATURA (INTERA),ATIVO,8.0,8,2025-09,116619.34407901921,0.0,Manter Ativo
TFBTOL,153997.6536914554,6736.395569790394,224,Sem Informações de Faturamento,EDUCACIONAL,MODALIDADE SERVICOS RECORRENTES,ATIVO,10.0,9,2025-09,161697.53637602818,6871.123481186202,Manter Ativo
TFBTSM,13754.979269259777,0.0,19,Faixa 05 - De 35 M ate 50 M,CONSTRUCAO E PROJETOS,MODALIDADE ASSINATURA COMPLEMENTAR,ATIVO,8.0,8,2025-09,14442.728232722766,0.0,Manter Ativo
TFBTUO,140645.01720316435,0.0,268,Faixa 04 - De 25 M ate 35 M,MANUFATURA,MODALIDADE ASSINATURA COMPLEMENTAR,ATIVO,10.0,9,2025-09,147677.26806332258,0.0,Manter Ativo
TFBTVF,1384424.6667078915,515408.518025511,224,"Faixa 00 - Ate 4,5 M",MANUFATURA,MODALIDADE TRADICIONAL,ATIVO,10.0,9,2025-09,1453645.9000432862,525716.6883860212,Manter Ativo
TFBTYK,1220.4848903413047,0.0,21,"Faixa 00 - Ate 4,5 M",VAREJO,MODALIDADE SERVICOS RECORRENTES,ATIVO,8.0,8,2025-09,1281.5091348583699,0.0,Manter Ativo
TFBU74,680870.2757290088,51666.3319003548,780,Faixa 04 - De 25 M ate 35 M,CONSTRUCAO E PROJETOS,MODALIDADE TRADICIONAL,ATIVO,5.0,5,2025-09,714913.7895154593,52699.6585383619,Manter Ativo
TFBUA5,25994.80426597389,0.0,15,Faixa 05 - De 35 M ate 50 M,MANUFATURA,MODALIDADE CORPORATIVO,ATIVO,10.0,9,2025-09,27294.544479272587,0.0,Manter Ativo
TFBUAI,4508.208233642413,0.0,76,"Faixa 01 - De 4,5 M ate 7,5 M",VAREJO,MODALIDADE ASSINATURA COMPLEMENTAR,ATIVO,7.0,8,2025-09,4733.618645324534,0.0,Manter Ativo
TFBUG2,3156788.5892238063,0.0,114,Sem Informações de Faturamento,AGROINDUSTRIA,MODALIDADE SERVICOS RECORRENTES,CANCELADO,0.0,8,2025-09,3314628.0186849968,0.0,Risco de Churn
TFBUHO,438243.6556291814,0.0,19,Sem Informações de Faturamento,CONSTRUCAO E PROJETOS,MODALIDADE TRADICIONAL,ATIVO,0.0,9,2025-09,460155.8384106405,0.0,Manter Ativo
TFBW25,27279.065876443907,0.0,42,"Faixa 02 - De 7,5 M ate 15 M",EDUCACIONAL,MODALIDADE ASSINATURA COMPLEMENTAR,ATIVO,10.0,9,2025-09,28643.019170266103,0.0,Manter Ativo
TFBWAQ,16131.33576219745,2875.4384396571177,60,"Faixa 02 - De 7,5 M ate 15 M",MANUFATURA,MODALIDADE ASSINATURA COMPLEMENTAR,ATIVO,7.0,8,2025-09,16937.902550307324,2932.94720845026,Manter Ativo
TFBWAT,2411.8370491229252,0.0,5,"Faixa 02 - De 7,5 M ate 15 M",EDUCACIONAL,MODALIDADE ASSINATURA COMPLEMENTAR,ATIVO,9.0,9,2025-09,2532.4289015790714,0.0,Manter Ativo
TFBWG8,7888.555166330931,0.0,7,"Faixa 00 - Ate 4,5 M",AGROINDUSTRIA,MODALIDADE ASSINATURA (INTERA),TROCADO,10.0,9,2025-09,8282.982924647478,0.0,Risco de Churn
TFBWMA,752723.0556742303,10476.962632621187,132,Sem Informações de Faturamento,EDUCACIONAL,MODALIDADE SERVICOS RECORRENTES,ATIVO,9.0,9,2025-09,790359.2084579419,10686.501885273612,Manter Ativo
TFBWOA,351.4424759580922,36.9939448376938,22,"Faixa 00 - Ate 4,5 M",SERVICOS,MPN,GRATUITO,0.0,8,2025-09,369.0145997559968,37.73382373444768,Risco de Churn
TFBWQT,52022.734928007056,16606.918146230222,30,"Faixa 00 - Ate 4,5 M",VAREJO,MODALIDADE TRADICIONAL,ATIVO,10.0,9,2025-09,54623.87167440741,16939.056509154827,Manter Ativo
TFBWZ2,42172.89532981728,0.0,24,"Faixa 00 - Ate 4,5 M",LOGISTICA,MODALIDADE SERVICOS RECORRENTES,ATIVO,8.0,9,2025-09,44281.54009630814,0.0,Manter Ativo
TFBX17,764.786751658802,500.9316439613185,15,"Faixa 00 - Ate 4,5 M",VAREJO,MODALIDADE ASSINATURA COMPLEMENTAR,ATIVO,8.0,9,2025-09,803.0260892417422,510.9502768405449,Manter Ativo
TFBX19,117632.67317772012,0.0,36,"Faixa 01 - De 4,5 M ate 7,5 M",SERVICOS,MODALIDADE ASSINATURA COMPLEMENTAR,CANCELADO,10.0,9,2025-09,123514.30683660613,0.0,Risco de Churn
TFBX21,889502.8572397493,0.0,170,Faixa 07 - De 75 M ate 150 M,MANUFATURA,MODALIDADE ASSINATURA (INTERA),ATIVO,7.0,8,2025-09,933978.0001017367,0.0,Manter Ativo
TFBXA3,32101.05422788524,0.0,18,"Faixa 02 - De 7,5 M ate 15 M",EDUCACIONAL,MODALIDADE ASSINATURA COMPLEMENTAR,ATIVO,10.0,8,2025-09,33706.1069392795,0.0,Manter Ativo
TFBXD8,50537.15058818732,0.0,66,"Faixa 01 - De 4,5 M ate 7,5 M",HOSPITALITY,MODALIDADE ASSINATURA COMPLEMENTAR,ATIVO,7.0,8,2025-09,53064.00811759669,0.0,Manter Ativo
TFBXDL,24.058675716604387,0.0,59,"Faixa 00 - Ate 4,5 M",HOSPITALITY,MODALIDADE ASSINATURA COMPLEMENTAR,TROCADO,9.0,9,2025-09,25.26160950243461,0.0,Risco de Churn
TFBXDR,23257.189290124024,0.0,15,Sem Informações de Faturamento,HOSPITALITY,MODALIDADE ASSINATURA COMPLEMENTAR,TROCADO,5.0,5,2025-09,24420.04875463023,0.0,Risco de Churn
TFBXEA,82922.29729313921,38143.62415838743,297,Sem Informações de Faturamento,HOSPITALITY,MODALIDADE ASSINATURA COMPLEMENTAR,ATIVO,8.0,8,2025-09,87068.41215779618,38906.496641555175,Manter Ativo
TFBXF5,1471.350078771916,0.0,20,Sem Informações de Faturamento,HOSPITALITY,MODALIDADE ASSINATURA COMPLEMENTAR,ATIVO,0.0,8,2025-09,1544.9175827105119,0.0,Manter Ativo
TFBXHH,546.5014578295687,1093.0029156591374,13,"Faixa 00 - Ate 4,5 M",HOSPITALITY,MODALIDADE ASSINATURA COMPLEMENTAR,ATIVO,0.0,8,2025-09,573.8265307210472,1114.86297397232,Manter Ativo
TFBXIZ,798.7328999047551,0.0,25,Sem Informações de Faturamento,HOSPITALITY,MODALIDADE ASSINATURA COMPLEMENTAR,ATIVO,0.0,8,2025-09,838.6695448999928,0.0,Manter Ativo
TFBXJK,186480.91001965993,420.5707065161644,56,Faixa 07 - De 75 M ate 150 M,HOSPITALITY,MODALIDADE ASSINATURA COMPLEMENTAR,ATIVO,0.0,9,2025-09,195804.95552064295,428.9821206464877,Manter Ativo
TFBXJW,6936.364657067599,3783.4716311277853,50,"Faixa 02 - De 7,5 M ate 15 M",HOSPITALITY,MODALIDADE ASSINATURA COMPLEMENTAR,CANCELADO,10.0,9,2025-09,7283.1828899209795,3859.141063750341,Risco de Churn
TFBXL4,8795.322996733823,0.0,27,Sem Informações de Faturamento,HOSPITALITY,MODALIDADE ASSINATURA COMPLEMENTAR,ATIVO,0.0,9,2025-09,9235.089146570515,0.0,Manter Ativo
TFBXL6,274.4278089778016,0.0,8,Sem Informações de Faturamento,HOSPITALITY,MODALIDADE ASSINATURA COMPLEMENTAR,PENDENTE,0.0,9,2025-09,288.14919942669167,0.0,Risco de Churn
TFBXL8,188.3328100828055,0.0,7,Sem Informações de Faturamento,HOSPITALITY,MODALIDADE SERVICOS RECORRENTES,ATIVO,8.0,8,2025-09,197.74945058694578,0.0,Manter Ativo
TFBXLA,23169.265613273976,882.810047263149,50,Sem Informações de Faturamento,HOSPITALITY,MODALIDADE ASSINATURA COMPLEMENTAR,ATIVO,0.0,8,2025-09,24327.728893937674,900.466248208412,Manter Ativo
TFBXMI,17010.488453550523,454.0165957353336,96,"Faixa 00 - Ate 4,5 M",HOSPITALITY,MODALIDADE ASSINATURA COMPLEMENTAR,CANCELADO,8.0,8,2025-09,17861.01287622805,463.0969276500403,Risco de Churn
TFBXNQ,8079.897938289122,8300.011910073406,68,"Faixa 00 - Ate 4,5 M",HOSPITALITY,MODALIDADE ASSINATURA COMPLEMENTAR,ATIVO,0.0,8,2025-09,8483.892835203578,8466.012148274875,Manter Ativo
TFBXPF,24935.272462678142,0.0,81,Faixa 03 - De 15 M ate 25 M,HOSPITALITY,MODALIDADE ASSINATURA COMPLEMENTAR,ATIVO,0.0,5,2025-09,26182.03608581205,0.0,Manter Ativo
TFBXRM,167984.52193698692,56376.653188531905,371,Sem Informações de Faturamento,HOSPITALITY,MODALIDADE ASSINATURA COMPLEMENTAR,ATIVO,7.0,8,2025-09,176383.74803383628,57504.18625230254,Manter Ativo
TFBXSS,2019.4658178307657,0.0,48,Sem Informações de Faturamento,HOSPITALITY,MODALIDADE ASSINATURA COMPLEMENTAR,CANCELADO,9.0,9,2025-09,2120.439108722304,0.0,Risco de Churn
TFBXWR,202958.56795954125,150076.63184724902,469,Faixa 04 - De 25 M ate 35 M,HOSPITALITY,MODALIDADE ASSINATURA COMPLEMENTAR,CANCELADO,8.0,8,2025-09,213106.49635751834,153078.164484194,Risco de Churn
TFBXX1,92576.94338602173,70767.70130070236,186,Faixa 04 - De 25 M ate 35 M,HOSPITALITY,MODALIDADE ASSINATURA COMPLEMENTAR,ATIVO,7.0,8,2025-09,97205.79055532282,72183.0553267164,Manter Ativo
TFBXX2,143264.83589170768,93989.30493820673,336,Faixa 04 - De 25 M ate 35 M,HOSPITALITY,MODALIDADE ASSINATURA COMPLEMENTAR,ATIVO,0.0,8,2025-09,150428.07768629308,95869.09103697086,Manter Ativo
TFBXX4,146340.56711565933,111849.35513109763,294,Faixa 04 - De 25 M ate 35 M,HOSPITALITY,MODALIDADE ASSINATURA COMPLEMENTAR,ATIVO,8.0,8,2025-09,153657.5954714423,114086.34223371958,Manter Ativo
TFBXXB,136832.04710488603,975.2949093573849,116,"Faixa 00 - Ate 4,5 M",HOSPITALITY,MODALIDADE ASSINATURA COMPLEMENTAR,ATIVO,10.0,9,2025-09,143673.64946013034,994.8008075445326,Manter Ativo
TFBY32,41542.51850978315,336.30858943358,120,Sem Informações de Faturamento,HOSPITALITY,MODALIDADE ASSINATURA COMPLEMENTAR,CANCELADO,0.0,8,2025-09,43619.64443527231,343.0347612222516,Risco de Churn
TFBY54,179906.27047367187,19421.821039789324,231,"Faixa 00 - Ate 4,5 M",HOSPITALITY,MODALIDADE ASSINATURA COMPLEMENTAR,TROCADO,0.0,9,2025-09,188901.58399735548,19810.25746058511,Risco de Churn
TFBYAZ,106722.21718103382,0.0,38,Sem Informações de Faturamento,HOSPITALITY,MODALIDADE ASSINATURA COMPLEMENTAR,CANCELADO,5.0,5,2025-09,112058.32804008551,0.0,Risco de Churn
TFBYCB,476.2129626379512,0.0,24,"Faixa 00 - Ate 4,5 M",HOSPITALITY,MODALIDADE ASSINATURA COMPLEMENTAR,ATIVO,0.0,8,2025-09,500.0236107698488,0.0,Manter Ativo
TFBYDV,69848.7548955046,0.0,84,Faixa 03 - De 15 M ate 25 M,HOSPITALITY,MODALIDADE ASSINATURA COMPLEMENTAR,ATIVO,6.0,5,2025-09,73341.19264027983,0.0,Manter Ativo
TFBYEP,132928.9715277834,5288.452568843058,238,"Faixa 00 - Ate 4,5 M",HOSPITALITY,MODALIDADE ASSINATURA COMPLEMENTAR,ATIVO,9.0,9,2025-09,139575.42010417258,5394.221620219919,Manter Ativo
TFBYF1,7570.726733886691,0.0,23,Sem Informações de Faturamento,HOSPITALITY,MODALIDADE ASSINATURA COMPLEMENTAR,ATIVO,0.0,9,2025-09,7949.263070581026,0.0,Manter Ativo
TFBYFG,120918.19790361787,49205.18360430619,175,Faixa 04 - De 25 M ate 35 M,HOSPITALITY,MODALIDADE ASSINATURA COMPLEMENTAR,ATIVO,10.0,9,2025-09,126964.10779879877,50189.287276392315,Manter Ativo
TFBYFY,188909.38593624506,0.0,442,Sem Informações de Faturamento,HOSPITALITY,MODALIDADE ASSINATURA COMPLEMENTAR,CANCELADO,9.0,9,2025-09,198354.85523305731,0.0,Risco de Churn
TFBYFZ,172313.3389651682,199971.16818660422,481,Sem Informações de Faturamento,HOSPITALITY,MODALIDADE ASSINATURA COMPLEMENTAR,CANCELADO,0.0,8,2025-09,180929.0059134266,203970.5915503363,Risco de Churn
TFBYGN,2103.6102269070475,0.0,75,Sem Informações de Faturamento,HOSPITALITY,MODALIDADE ASSINATURA COMPLEMENTAR,GRATUITO,0.0,8,2025-09,2208.7907382524,0.0,Risco de Churn
TFBYGQ,2452.2697492875764,0.0,68,Sem Informações de Faturamento,HOSPITALITY,MODALIDADE ASSINATURA COMPLEMENTAR,ATIVO,7.0,8,2025-09,2574.8832367519553,0.0,Manter Ativo
TFBYGX,2019.4658178307657,0.0,48,Sem Informações de Faturamento,HOSPITALITY,MODALIDADE ASSINATURA COMPLEMENTAR,GRATUITO,0.0,8,2025-09,2120.439108722304,0.0,Risco de Churn
TFBYHB,67951.15049505497,11983.51581299208,90,Sem Informações de Faturamento,HOSPITALITY,MODALIDADE ASSINATURA COMPLEMENTAR,ATIVO,0.0,8,2025-09,71348.70801980772,12223.186129251922,Manter Ativo
TFBYIB,58406.712726930054,0.0,35,"Faixa 00 - Ate 4,5 M",HOSPITALITY,MODALIDADE ASSINATURA COMPLEMENTAR,ATIVO,0.0,9,2025-09,61327.04836327656,0.0,Manter Ativo
TFBYIZ,2194.4135460541147,264.8430141789449,36,"Faixa 00 - Ate 4,5 M",HOSPITALITY,MODALIDADE ASSINATURA COMPLEMENTAR,ATIVO,10.0,9,2025-09,2304.1342233568207,270.1398744625238,Manter Ativo
TFBYJP,13115.71969860706,283.7603723345835,60,"Faixa 00 - Ate 4,5 M",HOSPITALITY,MODALIDADE ASSINATURA COMPLEMENTAR,ATIVO,0.0,9,2025-09,13771.505683537413,289.4355797812752,Manter Ativo
TFBYLI,184.9697241884694,37.8347163112778,2,"Faixa 00 - Ate 4,5 M",HOSPITALITY,MODALIDADE ASSINATURA COMPLEMENTAR,ATIVO,0.0,9,2025-09,194.21821039789288,38.59141063750336,Manter Ativo
TFBYN7,1627358.622412169,0.0,84,Faixa 11 - Acima de 850 M,LOGISTICA,MODALIDADE ASSINATURA COMPLEMENTAR,CANCELADO,0.0,8,2025-09,1708726.5535327774,0.0,Risco de Churn
TFBYNZ,1888494.7634450893,0.0,68,Faixa 09 - De 300 M ate 500 M,AGROINDUSTRIA,MODALIDADE CORPORATIVO,ATIVO,8.0,8,2025-09,1982919.5016173439,0.0,Manter Ativo
TFBYR1,65503.66473545216,19589.891257358784,26,"Faixa 00 - Ate 4,5 M",DISTRIBUICAO,MODALIDADE TRADICIONAL,ATIVO,10.0,9,2025-09,68778.84797222477,19981.68908250596,Manter Ativo
TFBYS9,141343.7739671454,67261.71788671616,96,Faixa 04 - De 25 M ate 35 M,MANUFATURA,MODALIDADE TRADICIONAL,ATIVO,0.0,9,2025-09,148410.96266550265,68606.95224445048,Manter Ativo
TFBZ49,2207.0251181578737,0.0,40,"Faixa 00 - Ate 4,5 M",SERVICOS,MPN,ATIVO,0.0,9,2025-09,2317.3763740657673,0.0,Manter Ativo
TFBZ62,997622.1423398622,0.0,140,Faixa 07 - De 75 M ate 150 M,EDUCACIONAL,MODALIDADE ASSINATURA COMPLEMENTAR,CANCELADO,9.0,9,2025-09,1047503.2494568554,0.0,Risco de Churn
TFBZBR,301694.43143643683,129958.11393358941,120,"Faixa 00 - Ate 4,5 M",VAREJO,MODALIDADE TRADICIONAL,ATIVO,9.0,9,2025-09,316779.15300825867,132557.2762122612,Manter Ativo
TFBZBU,11596.340549406661,0.0,50,Faixa 04 - De 25 M ate 35 M,SERVICOS,MODALIDADE ASSINATURA COMPLEMENTAR,ATIVO,8.0,8,2025-09,12176.157576876994,0.0,Manter Ativo
TFBZFW,3497.6093301092333,67.19445616882945,32,Sem Informações de Faturamento,SERVICOS,MPN,CANCELADO,0.0,9,2025-09,3672.489796614695,68.53834529220603,Risco de Churn
TFBZGS,230075.17576800188,163.68139047732382,279,Faixa 05 - De 35 M ate 50 M,MANUFATURA,MODALIDADE ASSINATURA COMPLEMENTAR,ATIVO,7.0,8,2025-09,241578.93455640197,166.95501828687028,Manter Ativo
TFBZGV,138248.6545530128,0.0,51,Faixa 06 - De 50 M ate 75 M,LOGISTICA,MODALIDADE SERVICOS RECORRENTES,ATIVO,10.0,9,2025-09,145161.08728066346,0.0,Manter Ativo
TFBZI2,841.4945370512338,0.0,14,"Faixa 00 - Ate 4,5 M",MANUFATURA,MPN,GRATUITO,0.0,8,2025-09,883.5692639037956,0.0,Risco de Churn
TFBZKC,47844.10070429482,56833.599872852865,76,Sem Informações de Faturamento,DISTRIBUICAO,MODALIDADE TRADICIONAL,ATIVO,0.0,9,2025-09,50236.30573950956,57970.27187030992,Manter Ativo
TFBZKZ,70424.7758397718,31984.62839808078,138,Sem Informações de Faturamento,HOSPITALITY,MODALIDADE ASSINATURA COMPLEMENTAR,ATIVO,10.0,8,2025-09,73946.0146317604,32624.320966042396,Manter Ativo
TFBZLA,326.8919489294403,0.0,27,Sem Informações de Faturamento,HOSPITALITY,MODALIDADE ASSINATURA COMPLEMENTAR,ATIVO,0.0,8,2025-09,343.2365463759123,0.0,Manter Ativo
TFBZNE,10980836.774954906,0.0,931,Faixa 11 - Acima de 850 M,MANUFATURA,MODALIDADE ASSINATURA COMPLEMENTAR,ATIVO,8.0,8,2025-09,11529878.613702651,0.0,Manter Ativo
TFBZQ5,116930.13294210822,0.0,21,"Faixa 01 - De 4,5 M ate 7,5 M",SERVICOS,MODALIDADE SERVICOS RECORRENTES,CANCELADO,10.0,9,2025-09,122776.63958921364,0.0,Risco de Churn
TFBZUS,86103.32673644264,0.0,39,Faixa 09 - De 300 M ate 500 M,MANUFATURA,MODALIDADE ASSINATURA (INTERA),ATIVO,8.0,9,2025-09,90408.49307326478,0.0,Manter Ativo
TFBZW9,10811.95121084124,0.0,24,Faixa 06 - De 50 M ate 75 M,SERVICOS,MODALIDADE ASSINATURA COMPLEMENTAR,ATIVO,10.0,9,2025-09,11352.548771383303,0.0,Manter Ativo
TFBZWB,2942.759011546983,0.0,28,Sem Informações de Faturamento,SERVICOS,MODALIDADE INTERA 17,ATIVO,3.0,8,2025-09,3089.8969621243323,0.0,Manter Ativo
TFBZYE,9964.319042032843,43490.68690665392,48,"Faixa 02 - De 7,5 M ate 15 M",VAREJO,MODALIDADE ASSINATURA (INTERA),ATIVO,0.0,9,2025-09,10462.534994134485,44360.500644787004,Manter Ativo
TFBZZC,1844131.9695120312,749879.1587764049,1947,Faixa 07 - De 75 M ate 150 M,LOGISTICA,MODALIDADE TRADICIONAL,ATIVO,10.0,9,2025-09,1936338.567987633,764876.741951933,Manter Ativo
TFC071,627588.0651335726,337934.5321632007,208,Faixa 04 - De 25 M ate 35 M,LOGISTICA,MODALIDADE TRADICIONAL,ATIVO,8.0,8,2025-09,658967.4683902512,344693.22280646476,Manter Ativo
TFC318,107142.35489024114,0.0,81,Faixa 05 - De 35 M ate 50 M,MANUFATURA,MODALIDADE TRADICIONAL,ATIVO,9.0,9,2025-09,112499.4726347532,0.0,Manter Ativo
TFC340,549776.094564884,88440.24684341179,300,Sem Informações de Faturamento,MANUFATURA,MODALIDADE TRADICIONAL,ATIVO,0.0,8,2025-09,577264.8992931282,90209.05178028003,Manter Ativo
TFC440,151689.59306531702,35937.05305682523,120,Faixa 05 - De 35 M ate 50 M,SERVICOS,MODALIDADE CORPORATIVO,ATIVO,9.0,9,2025-09,159274.07271858287,36655.794117961734,Manter Ativo
TFC468,4066.52575542456,0.0,4,"Faixa 02 - De 7,5 M ate 15 M",LOGISTICA,MODALIDADE CORPORATIVO,ATIVO,9.0,9,2025-09,4269.852043195788,0.0,Manter Ativo
TFC491,901.6012896977505,0.0,15,"Faixa 00 - Ate 4,5 M",MANUFATURA,MPN,GRATUITO,0.0,8,2025-09,946.6813541826381,0.0,Risco de Churn
TFC566,11552.149600755078,340.51244680150023,36,Sem Informações de Faturamento,HOSPITALITY,MODALIDADE ASSINATURA COMPLEMENTAR,ATIVO,8.0,8,2025-09,12129.757080792831,347.32269573753024,Manter Ativo
TFC765,9614.272246720906,945.7838306345884,42,Sem Informações de Faturamento,SERVICOS,MPN,CANCELADO,0.0,9,2025-09,10094.985859056951,964.6995072472802,Risco de Churn
TFC868,247536.97353314268,0.0,105,"Faixa 00 - Ate 4,5 M",SERVICOS,MODALIDADE ASSINATURA (INTERA),ATIVO,0.0,8,2025-09,259913.82220979984,0.0,Manter Ativo
TFCA40,11301628.603146464,672136.9512207373,2125,Faixa 05 - De 35 M ate 50 M,VAREJO,MODALIDADE TRADICIONAL,ATIVO,10.0,9,2025-09,11866710.033303788,685579.6902451521,Manter Ativo
TFCAB2,396223.309875531,0.0,40,"Faixa 02 - De 7,5 M ate 15 M",VAREJO,MODALIDADE ASSINATURA COMPLEMENTAR,ATIVO,7.0,8,2025-09,416034.47536930756,0.0,Manter Ativo
TFCADC,57230.69203596919,51296.56060627259,126,"Faixa 00 - Ate 4,5 M",DISTRIBUICAO,MODALIDADE TRADICIONAL,ATIVO,10.0,9,2025-09,60092.22663776765,52322.49181839805,Manter Ativo
TFCAFQ,5823.015071747727,2669.6175829237636,63,"Faixa 00 - Ate 4,5 M",EDUCACIONAL,MODALIDADE ASSINATURA COMPLEMENTAR,ATIVO,1.0,5,2025-09,6114.165825335114,2723.009934582239,Manter Ativo
TFCAFR,116512.26531587959,0.0,116,Faixa 06 - De 50 M ate 75 M,MANUFATURA,MODALIDADE ASSINATURA (INTERA),ATIVO,0.0,8,2025-09,122337.87858167358,0.0,Manter Ativo
TFCAI9,2867.4511106580608,251.6008634699968,19,"Faixa 02 - De 7,5 M ate 15 M",CONSTRUCAO E PROJETOS,MODALIDADE ASSINATURA COMPLEMENTAR,ATIVO,8.0,8,2025-09,3010.823666190964,256.63288073939674,Manter Ativo
TFCAM4,38349.13392967544,0.0,8,Sem Informações de Faturamento,JURIDICO,MODALIDADE CORPORATIVO,ATIVO,8.0,8,2025-09,40266.59062615921,0.0,Manter Ativo
TFCANY,331402.9064858015,104667.47259217156,180,Faixa 11 - Acima de 850 M,SERVICOS,MODALIDADE TRADICIONAL,ATIVO,9.0,9,2025-09,347973.0518100916,106760.82204401499,Manter Ativo
TFCAO8,184965.28491508897,34654.07782670966,44,Faixa 07 - De 75 M ate 150 M,MANUFATURA,MODALIDADE ASSINATURA COMPLEMENTAR,ATIVO,10.0,9,2025-09,194213.54916084342,35347.15938324385,Manter Ativo
TFCAR4,126881.97073161567,0.0,205,Faixa 07 - De 75 M ate 150 M,SERVICOS,MODALIDADE ASSINATURA COMPLEMENTAR,ATIVO,9.0,9,2025-09,133226.06926819647,0.0,Manter Ativo
TFCAR6,47938.13258590038,6734.54587254852,4,"Faixa 02 - De 7,5 M ate 15 M",MANUFATURA,MODALIDADE ASSINATURA (INTERA),ATIVO,8.0,8,2025-09,50335.0392151954,6869.23678999949,Manter Ativo
TFCATG,18252.27428917503,724.4423324988757,312,"Faixa 00 - Ate 4,5 M",VAREJO,MODALIDADE TRADICIONAL,ATIVO,10.0,9,2025-09,19164.888003633783,738.9311791488532,Manter Ativo
TFCAW0,4590785.112587202,1969217.41759361,1275,Faixa 05 - De 35 M ate 50 M,DISTRIBUICAO,MODALIDADE TRADICIONAL,ATIVO,10.0,9,2025-09,4820324.368216563,2008601.7659454823,Manter Ativo
TFCAW6,4615.54952767488,0.0,4,"Faixa 00 - Ate 4,5 M",JURIDICO,MODALIDADE CORPORATIVO,ATIVO,9.0,9,2025-09,4846.327004058624,0.0,Manter Ativo
TFCAXX,5466.81382924917,0.0,3,Sem Informações de Faturamento,SERVICOS,MODALIDADE ASSINATURA (INTERA),ATIVO,10.0,9,2025-09,5740.154520711629,0.0,Manter Ativo
TFCAY0,80175.96772096568,89557.2285614976,24,"Faixa 00 - Ate 4,5 M",AGROINDUSTRIA,MODALIDADE ASSINATURA COMPLEMENTAR,ATIVO,10.0,9,2025-09,84184.76610701397,91348.37313272755,Manter Ativo
TFCAYV,4590.612245768374,0.0,14,"Faixa 01 - De 4,5 M ate 7,5 M",SERVICOS,MODALIDADE ASSINATURA (INTERA),CANCELADO,10.0,9,2025-09,4820.142858056793,0.0,Risco de Churn
TFCB06,629021.5174381738,0.0,135,Faixa 07 - De 75 M ate 150 M,LOGISTICA,MODALIDADE TRADICIONAL,ATIVO,7.0,8,2025-09,660472.5933100824,0.0,Manter Ativo
TFCB99,27734.36044481908,28924.762531835582,34,Faixa 06 - De 50 M ate 75 M,LOGISTICA,MODALIDADE CORPORATIVO,CANCELADO,10.0,9,2025-09,29121.078467060037,29503.257782472294,Risco de Churn
TFCBA1,63108.30680721142,113304.8356483058,81,Sem Informações de Faturamento,DISTRIBUICAO,MODALIDADE ASSINATURA COMPLEMENTAR,ATIVO,7.0,8,2025-09,66263.72214757199,115570.93236127192,Manter Ativo
TFCBC1,9673.517208607005,8886.933456495539,30,"Faixa 00 - Ate 4,5 M",HOSPITALITY,MODALIDADE ASSINATURA COMPLEMENTAR,ATIVO,10.0,9,2025-09,10157.193069037356,9064.67212562545,Manter Ativo
TFCBHL,7950.73442065981,3548.8375359947077,14,"Faixa 00 - Ate 4,5 M",DISTRIBUICAO,MODALIDADE TRADICIONAL,ATIVO,10.0,9,2025-09,8348.271141692801,3619.814286714602,Manter Ativo
TFCBHP,5611569.643029688,3536689.2836230462,405,Faixa 05 - De 35 M ate 50 M,MANUFATURA,MODALIDADE TRADICIONAL,ATIVO,10.0,9,2025-09,5892148.125181173,3607423.0692955074,Manter Ativo
TFCBI4,96799.07071806237,0.0,30,Faixa 07 - De 75 M ate 150 M,MANUFATURA,MODALIDADE CORPORATIVO,ATIVO,0.0,9,2025-09,101639.0242539655,0.0,Manter Ativo
TFCBLJ,60588.1783922909,0.0,155,"Faixa 00 - Ate 4,5 M",VAREJO,MODALIDADE TRADICIONAL,ATIVO,0.0,5,2025-09,63617.58731190545,0.0,Manter Ativo
TFCBQ1,1922.4239743497055,0.0,51,Sem Informações de Faturamento,VAREJO,MPN,GRATUITO,0.0,8,2025-09,2018.545173067191,0.0,Risco de Churn
TFCBQI,80611.82365287158,12838.916710216385,32,Sem Informações de Faturamento,HOSPITALITY,MODALIDADE ASSINATURA COMPLEMENTAR,ATIVO,0.0,8,2025-09,84642.41483551516,13095.695044420712,Manter Ativo
TFCBRV,28249.92151242078,21033.95830181286,20,"Faixa 00 - Ate 4,5 M",DISTRIBUICAO,MODALIDADE TRADICIONAL,ATIVO,9.0,9,2025-09,29662.41758804182,21454.63746784912,Manter Ativo
TFCBSI,188279.29497851152,0.0,120,Faixa 07 - De 75 M ate 150 M,VAREJO,MODALIDADE ASSINATURA (INTERA),CANCELADO,0.0,9,2025-09,197693.2597274371,0.0,Risco de Churn
TFCBUA,1081.9215476373006,0.0,18,Sem Informações de Faturamento,MANUFATURA,MPN,GRATUITO,0.0,9,2025-09,1136.0176250191657,0.0,Risco de Churn
TFCBUC,42879.34515278149,34767.77114922516,30,"Faixa 00 - Ate 4,5 M",VAREJO,MODALIDADE TRADICIONAL,ATIVO,0.0,8,2025-09,45023.31241042056,35463.126572209665,Manter Ativo
TFCBVS,75950.11577129687,0.0,16,Faixa 05 - De 35 M ate 50 M,VAREJO,MODALIDADE ASSINATURA COMPLEMENTAR,ATIVO,8.0,8,2025-09,79747.62155986171,0.0,Manter Ativo
TFCC21,6984.910801952347,4518.457237905406,28,Sem Informações de Faturamento,DISTRIBUICAO,MODALIDADE TRADICIONAL,ATIVO,8.0,8,2025-09,7334.156342049965,4608.826382663515,Manter Ativo
TFCCCS,51389.02865293735,33255.10135638391,60,Sem Informações de Faturamento,DISTRIBUICAO,MODALIDADE TRADICIONAL,ATIVO,0.0,9,2025-09,53958.48008558422,33920.20338351159,Manter Ativo
TFCCFA,941872.3851774652,0.0,399,Faixa 08 - De 150 M ate 300 M,DISTRIBUICAO,MODALIDADE TRADICIONAL,ATIVO,10.0,9,2025-09,988966.0044363384,0.0,Manter Ativo
TFCCWQ,1902391.9718206779,0.0,242,Faixa 06 - De 50 M ate 75 M,SERVICOS,MODALIDADE ASSINATURA COMPLEMENTAR,ATIVO,9.0,9,2025-09,1997511.570411712,0.0,Manter Ativo
TFCD46,11192.934192523706,10516.588192171199,6,Sem Informações de Faturamento,SERVICOS,MODALIDADE TRADICIONAL,ATIVO,0.0,9,2025-09,11752.580902149892,10726.919956014623,Manter Ativo
TFCD80,2412.719859170187,883.0622787052259,30,"Faixa 00 - Ate 4,5 M",MANUFATURA,MODALIDADE SERVICOS RECORRENTES,ATIVO,9.0,9,2025-09,2533.355852128697,900.7235242793305,Manter Ativo
TFCDA6,4730.314833819088,0.0,8,"Faixa 00 - Ate 4,5 M",VAREJO,MODALIDADE ASSINATURA COMPLEMENTAR,ATIVO,7.0,8,2025-09,4966.830575510042,0.0,Manter Ativo
TFCDFH,17971.490247856975,8386.695448999924,19,"Faixa 00 - Ate 4,5 M",DISTRIBUICAO,MODALIDADE TRADICIONAL,ATIVO,7.0,9,2025-09,18870.064760249825,8554.429357979923,Manter Ativo
TFCDG4,123369.6352891466,0.0,62,Faixa 04 - De 25 M ate 35 M,MANUFATURA,MODALIDADE TRADICIONAL,ATIVO,9.0,9,2025-09,129538.11705360393,0.0,Manter Ativo
TFCDH3,141.249607562104,0.0,8,"Faixa 00 - Ate 4,5 M",SERVICOS,MPN,GRATUITO,0.0,9,2025-09,148.31208794020918,0.0,Risco de Churn
TFCDJG,1099.72908744781,0.0,20,"Faixa 01 - De 4,5 M ate 7,5 M",HOSPITALITY,MODALIDADE ASSINATURA COMPLEMENTAR,CANCELADO,9.0,9,2025-09,1154.7155418202005,0.0,Risco de Churn
TFCDJL,3501.98134177188,0.0,30,"Faixa 01 - De 4,5 M ate 7,5 M",HOSPITALITY,MODALIDADE ASSINATURA COMPLEMENTAR,CANCELADO,0.0,9,2025-09,3677.080408860474,0.0,Risco de Churn
TFCDJM,3922.7033871532803,0.0,30,"Faixa 02 - De 7,5 M ate 15 M",SERVICOS,MODALIDADE ASSINATURA COMPLEMENTAR,CANCELADO,10.0,9,2025-09,4118.838556510945,0.0,Risco de Churn
TFCDJX,131243.5862549812,114341.05285863885,120,Sem Informações de Faturamento,VAREJO,MODALIDADE TRADICIONAL,ATIVO,3.0,5,2025-09,137805.76556773027,116627.87391581164,Manter Ativo
TFCDOF,8092.761741834971,0.0,51,Sem Informações de Faturamento,SERVICOS,MPN,GRATUITO,0.0,8,2025-09,8497.39982892672,0.0,Risco de Churn
TFCDQN,207734.38534551067,177416.7713635345,240,"Faixa 01 - De 4,5 M ate 7,5 M",MANUFATURA,MODALIDADE ASSINATURA COMPLEMENTAR,ATIVO,8.0,8,2025-09,218121.1046127862,180965.1067908052,Manter Ativo
TFCDQO,120.2135052930334,0.0,2,Sem Informações de Faturamento,VAREJO,MODALIDADE ASSINATURA COMPLEMENTAR,ATIVO,0.0,9,2025-09,126.22418055768509,0.0,Manter Ativo
TFCDQP,97.1259206284182,0.0,2,Sem Informações de Faturamento,VAREJO,MODALIDADE ASSINATURA COMPLEMENTAR,ATIVO,0.0,9,2025-09,101.98221665983911,0.0,Manter Ativo
TFCDQR,97.1259206284182,0.0,2,Sem Informações de Faturamento,VAREJO,MODALIDADE ASSINATURA COMPLEMENTAR,ATIVO,0.0,9,2025-09,101.98221665983911,0.0,Manter Ativo
TFCDR6,19176.601631803795,0.0,18,Sem Informações de Faturamento,LOGISTICA,MODALIDADE TRADICIONAL,ATIVO,10.0,9,2025-09,20135.431713393984,0.0,Manter Ativo
TFCDRK,121095.01634836986,110847.5128624621,133,Sem Informações de Faturamento,DISTRIBUICAO,MODALIDADE TRADICIONAL,ATIVO,10.0,9,2025-09,127149.76716578835,113064.46311971135,Manter Ativo
TFCDUN,278003.8202478232,101503.43093649198,108,Faixa 05 - De 35 M ate 50 M,SERVICOS,MODALIDADE ASSINATURA COMPLEMENTAR,ATIVO,6.0,9,2025-09,291904.0112602144,103533.49955522182,Manter Ativo
TFCDUY,92405.08969682106,0.0,36,"Faixa 01 - De 4,5 M ate 7,5 M",MANUFATURA,MODALIDADE CORPORATIVO,ATIVO,8.0,8,2025-09,97025.34418166212,0.0,Manter Ativo
TFCDV0,135175.20181975458,72787.60431969937,128,"Faixa 00 - Ate 4,5 M",VAREJO,MODALIDADE TRADICIONAL,ATIVO,10.0,9,2025-09,141933.9619107423,74243.35640609336,Manter Ativo
TFCDW5,462173.38222488214,274973.25947128964,12,Faixa 04 - De 25 M ate 35 M,LOGISTICA,MODALIDADE TRADICIONAL,ATIVO,9.0,9,2025-09,485282.0513361263,280472.72466071544,Manter Ativo
TFCDWF,142841.72605534145,0.0,21,Faixa 08 - De 150 M ate 300 M,SERVICOS,MODALIDADE CORPORATIVO,ATIVO,8.0,8,2025-09,149983.81235810852,0.0,Manter Ativo
TFCDWZ,246841.634505202,0.0,11,Faixa 08 - De 150 M ate 300 M,VAREJO,MODALIDADE ASSINATURA (INTERA),TROCADO,10.0,9,2025-09,259183.7162304621,0.0,Risco de Churn
TFCDYY,42345.8840605073,0.0,26,Faixa 10 - De 500 M ate 850 M,MANUFATURA,MODALIDADE TRADICIONAL,TROCADO,7.0,8,2025-09,44463.17826353267,0.0,Risco de Churn
TFCDZI,74912.2842797345,0.0,16,Faixa 05 - De 35 M ate 50 M,SERVICOS,MODALIDADE CORPORATIVO,ATIVO,10.0,9,2025-09,78657.89849372122,0.0,Manter Ativo
TFCEAC,9590.865168896331,0.0,22,Faixa 04 - De 25 M ate 35 M,MANUFATURA,MODALIDADE ASSINATURA COMPLEMENTAR,ATIVO,8.0,8,2025-09,10070.408427341148,0.0,Manter Ativo
TFCEE4,556.0946603431612,0.0,18,"Faixa 01 - De 4,5 M ate 7,5 M",DISTRIBUICAO,MODALIDADE TRADICIONAL,ATIVO,8.0,8,2025-09,583.8993933603193,0.0,Manter Ativo
TFCEGK,73966.87038854847,73310.43806054763,12,Sem Informações de Faturamento,MANUFATURA,MODALIDADE TRADICIONAL,ATIVO,0.0,9,2025-09,77665.21390797589,74776.6468217586,Manter Ativo
TFCEIR,243664.45159139027,91792.74322103776,85,"Faixa 02 - De 7,5 M ate 15 M",SERVICOS,MODALIDADE ASSINATURA (INTERA),ATIVO,8.0,8,2025-09,255847.6741709598,93628.59808545852,Manter Ativo
TFCEK4,5485.075385655404,0.0,14,Faixa 03 - De 15 M ate 25 M,MANUFATURA,MODALIDADE ASSINATURA (INTERA),ATIVO,7.0,8,2025-09,5759.329154938174,0.0,Manter Ativo
TFCEK7,11671.52653843194,5903.39282462236,15,Faixa 06 - De 50 M ate 75 M,EDUCACIONAL,MODALIDADE CORPORATIVO,GRATUITO,5.0,5,2025-09,12255.102865353536,6021.460681114808,Risco de Churn
TFCEMY,70528.20334259451,0.0,185,Faixa 06 - De 50 M ate 75 M,LOGISTICA,MODALIDADE SERVICOS RECORRENTES,ATIVO,10.0,9,2025-09,74054.61350972424,0.0,Manter Ativo
TFCES4,126879.93186079212,30034.845719980636,56,"Faixa 00 - Ate 4,5 M",MANUFATURA,MODALIDADE TRADICIONAL,ATIVO,10.0,9,2025-09,133223.92845383173,30635.54263438025,Manter Ativo
TFCEVV,1514.6371980893853,0.0,42,"Faixa 00 - Ate 4,5 M",VAREJO,MODALIDADE ASSINATURA COMPLEMENTAR,CANCELADO,8.0,8,2025-09,1590.3690579938545,0.0,Risco de Churn
TFCEX9,4356335.049718125,448131.19542024593,65,Sem Informações de Faturamento,VAREJO,MODALIDADE TRADICIONAL,GRATUITO,9.0,9,2025-09,4574151.8022040315,457093.81932865083,Risco de Churn
TFCEZ4,5217.01221673263,0.0,1,Faixa 11 - Acima de 850 M,EDUCACIONAL,MODALIDADE TRADICIONAL,ATIVO,0.0,9,2025-09,5477.862827569262,0.0,Manter Ativo
TFCF61,145663.65779841974,162473.24390835737,42,Sem Informações de Faturamento,DISTRIBUICAO,MODALIDADE TRADICIONAL,ATIVO,9.0,9,2025-09,152946.84068834072,165722.7087865245,Manter Ativo
TFCF92,149410.42975472545,0.0,60,"Faixa 00 - Ate 4,5 M",MANUFATURA,MODALIDADE ASSINATURA (INTERA),CANCELADO,8.0,8,2025-09,156880.95124246174,0.0,Risco de Churn
TFCFCE,984726.1666735935,173775.16730700165,78,Faixa 08 - De 150 M ate 300 M,MANUFATURA,MODALIDADE TRADICIONAL,TROCADO,6.0,5,2025-09,1033962.4750072731,177250.6706531417,Risco de Churn
TFCFEA,2522865.971042385,338685.4672048319,744,Faixa 03 - De 15 M ate 25 M,DISTRIBUICAO,MODALIDADE ASSINATURA COMPLEMENTAR,ATIVO,0.0,9,2025-09,2649009.269594504,345459.17654892855,Manter Ativo
TFCFM0,88722.4097499465,0.0,14,Sem Informações de Faturamento,AGROINDUSTRIA,MODALIDADE TRADICIONAL,ATIVO,10.0,9,2025-09,93158.53023744383,0.0,Manter Ativo
TFCFPA,277593.31357584544,0.0,108,"Faixa 00 - Ate 4,5 M",VAREJO,MODALIDADE ASSINATURA (INTERA),ATIVO,8.0,8,2025-09,291472.9792546377,0.0,Manter Ativo
TFCFT0,181025.68622517394,336435.18859821546,45,Faixa 07 - De 75 M ate 150 M,MANUFATURA,MODALIDADE CORPORATIVO,ATIVO,10.0,9,2025-09,190076.97053643264,343163.89237017976,Manter Ativo
TFCFTM,356985.3880134153,0.0,80,Faixa 08 - De 150 M ate 300 M,LOGISTICA,MODALIDADE ASSINATURA COMPLEMENTAR,ATIVO,8.0,8,2025-09,374834.65741408605,0.0,Manter Ativo
TFCFUL,79957.97249329476,101026.56217210469,192,"Faixa 00 - Ate 4,5 M",DISTRIBUICAO,MODALIDADE TRADICIONAL,ATIVO,0.0,9,2025-09,83955.8711179595,103047.09341554678,Manter Ativo
TFCFV6,29289.4471585026,60828.899672892854,174,Faixa 07 - De 75 M ate 150 M,DISTRIBUICAO,MODALIDADE ASSINATURA COMPLEMENTAR,ATIVO,10.0,9,2025-09,30753.919516427733,62045.477666350715,Manter Ativo
TFCFVQ,10337.957884893554,0.0,40,"Faixa 00 - Ate 4,5 M",VAREJO,MODALIDADE ASSINATURA COMPLEMENTAR,ATIVO,9.0,9,2025-09,10854.855779138232,0.0,Manter Ativo
TFCFXL,92436.00486390467,1286.380354583446,306,Sem Informações de Faturamento,HOSPITALITY,MODALIDADE ASSINATURA COMPLEMENTAR,ATIVO,7.0,8,2025-09,97057.8051070999,1312.107961675115,Manter Ativo
TFCGCT,3439.0916355477957,0.0,8,"Faixa 00 - Ate 4,5 M",VAREJO,MODALIDADE CORPORATIVO,ATIVO,9.0,9,2025-09,3611.046217325186,0.0,Manter Ativo
TFCGDQ,706.866004843605,0.0,3,Faixa 06 - De 50 M ate 75 M,MANUFATURA,MODALIDADE ASSINATURA (INTERA),ATIVO,8.0,8,2025-09,742.2093050857852,0.0,Manter Ativo
TFCGND,11051.465984378476,199047.55549972795,74,Faixa 03 - De 15 M ate 25 M,MANUFATURA,MODALIDADE ASSINATURA (INTERA),CANCELADO,2.0,5,2025-09,11604.0392835974,203028.5066097225,Risco de Churn
TFCGOG,679531.6834659167,87940.79495724382,208,"Faixa 01 - De 4,5 M ate 7,5 M",MANUFATURA,MODALIDADE ASSINATURA COMPLEMENTAR,ATIVO,0.0,8,2025-09,713508.2676392125,89699.6108563887,Manter Ativo
TFCGOJ,3029.2743961787705,0.0,42,Faixa 06 - De 50 M ate 75 M,VAREJO,MODALIDADE ASSINATURA (INTERA),ATIVO,8.0,8,2025-09,3180.738115987709,0.0,Manter Ativo
TFCGOX,6683.225181800946,6004.873941483944,28,Sem Informações de Faturamento,SERVICOS,MODALIDADE ASSINATURA COMPLEMENTAR,ATIVO,0.0,8,2025-09,7017.386440890994,6124.971420313623,Manter Ativo
TFCGWX,4244969.327357921,273304.20198050415,276,Sem Informações de Faturamento,CONSTRUCAO E PROJETOS,MODALIDADE ASSINATURA COMPLEMENTAR,ATIVO,10.0,9,2025-09,4457217.793725817,278770.28602011426,Manter Ativo
TFCH51,7998.057243050476,0.0,32,Sem Informações de Faturamento,SERVICOS,MODALIDADE ASSINATURA COMPLEMENTAR,ATIVO,7.0,8,2025-09,8397.960105203001,0.0,Manter Ativo
TFCH84,4190393.5772388033,0.0,630,Sem Informações de Faturamento,MANUFATURA,MODALIDADE ASSINATURA COMPLEMENTAR,ATIVO,9.0,9,2025-09,4399913.256100744,0.0,Manter Ativo
TFCHC3,690879.1640668564,0.0,260,Faixa 08 - De 150 M ate 300 M,MANUFATURA,MODALIDADE SERVICOS NÃO RECORRENTES,ATIVO,8.0,8,2025-09,725423.1222701992,0.0,Manter Ativo
TFCHGI,65215.80560218378,1818.7988902304849,150,Sem Informações de Faturamento,VAREJO,MODALIDADE TRADICIONAL,ATIVO,8.0,8,2025-09,68476.59588229297,1855.1748680350945,Manter Ativo
TFCHIL,101967.99080650591,399740.3242112496,48,"Faixa 02 - De 7,5 M ate 15 M",MANUFATURA,MODALIDADE TRADICIONAL,ATIVO,9.0,9,2025-09,107066.39034683122,407735.13069547457,Manter Ativo
TFCHSS,18123.753961723032,0.0,40,"Faixa 01 - De 4,5 M ate 7,5 M",HOSPITALITY,MODALIDADE ASSINATURA COMPLEMENTAR,ATIVO,8.0,8,2025-09,19029.941659809185,0.0,Manter Ativo
TFCHUW,136204.97872060016,32971.1391988956,27,Faixa 08 - De 150 M ate 300 M,VAREJO,MODALIDADE ASSINATURA (INTERA),ATIVO,10.0,9,2025-09,143015.2276566302,33630.561982873514,Manter Ativo
TFCHVA,1759.734694211208,0.0,13,Sem Informações de Faturamento,MANUFATURA,MODALIDADE TRADICIONAL,ATIVO,10.0,9,2025-09,1847.7214289217686,0.0,Manter Ativo
TFCHXY,26441.947554912706,10705.375018849749,46,"Faixa 00 - Ate 4,5 M",VAREJO,MODALIDADE TRADICIONAL,ATIVO,9.0,9,2025-09,27764.04493265834,10919.482519226744,Manter Ativo
TFCI94,3291.28401049174,580.8259532386351,5,"Faixa 00 - Ate 4,5 M",JURIDICO,MODALIDADE CORPORATIVO,ATIVO,8.0,9,2025-09,3455.8482110163272,592.4424723034077,Manter Ativo
TFCI97,1557786.3047694676,34852.83620306499,300,Sem Informações de Faturamento,MANUFATURA,MODALIDADE TRADICIONAL,ATIVO,0.0,9,2025-09,1635675.620007941,35549.89292712629,Manter Ativo
TFCIAC,540.9607738186503,0.0,9,"Faixa 00 - Ate 4,5 M",SERVICOS,MPN,GRATUITO,0.0,9,2025-09,568.0088125095829,0.0,Risco de Churn
TFCIT0,9376.199396260881,0.0,45,Sem Informações de Faturamento,MANUFATURA,MODALIDADE ASSINATURA COMPLEMENTAR,CANCELADO,9.0,9,2025-09,9845.009366073926,0.0,Risco de Churn
TFCJ06,5243.736138020498,0.0,78,Sem Informações de Faturamento,SERVICOS,MPN,GRATUITO,0.0,8,2025-09,5505.922944921524,0.0,Risco de Churn
TFCJBF,1514.6371980893853,0.0,42,Sem Informações de Faturamento,HOSPITALITY,MODALIDADE ASSINATURA COMPLEMENTAR,ATIVO,0.0,8,2025-09,1590.3690579938545,0.0,Manter Ativo
TFCJDN,383832.08715956955,0.0,48,Faixa 09 - De 300 M ate 500 M,MANUFATURA,MODALIDADE ASSINATURA (INTERA),ATIVO,9.0,9,2025-09,403023.69151754805,0.0,Manter Ativo
TFCJH3,18587.540321981425,21107.937783773537,24,Sem Informações de Faturamento,VAREJO,MODALIDADE TRADICIONAL,ATIVO,9.0,9,2025-09,19516.917338080497,21530.09653944901,Manter Ativo
TFCJMB,156657.30392855965,6871.8144271831925,258,"Faixa 00 - Ate 4,5 M",VAREJO,MODALIDADE ASSINATURA COMPLEMENTAR,ATIVO,9.0,9,2025-09,164490.16912498765,7009.2507157268565,Manter Ativo
TFCJNS,38150.42599960852,2247.2139945951803,60,"Faixa 00 - Ate 4,5 M",VAREJO,MODALIDADE TRADICIONAL,ATIVO,9.0,9,2025-09,40057.947299588945,2292.158274487084,Manter Ativo
TFCJNX,1023856.3436713688,81841.71257214491,351,Faixa 10 - De 500 M ate 850 M,SAUDE,MODALIDADE ASSINATURA COMPLEMENTAR,ATIVO,7.0,8,2025-09,1075049.1608549373,83478.5468235878,Manter Ativo
TFCJON,841.4440907628191,0.0,20,Sem Informações de Faturamento,VAREJO,MODALIDADE ASSINATURA COMPLEMENTAR,ATIVO,8.0,8,2025-09,883.5162953009601,0.0,Manter Ativo
TFCJRT,144266.3460556116,0.0,72,Faixa 06 - De 50 M ate 75 M,SERVICOS,MODALIDADE ASSINATURA (INTERA),ATIVO,8.0,9,2025-09,151479.66335839216,0.0,Manter Ativo
TFCJRW,122981.80842766928,4851.293441153082,135,"Faixa 02 - De 7,5 M ate 15 M",SERVICOS,MODALIDADE ASSINATURA COMPLEMENTAR,ATIVO,9.0,9,2025-09,129130.89884905276,4948.319309976144,Manter Ativo
TFCJSA,235460.88457705174,85810.58692476997,222,Sem Informações de Faturamento,VAREJO,MODALIDADE TRADICIONAL,ATIVO,0.0,8,2025-09,247233.92880590435,87526.79866326538,Manter Ativo
TFCJST,21706.53344210632,0.0,30,"Faixa 02 - De 7,5 M ate 15 M",LOGISTICA,MODALIDADE CORPORATIVO,ATIVO,8.0,8,2025-09,22791.86011421164,0.0,Manter Ativo
TFCJTV,190918.854981255,21411.422654878403,10,Faixa 06 - De 50 M ate 75 M,SERVICOS,MODALIDADE SERVICOS RECORRENTES,ATIVO,0.0,9,2025-09,200464.79773031775,21839.65110797597,Manter Ativo
TFCJUX,748921.1207015441,118797.30141521394,684,"Faixa 00 - Ate 4,5 M",AGROINDUSTRIA,MODALIDADE ASSINATURA COMPLEMENTAR,ATIVO,9.0,9,2025-09,786367.1767366213,121173.24744351822,Manter Ativo
TFCJWR,50146.763577572834,25608.301619567344,20,Sem Informações de Faturamento,DISTRIBUICAO,MODALIDADE TRADICIONAL,ATIVO,10.0,9,2025-09,52654.10175645148,26120.46765195869,Manter Ativo
TFCKA4,269127.41745403374,3629.862682903998,270,Faixa 11 - Acima de 850 M,AGROINDUSTRIA,MODALIDADE ASSINATURA COMPLEMENTAR,ATIVO,0.0,9,2025-09,282583.78832673543,3702.459936562078,Manter Ativo
TFCKB6,1837.8423641071597,0.0,40,Faixa 04 - De 25 M ate 35 M,MANUFATURA,MODALIDADE ASSINATURA (INTERA),ATIVO,8.0,8,2025-09,1929.7344823125177,0.0,Manter Ativo
TFCKDR,96.1506257190608,0.0,8,Faixa 03 - De 15 M ate 25 M,VAREJO,MODALIDADE ASSINATURA COMPLEMENTAR,CANCELADO,0.0,9,2025-09,100.95815700501385,0.0,Risco de Churn
TFCKET,1021.814794990784,0.0,17,Sem Informações de Faturamento,MANUFATURA,MPN,ATIVO,0.0,8,2025-09,1072.9055347403232,0.0,Manter Ativo
TFCKKV,13984.417396686104,0.0,16,"Faixa 02 - De 7,5 M ate 15 M",EDUCACIONAL,MODALIDADE CORPORATIVO,ATIVO,0.0,9,2025-09,14683.63826652041,0.0,Manter Ativo
TFCKLP,5308.6142687796,2807.302319437872,4,Sem Informações de Faturamento,JURIDICO,MODALIDADE CORPORATIVO,ATIVO,10.0,9,2025-09,5574.04498221858,2863.4483658266295,Manter Ativo
TFCKMG,5296.860283578894,2111.706856197666,18,Sem Informações de Faturamento,VAREJO,MODALIDADE ASSINATURA COMPLEMENTAR,ATIVO,9.0,9,2025-09,5561.703297757839,2153.9409933216198,Manter Ativo
TFCKNR,8167.3213561124,0.0,4,"Faixa 02 - De 7,5 M ate 15 M",SERVICOS,MODALIDADE ASSINATURA (INTERA),ATIVO,0.0,9,2025-09,8575.687423918022,0.0,Manter Ativo
TFCKO6,23640.391908496753,2632.6656766597507,6,"Faixa 02 - De 7,5 M ate 15 M",SAUDE,MODALIDADE TRADICIONAL,ATIVO,9.0,9,2025-09,24822.41150392159,2685.318990192946,Manter Ativo
TFCKON,157456.37313705403,0.0,38,Faixa 08 - De 150 M ate 300 M,MANUFATURA,MODALIDADE ASSINATURA (INTERA),ATIVO,8.0,8,2025-09,165329.19179390674,0.0,Manter Ativo
TFCKOR,2309.052736477279,0.0,17,"Faixa 01 - De 4,5 M ate 7,5 M",EDUCACIONAL,MODALIDADE ASSINATURA (INTERA),ATIVO,0.0,9,2025-09,2424.5053733011428,0.0,Manter Ativo
TFCKQG,2354.160126035067,0.0,7,Sem Informações de Faturamento,EDUCACIONAL,MPN,GRATUITO,0.0,9,2025-09,2471.8681323368205,0.0,Risco de Churn
TFCKR0,7728.371385183689,5113.23579374817,30,"Faixa 02 - De 7,5 M ate 15 M",MANUFATURA,MODALIDADE TRADICIONAL,ATIVO,10.0,9,2025-09,8114.789954442874,5215.500509623133,Manter Ativo
TFCKTT,2616.648980087974,0.0,13,"Faixa 00 - Ate 4,5 M",SERVICOS,MPN,GRATUITO,0.0,9,2025-09,2747.4814290923728,0.0,Risco de Churn
TFCKV3,209701.45008125005,129401.6409260831,261,"Faixa 00 - Ate 4,5 M",DISTRIBUICAO,MODALIDADE TRADICIONAL,ATIVO,8.0,8,2025-09,220186.52258531257,131989.67374460478,Manter Ativo
TFCKY0,50101.06764798354,31519.513618894038,50,Sem Informações de Faturamento,MANUFATURA,MODALIDADE TRADICIONAL,ATIVO,0.0,9,2025-09,52606.12103038272,32149.90389127192,Manter Ativo
TFCL03,155300.19367376092,118697.27483300157,312,Sem Informações de Faturamento,HOSPITALITY,MODALIDADE ASSINATURA COMPLEMENTAR,ATIVO,5.0,5,2025-09,163065.20335744898,121071.2203296616,Manter Ativo
TFCLCL,140282.66151347914,0.0,78,Sem Informações de Faturamento,HOSPITALITY,MODALIDADE ASSINATURA COMPLEMENTAR,ATIVO,7.0,8,2025-09,147296.7945891531,0.0,Manter Ativo
TFCLCO,205329.9050467815,3795.2003931842837,56,Faixa 06 - De 50 M ate 75 M,MANUFATURA,MODALIDADE CORPORATIVO,ATIVO,0.0,9,2025-09,215596.40029912058,3871.1044010479695,Manter Ativo
TFCLE7,464771.7486292777,55919.14739118136,115,Faixa 08 - De 150 M ate 300 M,AGROINDUSTRIA,MODALIDADE ASSINATURA COMPLEMENTAR,ATIVO,9.0,9,2025-09,488010.33606074157,57037.53033900499,Manter Ativo
TFCLEK,1039402.788350254,45860.615701676,425,"Faixa 02 - De 7,5 M ate 15 M",SERVICOS,MODALIDADE ASSINATURA (INTERA),ATIVO,8.0,8,2025-09,1091372.9277677666,46777.82801570952,Manter Ativo
TFCLHN,82336.51078820649,0.0,39,Sem Informações de Faturamento,SERVICOS,MODALIDADE TRADICIONAL,PENDENTE,0.0,9,2025-09,86453.33632761682,0.0,Risco de Churn
TFCLIZ,8536.478887018906,5738.0971529157605,20,"Faixa 00 - Ate 4,5 M",DISTRIBUICAO,MODALIDADE TRADICIONAL,ATIVO,10.0,9,2025-09,8963.302831369852,5852.859095974076,Manter Ativo
TFCLKI,13064.74792802104,0.0,41,"Faixa 02 - De 7,5 M ate 15 M",LOGISTICA,MODALIDADE ASSINATURA COMPLEMENTAR,ATIVO,8.0,9,2025-09,13717.985324422092,0.0,Manter Ativo
TFCLL0,33209.79638552986,23174.58769670178,205,"Faixa 00 - Ate 4,5 M",VAREJO,MODALIDADE ASSINATURA COMPLEMENTAR,ATIVO,0.0,9,2025-09,34870.286204806354,23638.079450635814,Manter Ativo
TFCLMW,22912.262793086204,0.0,30,"Faixa 02 - De 7,5 M ate 15 M",DISTRIBUICAO,MODALIDADE ASSINATURA (INTERA),ATIVO,3.0,5,2025-09,24057.875932740513,0.0,Manter Ativo
TFCLYM,500872.81097745406,842146.6436100028,324,"Faixa 01 - De 4,5 M ate 7,5 M",MANUFATURA,MODALIDADE ASSINATURA COMPLEMENTAR,ATIVO,0.0,8,2025-09,525916.4515263268,858989.5764822029,Manter Ativo
TFCLZ6,108607.57994882792,0.0,288,Faixa 06 - De 50 M ate 75 M,SERVICOS,MODALIDADE ASSINATURA COMPLEMENTAR,ATIVO,10.0,9,2025-09,114037.95894626931,0.0,Manter Ativo
TFCMDJ,1932.933617769506,0.0,40,Sem Informações de Faturamento,HOSPITALITY,MODALIDADE ASSINATURA COMPLEMENTAR,ATIVO,8.0,8,2025-09,2029.5802986579815,0.0,Manter Ativo
TFCME1,136867.3721183484,0.0,96,Faixa 03 - De 15 M ate 25 M,SERVICOS,MODALIDADE SERVICOS NÃO RECORRENTES,ATIVO,10.0,9,2025-09,143710.74072426584,0.0,Manter Ativo
TFCMHF,29801.07761946525,0.0,21,"Faixa 02 - De 7,5 M ate 15 M",SERVICOS,MODALIDADE CORPORATIVO,ATIVO,0.0,9,2025-09,31291.131500438514,0.0,Manter Ativo
TFCMI4,4922.53200810984,3723.373286196004,4,"Faixa 00 - Ate 4,5 M",JURIDICO,MODALIDADE CORPORATIVO,ATIVO,0.0,9,2025-09,5168.658608515332,3797.840751919924,Manter Ativo
TFCMM7,10610.535996629465,2774.545862827042,60,Sem Informações de Faturamento,SERVICOS,MODALIDADE ASSINATURA COMPLEMENTAR,ATIVO,0.0,8,2025-09,11141.06279646094,2830.036780083583,Manter Ativo
TFCMNJ,1021.814794990784,0.0,17,"Faixa 01 - De 4,5 M ate 7,5 M",MANUFATURA,MODALIDADE ASSINATURA COMPLEMENTAR,ATIVO,8.0,8,2025-09,1072.9055347403232,0.0,Manter Ativo
TFCMPK,409354.7646122661,125638.28895631817,209,Sem Informações de Faturamento,DISTRIBUICAO,MODALIDADE TRADICIONAL,ATIVO,10.0,9,2025-09,429822.50284287945,128151.05473544453,Manter Ativo
TFCMRP,98687.74192160506,4731.021081856905,153,Sem Informações de Faturamento,SERVICOS,MODALIDADE ASSINATURA COMPLEMENTAR,ATIVO,0.0,8,2025-09,103622.12901768532,4825.641503494043,Manter Ativo
TFCMVL,648732.2065369993,20884.25894094123,330,Faixa 07 - De 75 M ate 150 M,MANUFATURA,MODALIDADE ASSINATURA (INTERA),ATIVO,9.0,8,2025-09,681168.8168638493,21301.944119760054,Manter Ativo
TFCMVY,4733481.788747926,2666969.3293439834,1457,"Faixa 01 - De 4,5 M ate 7,5 M",SERVICOS,MODALIDADE ASSINATURA COMPLEMENTAR,ATIVO,10.0,9,2025-09,4970155.8781853225,2720308.7159308633,Manter Ativo
TFCMWB,25410415.610877663,4464678.862840259,1974,Faixa 11 - Acima de 850 M,MANUFATURA,MODALIDADE ASSINATURA COMPLEMENTAR,ATIVO,0.0,9,2025-09,26680936.39142155,4553972.440097065,Manter Ativo
TFCMWK,72370.17809849443,9105.067411459515,98,Sem Informações de Faturamento,VAREJO,MODALIDADE TRADICIONAL,ATIVO,10.0,9,2025-09,75988.68700341915,9287.168759688706,Manter Ativo
TFCMYS,9071.209544218298,6957.63617534928,20,Sem Informações de Faturamento,DISTRIBUICAO,MODALIDADE TRADICIONAL,ATIVO,10.0,9,2025-09,9524.770021429213,7096.788898856266,Manter Ativo
TFCN04,179653.55979185706,0.0,57,Sem Informações de Faturamento,EDUCACIONAL,MODALIDADE ASSINATURA COMPLEMENTAR,ATIVO,4.0,5,2025-09,188636.23778144992,0.0,Manter Ativo
TFCN09,48228.7368380299,23304.57096651784,32,Sem Informações de Faturamento,JURIDICO,MODALIDADE CORPORATIVO,ATIVO,7.0,8,2025-09,50640.173679931395,23770.662385848198,Manter Ativo
TFCNAM,1261.157210375928,0.0,30,"Faixa 00 - Ate 4,5 M",HOSPITALITY,MODALIDADE ASSINATURA COMPLEMENTAR,ATIVO,10.0,9,2025-09,1324.2150708947242,0.0,Manter Ativo
TFCNAQ,188945.62739061378,76197.10079937681,20,Sem Informações de Faturamento,SERVICOS,MODALIDADE TRADICIONAL,ATIVO,0.0,8,2025-09,198392.90876014446,77721.04281536436,Manter Ativo
TFCNEE,20577.276460506233,4699.57622874484,16,Sem Informações de Faturamento,VAREJO,MODALIDADE ASSINATURA COMPLEMENTAR,ATIVO,8.0,8,2025-09,21606.140283531546,4793.567753319737,Manter Ativo
TFCNJV,132429.24218702945,0.0,32,Sem Informações de Faturamento,MANUFATURA,MODALIDADE TRADICIONAL,ATIVO,10.0,9,2025-09,139050.70429638092,0.0,Manter Ativo
TFCNNH,3632.1327658826704,0.0,63,Sem Informações de Faturamento,HOSPITALITY,MODALIDADE ASSINATURA COMPLEMENTAR,ATIVO,0.0,8,2025-09,3813.739404176804,0.0,Manter Ativo
TFCNNT,1041762.0645707042,62341.82590103334,897,"Faixa 00 - Ate 4,5 M",LOGISTICA,MODALIDADE ASSINATURA COMPLEMENTAR,ATIVO,0.0,9,2025-09,1093850.1677992395,63588.66241905401,Manter Ativo
TFCNRP,8535254.723753363,4869395.7134036515,252,Faixa 08 - De 150 M ate 300 M,SERVICOS,MODALIDADE TRADICIONAL,CANCELADO,0.0,9,2025-09,8962017.459941031,4966783.627671724,Risco de Churn
TFCNRR,564.9984302484156,0.0,12,"Faixa 02 - De 7,5 M ate 15 M",SERVICOS,MODALIDADE ASSINATURA COMPLEMENTAR,ATIVO,8.0,8,2025-09,593.2483517608364,0.0,Manter Ativo
TFCNSQ,10370.4116637739,0.0,20,Sem Informações de Faturamento,MANUFATURA,MODALIDADE ASSINATURA COMPLEMENTAR,CANCELADO,5.0,5,2025-09,10888.932246962597,0.0,Risco de Churn
TFCNTF,1081.8837129209896,0.0,30,Sem Informações de Faturamento,HOSPITALITY,MODALIDADE ASSINATURA COMPLEMENTAR,ATIVO,9.0,9,2025-09,1135.9778985670391,0.0,Manter Ativo
TFCNV6,249853.49652416294,2082.5741246379735,66,Faixa 05 - De 35 M ate 50 M,SERVICOS,MODALIDADE ASSINATURA (INTERA),ATIVO,0.0,9,2025-09,262346.1713503711,2124.225607130733,Manter Ativo
TFCNXT,1120373.465879621,221131.40195603465,636,Sem Informações de Faturamento,SERVICOS,MODALIDADE ASSINATURA COMPLEMENTAR,ATIVO,9.0,9,2025-09,1176392.139173602,225554.02999515535,Manter Ativo
TFCNZC,144092.2559142906,0.0,14,Sem Informações de Faturamento,MANUFATURA,MODALIDADE TRADICIONAL,ATIVO,0.0,9,2025-09,151296.86871000516,0.0,Manter Ativo
TFCO67,630.578605187964,0.0,15,"Faixa 00 - Ate 4,5 M",HOSPITALITY,MODALIDADE ASSINATURA COMPLEMENTAR,ATIVO,8.0,8,2025-09,662.1075354473621,0.0,Manter Ativo
TFCOFJ,6179.485361117857,0.0,68,Faixa 04 - De 25 M ate 35 M,SAUDE,MODALIDADE ASSINATURA (INTERA),ATIVO,10.0,9,2025-09,6488.45962917375,0.0,Manter Ativo
TFCOGG,306458.93203837186,78077.36008432634,330,Sem Informações de Faturamento,VAREJO,MODALIDADE TRADICIONAL,ATIVO,8.0,8,2025-09,321781.87864029047,79638.90728601287,Manter Ativo
TFCOH0,26984.85471469271,0.0,18,Faixa 06 - De 50 M ate 75 M,VAREJO,MODALIDADE ASSINATURA (INTERA),ATIVO,10.0,9,2025-09,28334.097450427344,0.0,Manter Ativo
TFCOJN,240.376564297652,0.0,20,"Faixa 00 - Ate 4,5 M",VAREJO,MODALIDADE TRADICIONAL,ATIVO,8.0,8,2025-09,252.3953925125346,0.0,Manter Ativo
TFCOJY,5013.486666122164,1466.7090202377306,16,"Faixa 00 - Ate 4,5 M",DISTRIBUICAO,MODALIDADE TRADICIONAL,ATIVO,9.0,9,2025-09,5264.160999428273,1496.043200642485,Manter Ativo
TFCOK9,17210.592064263503,10621.432394927122,64,"Faixa 00 - Ate 4,5 M",DISTRIBUICAO,MODALIDADE TRADICIONAL,ATIVO,8.0,8,2025-09,18071.12166747668,10833.861042825665,Manter Ativo
TFCOKA,4586774.977374512,375485.6394410093,1113,Faixa 08 - De 150 M ate 300 M,AGROINDUSTRIA,MODALIDADE ASSINATURA COMPLEMENTAR,ATIVO,0.0,9,2025-09,4816113.726243238,382995.3522298295,Manter Ativo
TFCONO,6899.118480787834,8256.37587059443,20,Sem Informações de Faturamento,LOGISTICA,MODALIDADE ASSINATURA COMPLEMENTAR,ATIVO,0.0,9,2025-09,7244.074404827226,8421.503388006318,Manter Ativo
TFCONR,823.9560441122728,0.0,12,Sem Informações de Faturamento,HOSPITALITY,MODALIDADE ASSINATURA COMPLEMENTAR,ATIVO,0.0,8,2025-09,865.1538463178865,0.0,Manter Ativo
TFCOO2,4233.889724956176,0.0,8,"Faixa 00 - Ate 4,5 M",JURIDICO,MODALIDADE CORPORATIVO,ATIVO,10.0,9,2025-09,4445.584211203985,0.0,Manter Ativo
TFCOP7,94401.8210540062,17656.200945262994,112,"Faixa 02 - De 7,5 M ate 15 M",CONSTRUCAO E PROJETOS,MODALIDADE ASSINATURA COMPLEMENTAR,ATIVO,8.0,8,2025-09,99121.91210670651,18009.324964168252,Manter Ativo
TFCOR5,23864.726553078377,3581.434246025555,48,Sem Informações de Faturamento,DISTRIBUICAO,MODALIDADE TRADICIONAL,ATIVO,0.0,8,2025-09,25057.962880732295,3653.062930946066,Manter Ativo
TFCOUZ,43404.32706474464,0.0,105,Faixa 07 - De 75 M ate 150 M,LOGISTICA,MODALIDADE ASSINATURA (INTERA),ATIVO,7.0,8,2025-09,45574.54341798188,0.0,Manter Ativo
TFCP19,161155.86430954278,68872.09793635996,72,Faixa 06 - De 50 M ate 75 M,MANUFATURA,MODALIDADE CORPORATIVO,ATIVO,9.0,9,2025-09,169213.65752501992,70249.53989508716,Manter Ativo
TFCP52,61481.6662372685,134837.1276102264,60,Sem Informações de Faturamento,LOGISTICA,MODALIDADE SERVICOS RECORRENTES,ATIVO,0.0,8,2025-09,64555.74954913193,137533.87016243092,Manter Ativo
TFCPG1,1725.16217121744,0.0,12,Faixa 04 - De 25 M ate 35 M,MANUFATURA,MODALIDADE ASSINATURA (INTERA),ATIVO,9.0,8,2025-09,1811.4202797783119,0.0,Manter Ativo
TFCPG2,117568.94270002248,25867.007001989143,140,Sem Informações de Faturamento,SERVICOS,MODALIDADE TRADICIONAL,ATIVO,10.0,9,2025-09,123447.38983502361,26384.347142028924,Manter Ativo
TFCPGO,1121054.9027512483,9248.318055128766,360,Sem Informações de Faturamento,MANUFATURA,MODALIDADE SERVICOS RECORRENTES,PENDENTE,0.0,8,2025-09,1177107.6478888108,9433.284416231341,Risco de Churn
TFCPJ3,126.11572103759279,85.1281117003752,3,"Faixa 00 - Ate 4,5 M",EDUCACIONAL,MODALIDADE ASSINATURA COMPLEMENTAR,ATIVO,0.0,9,2025-09,132.42150708947244,86.8306739343827,Manter Ativo
TFCPJX,158.905808507367,0.0,9,"Faixa 00 - Ate 4,5 M",SERVICOS,MPN,GRATUITO,0.0,9,2025-09,166.85109893273537,0.0,Risco de Churn
TFCPN1,1974570.84498193,694328.8452191141,247,Sem Informações de Faturamento,VAREJO,MODALIDADE TRADICIONAL,ATIVO,8.0,9,2025-09,2073299.3872310265,708215.4221234964,Manter Ativo
TFCPOP,188038.18694303193,198494.80710984985,126,Sem Informações de Faturamento,DISTRIBUICAO,MODALIDADE TRADICIONAL,ATIVO,10.0,9,2025-09,197440.09629018354,202464.70325204683,Manter Ativo
TFCPR2,24737.472565802775,15195.683227819556,210,Sem Informações de Faturamento,VAREJO,MPN,ATIVO,0.0,8,2025-09,25974.346194092916,15499.596892375948,Manter Ativo
TFCPRD,1365511.4115170436,0.0,120,Faixa 09 - De 300 M ate 500 M,DISTRIBUICAO,MODALIDADE SERVICOS RECORRENTES,ATIVO,10.0,9,2025-09,1433786.9820928958,0.0,Manter Ativo
TFCPTC,1150.948885618544,0.0,4,Sem Informações de Faturamento,VAREJO,MODALIDADE ASSINATURA COMPLEMENTAR,ATIVO,7.0,8,2025-09,1208.4963298994712,0.0,Manter Ativo
TFCPU6,5080.672714576254,1270.1618728580102,6,Sem Informações de Faturamento,JURIDICO,MODALIDADE CORPORATIVO,ATIVO,0.0,9,2025-09,5334.706350305068,1295.5651103151704,Manter Ativo
TFCPWG,10464877.047151301,869003.5034794144,1216,Faixa 03 - De 15 M ate 25 M,VAREJO,MODALIDADE TRADICIONAL,CANCELADO,0.0,8,2025-09,10988120.899508867,886383.5735490026,Risco de Churn
TFCPWQ,33630.85894335808,0.0,50,Sem Informações de Faturamento,DISTRIBUICAO,MODALIDADE TRADICIONAL,ATIVO,8.0,8,2025-09,35312.40189052599,0.0,Manter Ativo
TFCPX1,33668.59276709248,0.0,32,Faixa 03 - De 15 M ate 25 M,LOGISTICA,MODALIDADE ASSINATURA (INTERA),ATIVO,0.0,9,2025-09,35352.022405447104,0.0,Manter Ativo
TFCPZW,1007403.3875973807,0.0,76,Sem Informações de Faturamento,SERVICOS,MODALIDADE ASSINATURA COMPLEMENTAR,ATIVO,0.0,8,2025-09,1057773.5569772497,0.0,Manter Ativo
TFCQ72,42222.30326546254,0.0,15,Faixa 07 - De 75 M ate 150 M,DISTRIBUICAO,MODALIDADE CORPORATIVO,ATIVO,0.0,9,2025-09,44333.41842873567,0.0,Manter Ativo
TFCQ76,244435.4726635256,66216.00836644616,60,Sem Informações de Faturamento,LOGISTICA,MODALIDADE ASSINATURA COMPLEMENTAR,ATIVO,0.0,8,2025-09,256657.2462967019,67540.32853377509,Manter Ativo
TFCQ95,2547.335779805716,0.0,4,Sem Informações de Faturamento,MANUFATURA,MODALIDADE CORPORATIVO,ATIVO,8.0,8,2025-09,2674.7025687960017,0.0,Manter Ativo
TFCQB8,107225.20030739064,37.59930029867424,64,Faixa 06 - De 50 M ate 75 M,DISTRIBUICAO,MODALIDADE ASSINATURA COMPLEMENTAR,ATIVO,7.0,8,2025-09,112586.46032276018,38.35128630464772,Manter Ativo
TFCQEH,398448.310687794,204149.77298331476,416,"Faixa 01 - De 4,5 M ate 7,5 M",DISTRIBUICAO,MODALIDADE TRADICIONAL,ATIVO,0.0,8,2025-09,418370.72622218373,208232.76844298106,Manter Ativo
TFCQF7,655476.8416672287,59320.90036558708,264,Faixa 11 - Acima de 850 M,LOGISTICA,MODALIDADE ASSINATURA (INTERA),ATIVO,9.0,9,2025-09,688250.6837505902,60507.31837289882,Manter Ativo
TFCQGT,1678947.9984995485,552979.2909480879,435,Sem Informações de Faturamento,CONSTRUCAO E PROJETOS,MODALIDADE TRADICIONAL,ATIVO,0.0,8,2025-09,1762895.398424526,564038.8767670497,Manter Ativo
TFCQGU,95519.56787413283,0.0,22,Faixa 07 - De 75 M ate 150 M,SERVICOS,MODALIDADE ASSINATURA (INTERA),CANCELADO,8.0,8,2025-09,100295.54626783947,0.0,Risco de Churn
TFCQJC,360.69096216751495,0.0,10,Sem Informações de Faturamento,VAREJO,MODALIDADE TRADICIONAL,ATIVO,8.0,8,2025-09,378.7255102758907,0.0,Manter Ativo
TFCQMJ,178765.9069009061,0.0,96,Faixa 06 - De 50 M ate 75 M,MANUFATURA,MODALIDADE ASSINATURA (INTERA),ATIVO,8.0,8,2025-09,187704.2022459514,0.0,Manter Ativo
TFCQNH,125674.6439148359,43669.46855279681,476,"Faixa 02 - De 7,5 M ate 15 M",VAREJO,MODALIDADE ASSINATURA COMPLEMENTAR,ATIVO,8.0,9,2025-09,131958.3761105777,44542.857923852745,Manter Ativo
TFCQO1,1090.837929114659,0.0,15,Sem Informações de Faturamento,MANUFATURA,MODALIDADE ASSINATURA COMPLEMENTAR,CANCELADO,0.0,9,2025-09,1145.3798255703919,0.0,Risco de Churn
TFCQOP,2819.0310814943687,0.0,44,"Faixa 00 - Ate 4,5 M",VAREJO,MODALIDADE ASSINATURA COMPLEMENTAR,ATIVO,10.0,8,2025-09,2959.982635569087,0.0,Manter Ativo
TFCQQ2,21161.38562634923,0.0,85,"Faixa 00 - Ate 4,5 M",VAREJO,MODALIDADE ASSINATURA COMPLEMENTAR,ATIVO,8.0,8,2025-09,22219.45490766669,0.0,Manter Ativo
TFCQSA,40890.954248614435,1780.5521958971522,48,"Faixa 00 - Ate 4,5 M",VAREJO,MODALIDADE TRADICIONAL,ATIVO,10.0,9,2025-09,42935.501961045156,1816.1632398150953,Manter Ativo
TFCQV8,19797376.774348028,6531493.684685385,2900,Faixa 07 - De 75 M ate 150 M,VAREJO,MODALIDADE TRADICIONAL,ATIVO,9.0,9,2025-09,20787245.61306543,6662123.558379092,Manter Ativo
TFCQWE,5646.4530622951,0.0,60,Faixa 09 - De 300 M ate 500 M,LOGISTICA,MODALIDADE ASSINATURA (INTERA),ATIVO,7.0,9,2025-09,5928.775715409855,0.0,Manter Ativo
TFCQWP,287531.0936663146,0.0,102,Sem Informações de Faturamento,DISTRIBUICAO,MODALIDADE TRADICIONAL,ATIVO,9.0,8,2025-09,301907.64834963036,0.0,Manter Ativo
TFCRA5,4855.186213075776,0.0,8,Sem Informações de Faturamento,DISTRIBUICAO,MODALIDADE ASSINATURA COMPLEMENTAR,ATIVO,8.0,8,2025-09,5097.945523729565,0.0,Manter Ativo
TFCRA6,4711925.757603444,0.0,598,"Faixa 01 - De 4,5 M ate 7,5 M",CONSTRUCAO E PROJETOS,MODALIDADE SERVICOS RECORRENTES,ATIVO,7.0,8,2025-09,4947522.045483616,0.0,Manter Ativo
TFCRC9,134887.17453219148,0.0,75,Sem Informações de Faturamento,HOSPITALITY,MODALIDADE ASSINATURA COMPLEMENTAR,ATIVO,7.0,8,2025-09,141631.53325880106,0.0,Manter Ativo
TFCRF2,881301.5350852464,467560.83563474024,440,"Faixa 00 - Ate 4,5 M",VAREJO,MODALIDADE ASSINATURA COMPLEMENTAR,ATIVO,8.0,8,2025-09,925366.6118395088,476912.05234743503,Manter Ativo
TFCRID,57175.457554012064,51798.349837136906,105,Sem Informações de Faturamento,VAREJO,MODALIDADE TRADICIONAL,ATIVO,0.0,9,2025-09,60034.23043171267,52834.316833879646,Manter Ativo
TFCRJ3,4233.88972495616,0.0,4,Sem Informações de Faturamento,JURIDICO,MODALIDADE CORPORATIVO,ATIVO,10.0,9,2025-09,4445.584211203968,0.0,Manter Ativo
TFCRJ4,162436.8469112658,0.0,192,Faixa 04 - De 25 M ate 35 M,MANUFATURA,MODALIDADE ASSINATURA (INTERA),ATIVO,0.0,8,2025-09,170558.6892568291,0.0,Manter Ativo
TFCRJ7,103078.0067329332,0.0,23,Faixa 09 - De 300 M ate 500 M,VAREJO,MODALIDADE ASSINATURA (INTERA),ATIVO,0.0,9,2025-09,108231.90706957986,0.0,Manter Ativo
TFCRJD,1798466.93407054,934685.7060372812,570,Faixa 11 - Acima de 850 M,VAREJO,MODALIDADE ASSINATURA COMPLEMENTAR,ATIVO,8.0,8,2025-09,1888390.280774067,953379.4201580269,Manter Ativo
TFCRKZ,69773.6277604824,389197.9495579842,34,"Faixa 02 - De 7,5 M ate 15 M",DISTRIBUICAO,MODALIDADE TRADICIONAL,ATIVO,8.0,8,2025-09,73262.30914850652,396981.9085491439,Manter Ativo
TFCRLX,256410.5387232083,0.0,75,Faixa 04 - De 25 M ate 35 M,MANUFATURA,MODALIDADE ASSINATURA (INTERA),ATIVO,5.0,5,2025-09,269231.0656593687,0.0,Manter Ativo
TFCRMK,346778.8847484164,0.0,36,Faixa 03 - De 15 M ate 25 M,LOGISTICA,MODALIDADE TRADICIONAL,ATIVO,7.0,8,2025-09,364117.8289858373,0.0,Manter Ativo
TFCRO0,4813.080377678685,129.77307694768305,21,Sem Informações de Faturamento,VAREJO,MODALIDADE SERVICOS RECORRENTES,ATIVO,0.0,8,2025-09,5053.73439656262,132.3685384866367,Manter Ativo
TFCROE,76076.5005392062,65048.04647005963,91,"Faixa 00 - Ate 4,5 M",VAREJO,MODALIDADE TRADICIONAL,ATIVO,10.0,9,2025-09,79880.32556616652,66349.00739946082,Manter Ativo
TFCRT4,6635.284392377192,0.0,8,Faixa 04 - De 25 M ate 35 M,MANUFATURA,MODALIDADE CORPORATIVO,ATIVO,7.0,8,2025-09,6967.0486119960515,0.0,Manter Ativo
TFCRTY,1304889.7115660985,0.0,56,Faixa 08 - De 150 M ate 300 M,MANUFATURA,MODALIDADE ASSINATURA COMPLEMENTAR,CANCELADO,8.0,8,2025-09,1370134.1971444036,0.0,Risco de Churn
TFCRUI,1800546.1451092812,476704.91484257404,544,Faixa 04 - De 25 M ate 35 M,LOGISTICA,MODALIDADE TRADICIONAL,TROCADO,0.0,8,2025-09,1890573.4523647453,486239.01313942554,Risco de Churn
TFCRUS,29586.31936196774,0.0,102,Faixa 05 - De 35 M ate 50 M,AGROINDUSTRIA,MODALIDADE ASSINATURA (INTERA),ATIVO,9.0,9,2025-09,31065.63533006613,0.0,Manter Ativo
TFCRW9,26140.32919647912,0.0,14,Faixa 04 - De 25 M ate 35 M,SERVICOS,MODALIDADE CORPORATIVO,ATIVO,7.0,8,2025-09,27447.345656303078,0.0,Manter Ativo
TFCRX2,377742.71568498976,0.0,27,Faixa 06 - De 50 M ate 75 M,MANUFATURA,MODALIDADE CORPORATIVO,ATIVO,9.0,9,2025-09,396629.8514692393,0.0,Manter Ativo
TFCRX4,16936.73597988774,0.0,36,"Faixa 00 - Ate 4,5 M",MANUFATURA,MODALIDADE CORPORATIVO,CANCELADO,8.0,8,2025-09,17783.572778882128,0.0,Risco de Churn
TFCRYK,503.20172693999405,398.85357935349,3,Sem Informações de Faturamento,VAREJO,MODALIDADE ASSINATURA COMPLEMENTAR,TROCADO,0.0,9,2025-09,528.3618132869938,406.8306509405598,Risco de Churn
TFCRYN,682890.2964560135,9000.223208703605,130,Sem Informações de Faturamento,VAREJO,MODALIDADE ASSINATURA COMPLEMENTAR,ATIVO,10.0,9,2025-09,717034.8112788142,9180.227672877676,Manter Ativo
TFCRZ4,6277.321733641462,0.0,51,Sem Informações de Faturamento,SERVICOS,MODALIDADE ASSINATURA COMPLEMENTAR,ATIVO,8.0,8,2025-09,6591.187820323536,0.0,Manter Ativo
TFCS95,1412.4960756210385,0.0,24,Sem Informações de Faturamento,SERVICOS,MPN,ATIVO,0.0,8,2025-09,1483.1208794020904,0.0,Manter Ativo
TFCSBP,75946.38274595443,6028.356688741145,84,Sem Informações de Faturamento,SERVICOS,MODALIDADE TRADICIONAL,ATIVO,7.0,8,2025-09,79743.70188325216,6148.923822515968,Manter Ativo
TFCSCT,60522.631848210425,42381.54117870192,72,Faixa 08 - De 150 M ate 300 M,SERVICOS,MODALIDADE SERVICOS RECORRENTES,ATIVO,10.0,9,2025-09,63548.76344062095,43229.172002275955,Manter Ativo
TFCSFC,1792200.689501063,2972173.3763271654,289,Sem Informações de Faturamento,DISTRIBUICAO,MODALIDADE TRADICIONAL,ATIVO,7.0,8,2025-09,1881810.7239761162,3031616.843853709,Manter Ativo
TFCSGA,11793.770506833649,11069.160020040057,38,Sem Informações de Faturamento,SERVICOS,MODALIDADE ASSINATURA COMPLEMENTAR,CANCELADO,0.0,8,2025-09,12383.459032175331,11290.543220440859,Risco de Churn
TFCSHC,83948.50932293685,16209.401393519722,145,Sem Informações de Faturamento,HOSPITALITY,MODALIDADE ASSINATURA COMPLEMENTAR,ATIVO,0.0,8,2025-09,88145.9347890837,16533.589421390116,Manter Ativo
TFCSI8,87328.09115358436,0.0,44,Faixa 06 - De 50 M ate 75 M,SERVICOS,MODALIDADE ASSINATURA (INTERA),ATIVO,9.0,9,2025-09,91694.49571126359,0.0,Manter Ativo
TFCSI9,539305.1266328678,84235.95227432564,88,Faixa 07 - De 75 M ate 150 M,LOGISTICA,MODALIDADE ASSINATURA COMPLEMENTAR,TROCADO,5.0,9,2025-09,566270.3829645113,85920.67131981216,Risco de Churn
TFCSID,2942.9650005580093,0.0,7,"Faixa 00 - Ate 4,5 M",SAUDE,MODALIDADE ASSINATURA (INTERA),ATIVO,8.0,9,2025-09,3090.11325058591,0.0,Manter Ativo
TFCSIG,7778.683150162952,0.0,8,"Faixa 02 - De 7,5 M ate 15 M",AGROINDUSTRIA,MODALIDADE ASSINATURA (INTERA),ATIVO,7.0,8,2025-09,8167.6173076711,0.0,Manter Ativo
TFCSIH,1923039.5788149494,4280.787957752691,646,"Faixa 01 - De 4,5 M ate 7,5 M",SERVICOS,MODALIDADE ASSINATURA COMPLEMENTAR,ATIVO,0.0,9,2025-09,2019191.5577556968,4366.403716907745,Manter Ativo
TFCSIU,21004.825570253157,3894.7561433713436,120,Sem Informações de Faturamento,VAREJO,MODALIDADE TRADICIONAL,ATIVO,6.0,5,2025-09,22055.066848765815,3972.6512662387704,Manter Ativo
TFCSJ0,295059.13022863027,130162.92586455427,168,Faixa 03 - De 15 M ate 25 M,SERVICOS,MODALIDADE ASSINATURA COMPLEMENTAR,ATIVO,9.0,9,2025-09,309812.0867400618,132766.18438184535,Manter Ativo
TFCSJJ,2389941.131906393,208700.95725082973,253,Sem Informações de Faturamento,SERVICOS,MODALIDADE TRADICIONAL,ATIVO,0.0,9,2025-09,2509438.188501713,212874.97639584632,Manter Ativo
TFCSJQ,66763.42626518184,200748.80192637938,238,Sem Informações de Faturamento,SERVICOS,MODALIDADE SERVICOS RECORRENTES,ATIVO,1.0,5,2025-09,70101.59757844094,204763.77796490697,Manter Ativo
TFCSL8,8855.896377548184,0.0,24,Sem Informações de Faturamento,SERVICOS,MODALIDADE ASSINATURA COMPLEMENTAR,ATIVO,0.0,8,2025-09,9298.691196425594,0.0,Manter Ativo
TFCSM2,2316.96439604371,1008.925768300744,12,Sem Informações de Faturamento,SERVICOS,MODALIDADE ASSINATURA COMPLEMENTAR,ATIVO,0.0,8,2025-09,2432.812615845896,1029.1042836667589,Manter Ativo
TFCSNW,469350.2831928276,54591.82987354909,48,"Faixa 01 - De 4,5 M ate 7,5 M",DISTRIBUICAO,MODALIDADE ASSINATURA (INTERA),ATIVO,0.0,9,2025-09,492817.797352469,55683.66647102007,Manter Ativo
TFCSNY,14778.391530050401,0.0,12,"Faixa 02 - De 7,5 M ate 15 M",MANUFATURA,MODALIDADE ASSINATURA (INTERA),ATIVO,10.0,9,2025-09,15517.311106552923,0.0,Manter Ativo
TFCSO4,5833.154775719155,0.0,36,Faixa 05 - De 35 M ate 50 M,MANUFATURA,MODALIDADE ASSINATURA (INTERA),ATIVO,0.0,9,2025-09,6124.812514505113,0.0,Manter Ativo
TFCSPD,2951.107872279684,0.0,26,Sem Informações de Faturamento,HOSPITALITY,MODALIDADE ASSINATURA COMPLEMENTAR,ATIVO,7.0,8,2025-09,3098.6632658936687,0.0,Manter Ativo
TFCSRS,41761.90941810011,453.1758242617496,110,"Faixa 02 - De 7,5 M ate 15 M",MANUFATURA,MODALIDADE ASSINATURA COMPLEMENTAR,ATIVO,7.0,8,2025-09,43850.00488900512,462.2393407469846,Manter Ativo
TFCSRU,326699.8452592988,568912.8562404106,403,Faixa 05 - De 35 M ate 50 M,SERVICOS,MODALIDADE ASSINATURA COMPLEMENTAR,ATIVO,0.0,9,2025-09,343034.83752226376,580291.1133652189,Manter Ativo
TFCSXX,849273.3547248326,0.0,48,Sem Informações de Faturamento,VAREJO,MODALIDADE TRADICIONAL,ATIVO,3.0,5,2025-09,891737.0224610743,0.0,Manter Ativo
TFCT26,5612883.663746466,106087.40949533373,1820,Faixa 07 - De 75 M ate 150 M,SERVICOS,MODALIDADE ASSINATURA COMPLEMENTAR,ATIVO,9.0,9,2025-09,5893527.84693379,108209.15768524041,Manter Ativo
TFCTD5,960.497331422307,0.0,21,Sem Informações de Faturamento,SERVICOS,MODALIDADE ASSINATURA COMPLEMENTAR,ATIVO,7.0,9,2025-09,1008.5221979934223,0.0,Manter Ativo
TFCTD6,46201.367768347554,5771.425334128629,22,Faixa 04 - De 25 M ate 35 M,MANUFATURA,MODALIDADE ASSINATURA (INTERA),ATIVO,10.0,9,2025-09,48511.43615676493,5886.853840811202,Manter Ativo
TFCTG8,29158.038781038787,5885.400315087664,42,"Faixa 02 - De 7,5 M ate 15 M",MANUFATURA,MODALIDADE TRADICIONAL,CANCELADO,0.0,9,2025-09,30615.94072009073,6003.108321389418,Risco de Churn
TFCTGY,13633.286006173223,7454.95250197418,54,Sem Informações de Faturamento,SERVICOS,MODALIDADE ASSINATURA COMPLEMENTAR,TROCADO,0.0,9,2025-09,14314.950306481884,7604.051552013664,Risco de Churn
TFCTIW,687089.411872821,1024356.3967091405,336,Sem Informações de Faturamento,DISTRIBUICAO,MODALIDADE TRADICIONAL,ATIVO,0.0,8,2025-09,721443.8824664621,1044843.5246433234,Manter Ativo
TFCTKP,46410.58534183416,0.0,48,Faixa 03 - De 15 M ate 25 M,SERVICOS,MODALIDADE ASSINATURA (INTERA),ATIVO,0.0,8,2025-09,48731.11460892587,0.0,Manter Ativo
TFCTM2,141126.72040352496,0.0,24,Sem Informações de Faturamento,SAUDE,MODALIDADE CORPORATIVO,ATIVO,8.0,8,2025-09,148183.0564237012,0.0,Manter Ativo
TFCTMX,20430.74680808999,11104.741468802136,30,Sem Informações de Faturamento,SAUDE,MODALIDADE TRADICIONAL,CANCELADO,0.0,9,2025-09,21452.284148494487,11326.83629817818,Risco de Churn
TFCTNY,49237.34311317077,0.0,24,Faixa 05 - De 35 M ate 50 M,SERVICOS,MODALIDADE ASSINATURA (INTERA),ATIVO,10.0,9,2025-09,51699.21026882931,0.0,Manter Ativo
TFCTOW,279587.3922990312,0.0,216,Sem Informações de Faturamento,EDUCACIONAL,MODALIDADE ASSINATURA COMPLEMENTAR,ATIVO,10.0,9,2025-09,293566.76191398274,0.0,Manter Ativo
TFCTPS,420224.08166075003,0.0,527,Faixa 07 - De 75 M ate 150 M,MANUFATURA,MODALIDADE SERVICOS RECORRENTES,ATIVO,7.0,8,2025-09,441235.28574378754,0.0,Manter Ativo
TFCTQD,8149.925794323948,0.0,42,Faixa 06 - De 50 M ate 75 M,MANUFATURA,MODALIDADE ASSINATURA (INTERA),ATIVO,9.0,8,2025-09,8557.422084040147,0.0,Manter Ativo
TFCTQR,24403.30794362684,0.0,20,Faixa 06 - De 50 M ate 75 M,SERVICOS,MODALIDADE ASSINATURA (INTERA),ATIVO,0.0,9,2025-09,25623.473340808185,0.0,Manter Ativo
TFCTRB,7120.527240641427,0.0,72,Sem Informações de Faturamento,DISTRIBUICAO,MODALIDADE ASSINATURA COMPLEMENTAR,CANCELADO,8.0,8,2025-09,7476.553602673499,0.0,Risco de Churn
TFCTRJ,442636.19052348804,263806.15377843427,210,Sem Informações de Faturamento,VAREJO,MODALIDADE TRADICIONAL,ATIVO,10.0,9,2025-09,464768.0000496625,269082.27685400296,Manter Ativo
TFCTRW,8415.891238420127,0.0,11,Sem Informações de Faturamento,SERVICOS,MODALIDADE ASSINATURA (INTERA),ATIVO,0.0,9,2025-09,8836.685800341133,0.0,Manter Ativo
TFCTSH,746.9581925614558,280.35945172393724,34,Sem Informações de Faturamento,DISTRIBUICAO,MODALIDADE TRADICIONAL,ATIVO,7.0,8,2025-09,784.3061021895286,285.96664075841596,Manter Ativo
TFCTVE,175363.74194847763,30276.2648409055,20,Sem Informações de Faturamento,MANUFATURA,MODALIDADE TRADICIONAL,ATIVO,10.0,9,2025-09,184131.92904590152,30881.790137723612,Manter Ativo
TFCU35,25408.013039130223,6389.863199238032,24,Faixa 04 - De 25 M ate 35 M,SERVICOS,MODALIDADE ASSINATURA (INTERA),ATIVO,10.0,9,2025-09,26678.413691086735,6517.660463222793,Manter Ativo
TFCU50,346.7509711354939,38.51994506224875,17,Sem Informações de Faturamento,VAREJO,MODALIDADE TRADICIONAL,ATIVO,9.0,9,2025-09,364.0885196922686,39.290343963493726,Manter Ativo
TFCUA3,284871.0903051919,0.0,28,Sem Informações de Faturamento,MANUFATURA,MODALIDADE ASSINATURA COMPLEMENTAR,ATIVO,7.0,8,2025-09,299114.6448204515,0.0,Manter Ativo
TFCUAA,38318.7484486202,12898.863716282915,80,Sem Informações de Faturamento,VAREJO,MODALIDADE TRADICIONAL,ATIVO,4.0,9,2025-09,40234.68587105121,13156.840990608573,Manter Ativo
TFCUFN,905.510877049916,0.0,4,Sem Informações de Faturamento,SERVICOS,MODALIDADE ASSINATURA COMPLEMENTAR,ATIVO,9.0,9,2025-09,950.7864209024118,0.0,Manter Ativo
TFCUGZ,17358.18949645116,0.0,30,Faixa 03 - De 15 M ate 25 M,LOGISTICA,MODALIDADE TRADICIONAL,ATIVO,7.0,8,2025-09,18226.098971273717,0.0,Manter Ativo
TFCUHA,1021.814794990784,0.0,17,Sem Informações de Faturamento,MANUFATURA,MPN,ATIVO,0.0,8,2025-09,1072.9055347403232,0.0,Manter Ativo
TFCUI7,585.1769456144292,0.0,29,Sem Informações de Faturamento,HOSPITALITY,MODALIDADE ASSINATURA COMPLEMENTAR,ATIVO,0.0,8,2025-09,614.4357928951507,0.0,Manter Ativo
TFCUKG,32845.775968326954,0.0,39,Faixa 03 - De 15 M ate 25 M,MANUFATURA,MODALIDADE ASSINATURA (INTERA),ATIVO,0.0,8,2025-09,34488.0647667433,0.0,Manter Ativo
TFCUMB,176.56200945262998,0.0,10,Sem Informações de Faturamento,SERVICOS,MPN,GRATUITO,0.0,9,2025-09,185.3901099252615,0.0,Risco de Churn
TFCUPX,3783.4716311277903,756.6943262255566,15,Sem Informações de Faturamento,SERVICOS,MODALIDADE ASSINATURA COMPLEMENTAR,ATIVO,7.0,8,2025-09,3972.64521268418,771.8282127500677,Manter Ativo
TFCUQV,240174.7034745595,24817.682164382735,162,Sem Informações de Faturamento,HOSPITALITY,MODALIDADE ASSINATURA COMPLEMENTAR,ATIVO,0.0,8,2025-09,252183.4386482875,25314.03580767039,Manter Ativo
TFCUSP,9461.756301412777,11857.248753089229,36,Sem Informações de Faturamento,VAREJO,MODALIDADE ASSINATURA COMPLEMENTAR,ATIVO,0.0,8,2025-09,9934.844116483417,12094.393728151013,Manter Ativo
TFCUXK,1731.0139406735832,0.0,48,Sem Informações de Faturamento,HOSPITALITY,MODALIDADE ASSINATURA COMPLEMENTAR,CANCELADO,7.0,9,2025-09,1817.5646377072624,0.0,Risco de Churn
TFCUXW,2381.3674909202473,56.0458264291062,24,Sem Informações de Faturamento,DISTRIBUICAO,MODALIDADE ASSINATURA COMPLEMENTAR,ATIVO,10.0,8,2025-09,2500.4358654662597,57.16674295768833,Manter Ativo
TFCUYD,168820.43795531098,0.0,138,Sem Informações de Faturamento,MANUFATURA,MODALIDADE TRADICIONAL,ATIVO,10.0,9,2025-09,177261.45985307652,0.0,Manter Ativo
TFCV88,1282.1764972155252,0.0,5,Sem Informações de Faturamento,SERVICOS,MODALIDADE ASSINATURA COMPLEMENTAR,ATIVO,0.0,9,2025-09,1346.2853220763016,0.0,Manter Ativo
TFCVE9,23436.20214842219,26154.349060801233,32,Sem Informações de Faturamento,VAREJO,MODALIDADE TRADICIONAL,ATIVO,10.0,9,2025-09,24608.012255843303,26677.436042017256,Manter Ativo
TFCVEB,4269.1180496993475,0.0,8,"Faixa 00 - Ate 4,5 M",CONSTRUCAO E PROJETOS,MODALIDADE CORPORATIVO,ATIVO,9.0,9,2025-09,4482.573952184315,0.0,Manter Ativo
TFCVG6,194628.75070072926,64875.91112241543,88,Sem Informações de Faturamento,VAREJO,MODALIDADE TRADICIONAL,ATIVO,6.0,9,2025-09,204360.18823576573,66173.42934486375,Manter Ativo
TFCVGN,13541.187898956845,10967.384633162721,42,Sem Informações de Faturamento,MANUFATURA,MODALIDADE ASSINATURA COMPLEMENTAR,ATIVO,0.0,8,2025-09,14218.247293904687,11186.732325825975,Manter Ativo
TFCVIC,23628.2007221298,0.0,10,Sem Informações de Faturamento,SERVICOS,MODALIDADE ASSINATURA COMPLEMENTAR,ATIVO,9.0,9,2025-09,24809.610758236293,0.0,Manter Ativo
TFCVML,20178.5153660148,0.0,10,"Faixa 02 - De 7,5 M ate 15 M",SERVICOS,MODALIDADE ASSINATURA (INTERA),CANCELADO,0.0,9,2025-09,21187.44113431554,0.0,Risco de Churn
TFCVN8,180207.081691491,140033.85201130147,114,Sem Informações de Faturamento,VAREJO,MODALIDADE ASSINATURA COMPLEMENTAR,ATIVO,8.0,9,2025-09,189217.43577606557,142834.5290515275,Manter Ativo
TFCVOL,1117047.2982606904,633565.0254621335,240,Sem Informações de Faturamento,VAREJO,MODALIDADE ASSINATURA COMPLEMENTAR,ATIVO,9.0,8,2025-09,1172899.663173725,646236.3259713762,Manter Ativo
TFCVPH,2012.8069077599791,0.0,18,Sem Informações de Faturamento,VAREJO,MPN,GRATUITO,0.0,8,2025-09,2113.4472531479782,0.0,Risco de Churn
TFCVQE,363634.1667879438,0.0,14,Faixa 11 - Acima de 850 M,SERVICOS,MODALIDADE TRADICIONAL,TROCADO,0.0,8,2025-09,381815.875127341,0.0,Risco de Churn
TFCVQQ,302.6777304902232,0.0,24,Sem Informações de Faturamento,SERVICOS,MPN,GRATUITO,0.0,9,2025-09,317.8116170147344,0.0,Risco de Churn
TFCVSO,4203.8783872066,0.0,10,Sem Informações de Faturamento,VAREJO,MODALIDADE ASSINATURA COMPLEMENTAR,ATIVO,0.0,9,2025-09,4414.07230656693,0.0,Manter Ativo
TFCVSW,150616.222163566,0.0,20,Faixa 07 - De 75 M ate 150 M,CONSTRUCAO E PROJETOS,MODALIDADE ASSINATURA (INTERA),ATIVO,0.0,5,2025-09,158147.03327174432,0.0,Manter Ativo
TFCVU9,1652.368177034537,0.0,20,Sem Informações de Faturamento,MANUFATURA,MODALIDADE ASSINATURA (INTERA),ATIVO,10.0,8,2025-09,1734.9865858862638,0.0,Manter Ativo
TFCVVH,580044.0693990602,86652.86758314903,128,Sem Informações de Faturamento,MANUFATURA,MODALIDADE TRADICIONAL,ATIVO,7.0,8,2025-09,609046.2728690132,88385.924934812,Manter Ativo
TFCVVQ,352240.80528768926,606537.1821019988,660,Sem Informações de Faturamento,VAREJO,MODALIDADE TRADICIONAL,ATIVO,9.0,9,2025-09,369852.84555207373,618667.9257440388,Manter Ativo
TFCVVU,15838.34371908292,0.0,17,Faixa 09 - De 300 M ate 500 M,CONSTRUCAO E PROJETOS,MODALIDADE ASSINATURA (INTERA),ATIVO,10.0,8,2025-09,16630.260905037067,0.0,Manter Ativo
TFCVW1,17473.585381200555,0.0,30,Faixa 04 - De 25 M ate 35 M,MANUFATURA,MODALIDADE ASSINATURA (INTERA),ATIVO,10.0,9,2025-09,18347.264650260582,0.0,Manter Ativo
TFCVXB,529.6860283578894,0.0,9,Sem Informações de Faturamento,HOSPITALITY,MODALIDADE ASSINATURA COMPLEMENTAR,ATIVO,0.0,8,2025-09,556.1703297757839,0.0,Manter Ativo
TFCVXO,131771.83456411926,63063.38018352041,69,Sem Informações de Faturamento,VAREJO,MODALIDADE TRADICIONAL,ATIVO,0.0,9,2025-09,138360.42629232522,64324.647787190814,Manter Ativo
TFCVXQ,4845766.0497391615,605327.3203592245,1525,"Faixa 02 - De 7,5 M ate 15 M",DISTRIBUICAO,MODALIDADE ASSINATURA COMPLEMENTAR,ATIVO,8.0,8,2025-09,5088054.3522261195,617433.8667664089,Manter Ativo
TFCVY1,8847.345731661822,0.0,21,Faixa 03 - De 15 M ate 25 M,EDUCACIONAL,MODALIDADE ASSINATURA COMPLEMENTAR,ATIVO,9.0,9,2025-09,9289.713018244915,0.0,Manter Ativo
TFCVYE,17434.527342395224,3269.4786023243387,170,Sem Informações de Faturamento,SERVICOS,MPN,ATIVO,0.0,9,2025-09,18306.253709514986,3334.8681743708257,Manter Ativo
TFCVYU,292660.9935506695,170945.26925421142,92,Sem Informações de Faturamento,VAREJO,MODALIDADE ASSINATURA COMPLEMENTAR,ATIVO,8.0,9,2025-09,307294.043228203,174364.17463929564,Manter Ativo
TFCW93,5767.692308785898,5734.397758431995,8,Sem Informações de Faturamento,DISTRIBUICAO,MODALIDADE TRADICIONAL,ATIVO,0.0,9,2025-09,6056.076924225193,5849.085713600634,Manter Ativo
TFCWE0,111517.57409604918,0.0,180,Faixa 11 - Acima de 850 M,CONSTRUCAO E PROJETOS,MODALIDADE ASSINATURA (INTERA),ATIVO,7.0,8,2025-09,117093.45280085165,0.0,Manter Ativo
TFCWEF,39398.362078562495,0.0,60,"Faixa 01 - De 4,5 M ate 7,5 M",EDUCACIONAL,MODALIDADE ASSINATURA (INTERA),ATIVO,9.0,9,2025-09,41368.28018249062,0.0,Manter Ativo
TFCWFQ,106634.99134450684,0.0,69,Faixa 07 - De 75 M ate 150 M,MANUFATURA,MODALIDADE ASSINATURA COMPLEMENTAR,ATIVO,10.0,9,2025-09,111966.74091173218,0.0,Manter Ativo
TFCWGK,22294.93895017929,0.0,9,"Faixa 02 - De 7,5 M ate 15 M",EDUCACIONAL,MODALIDADE ASSINATURA (INTERA),ATIVO,9.0,9,2025-09,23409.685897688254,0.0,Manter Ativo
TFCWL4,9483.902222026998,0.0,96,Sem Informações de Faturamento,HOSPITALITY,MODALIDADE ASSINATURA COMPLEMENTAR,CANCELADO,8.0,8,2025-09,9958.097333128348,0.0,Risco de Churn
TFCWLD,122452.78240491793,90262.6484394066,76,Sem Informações de Faturamento,VAREJO,MODALIDADE TRADICIONAL,ATIVO,10.0,9,2025-09,128575.42152516384,92067.90140819474,Manter Ativo
TFCWLI,328730.8842964635,0.0,256,"Faixa 02 - De 7,5 M ate 15 M",EDUCACIONAL,MODALIDADE ASSINATURA COMPLEMENTAR,ATIVO,2.0,5,2025-09,345167.4285112867,0.0,Manter Ativo
TFCWM2,1216641.7911972709,182450.10023643306,312,"Faixa 02 - De 7,5 M ate 15 M",MANUFATURA,MODALIDADE ASSINATURA (INTERA),ATIVO,0.0,8,2025-09,1277473.8807571344,186099.10224116172,Manter Ativo
TFCWMN,1104072.8491889331,826870.9147340424,52,Sem Informações de Faturamento,SERVICOS,MODALIDADE TRADICIONAL,CANCELADO,9.0,9,2025-09,1159276.49164838,843408.3330287233,Risco de Churn
TFCWMV,697323.7741005976,2543.316892161982,217,Faixa 06 - De 50 M ate 75 M,DISTRIBUICAO,MODALIDADE ASSINATURA (INTERA),ATIVO,0.0,8,2025-09,732189.9628056275,2594.183230005222,Manter Ativo
TFCWN1,168.1542947167904,0.0,2,Sem Informações de Faturamento,VAREJO,MODALIDADE ASSINATURA COMPLEMENTAR,ATIVO,0.0,9,2025-09,176.56200945262992,0.0,Manter Ativo
TFCWN6,1391606.0195607892,157.42605071385918,186,"Faixa 02 - De 7,5 M ate 15 M",SAUDE,MODALIDADE ASSINATURA COMPLEMENTAR,TROCADO,10.0,9,2025-09,1461186.3205388288,160.57457172813636,Risco de Churn
TFCWO1,1223.322494064651,118.044314891187,9,Sem Informações de Faturamento,DISTRIBUICAO,MODALIDADE TRADICIONAL,ATIVO,0.0,8,2025-09,1284.4886187678835,120.40520118901074,Manter Ativo
TFCWOD,705386.5539316842,275216.03223428695,319,"Faixa 02 - De 7,5 M ate 15 M",SERVICOS,MODALIDADE ASSINATURA COMPLEMENTAR,ATIVO,0.0,8,2025-09,740655.8816282685,280720.3528789727,Manter Ativo
TFCWQY,2164082.715144573,0.0,100,Sem Informações de Faturamento,VAREJO,MODALIDADE ASSINATURA COMPLEMENTAR,GRATUITO,8.0,8,2025-09,2272286.8509018016,0.0,Risco de Churn
TFCWWX,1799375.866887487,2415.897975340332,154,Sem Informações de Faturamento,LOGISTICA,MODALIDADE SERVICOS RECORRENTES,ATIVO,0.0,8,2025-09,1889344.6602318615,2464.2159348471387,Manter Ativo
TFCWXS,1710.46548585919,0.0,5,Sem Informações de Faturamento,JURIDICO,MODALIDADE CORPORATIVO,GRATUITO,10.0,9,2025-09,1795.9887601521496,0.0,Risco de Churn
TFCWZO,46348.07398277316,35958.47591397209,57,Sem Informações de Faturamento,VAREJO,MODALIDADE ASSINATURA COMPLEMENTAR,ATIVO,0.0,9,2025-09,48665.47768191182,36677.645432251535,Manter Ativo
TFCWZP,157636.59670627402,114233.56022574134,208,Sem Informações de Faturamento,VAREJO,MODALIDADE TRADICIONAL,ATIVO,9.0,5,2025-09,165518.42654158775,116518.23143025617,Manter Ativo
TFCX05,43554.63598493468,12924.297053358836,110,Sem Informações de Faturamento,HOSPITALITY,MODALIDADE ASSINATURA COMPLEMENTAR,ATIVO,0.0,8,2025-09,45732.36778418141,13182.782994426012,Manter Ativo
TFCX12,18571.73802213541,100.07282464332991,75,Sem Informações de Faturamento,DISTRIBUICAO,MODALIDADE ASSINATURA COMPLEMENTAR,ATIVO,8.0,8,2025-09,19500.32492324218,102.0742811361965,Manter Ativo
TFCXAV,4667.366273591856,0.0,6,Faixa 06 - De 50 M ate 75 M,SAUDE,MODALIDADE ASSINATURA (INTERA),ATIVO,9.0,9,2025-09,4900.734587271449,0.0,Manter Ativo
TFCXB4,202975.68606674325,0.0,50,Faixa 07 - De 75 M ate 150 M,AGROINDUSTRIA,MODALIDADE ASSINATURA (INTERA),ATIVO,10.0,9,2025-09,213124.4703700804,0.0,Manter Ativo
TFCXBC,142303.32963451723,0.0,96,Faixa 08 - De 150 M ate 300 M,MANUFATURA,MODALIDADE ASSINATURA (INTERA),ATIVO,8.0,8,2025-09,149418.4961162431,0.0,Manter Ativo
TFCXDA,42373.46977255553,0.0,21,Faixa 03 - De 15 M ate 25 M,MANUFATURA,MODALIDADE CORPORATIVO,ATIVO,9.0,9,2025-09,44492.14326118331,0.0,Manter Ativo
TFCXE3,133407.90858999573,157193.88848685857,145,Sem Informações de Faturamento,MANUFATURA,MODALIDADE TRADICIONAL,ATIVO,10.0,9,2025-09,140078.30401949552,160337.76625659576,Manter Ativo
TFCXEZ,370.2757569663724,33.29455035392448,4,Sem Informações de Faturamento,HOSPITALITY,MODALIDADE ASSINATURA COMPLEMENTAR,ATIVO,10.0,9,2025-09,388.78954481469106,33.96044136100297,Manter Ativo
TFCXFG,4620.41759450693,0.0,10,"Faixa 02 - De 7,5 M ate 15 M",SERVICOS,MODALIDADE ASSINATURA (INTERA),ATIVO,0.0,9,2025-09,4851.438474232276,0.0,Manter Ativo
TFCXG0,98050.41192148413,0.0,34,Faixa 03 - De 15 M ate 25 M,DISTRIBUICAO,MODALIDADE ASSINATURA (INTERA),ATIVO,7.0,8,2025-09,102952.93251755835,0.0,Manter Ativo
TFCXGL,30627.08514597312,0.0,8,Faixa 06 - De 50 M ate 75 M,SERVICOS,MODALIDADE CORPORATIVO,ATIVO,0.0,9,2025-09,32158.43940327178,0.0,Manter Ativo
TFCXHA,109046.11794173464,50457.58838364212,115,Sem Informações de Faturamento,VAREJO,MODALIDADE TRADICIONAL,ATIVO,7.0,9,2025-09,114498.42383882139,51466.74015131496,Manter Ativo
TFCXLP,6534.72812413655,0.0,20,Faixa 06 - De 50 M ate 75 M,VAREJO,MODALIDADE ASSINATURA (INTERA),ATIVO,10.0,9,2025-09,6861.464530343378,0.0,Manter Ativo
TFCXPE,724704.9222455056,65669.49850090175,416,Sem Informações de Faturamento,SERVICOS,MODALIDADE ASSINATURA (INTERA),ATIVO,0.0,8,2025-09,760940.1683577809,66982.88847091979,Manter Ativo
TFCXTF,397780.6708760507,359092.4033647903,280,Sem Informações de Faturamento,MANUFATURA,MODALIDADE TRADICIONAL,ATIVO,10.0,9,2025-09,417669.7044198533,366274.2514320861,Manter Ativo
TFCXUX,114380.65319504478,0.0,90,Sem Informações de Faturamento,LOGISTICA,MODALIDADE TRADICIONAL,ATIVO,8.0,8,2025-09,120099.68585479703,0.0,Manter Ativo
TFCXW4,2484.98416732473,0.0,10,Faixa 03 - De 15 M ate 25 M,MANUFATURA,MODALIDADE ASSINATURA (INTERA),ATIVO,8.0,8,2025-09,2609.2333756909666,0.0,Manter Ativo
TFCXWT,78550.51684265789,0.0,155,Faixa 06 - De 50 M ate 75 M,MANUFATURA,MODALIDADE ASSINATURA (INTERA),ATIVO,8.0,8,2025-09,82478.04268479078,0.0,Manter Ativo
TFCXX7,10826.681527058441,1967.4052481864471,72,Sem Informações de Faturamento,HOSPITALITY,MODALIDADE ASSINATURA COMPLEMENTAR,ATIVO,10.0,9,2025-09,11368.015603411364,2006.753353150176,Manter Ativo
TFCXYU,26688.76022484064,24490.092375130193,98,Sem Informações de Faturamento,VAREJO,MODALIDADE TRADICIONAL,ATIVO,5.0,5,2025-09,28023.198236082673,24979.894222632796,Manter Ativo
TFCYBB,418.53603955009055,0.0,19,Sem Informações de Faturamento,CONSTRUCAO E PROJETOS,MODALIDADE ASSINATURA COMPLEMENTAR,ATIVO,0.0,9,2025-09,439.4628415275951,0.0,Manter Ativo
TFCYC4,460264.1667703827,8076.955238131588,324,Sem Informações de Faturamento,SERVICOS,MODALIDADE SERVICOS RECORRENTES,ATIVO,0.0,8,2025-09,483277.3751089019,8238.49434289422,Manter Ativo
TFCYDY,11382.502936672687,21498.854480416398,57,Sem Informações de Faturamento,DISTRIBUICAO,MODALIDADE TRADICIONAL,ATIVO,10.0,9,2025-09,11951.62808350632,21928.831570024726,Manter Ativo
TFCYEC,34831.76226607966,29837.667993995725,65,Sem Informações de Faturamento,VAREJO,MODALIDADE TRADICIONAL,ATIVO,0.0,9,2025-09,36573.35037938365,30434.42135387564,Manter Ativo
TFCYEG,90091.03857393337,0.0,203,Faixa 03 - De 15 M ate 25 M,SERVICOS,MODALIDADE ASSINATURA COMPLEMENTAR,ATIVO,0.0,9,2025-09,94595.59050263005,0.0,Manter Ativo
TFCYI5,23205.29267091702,425.8171205113278,23,Sem Informações de Faturamento,DISTRIBUICAO,MODALIDADE ASSINATURA COMPLEMENTAR,ATIVO,6.0,5,2025-09,24365.557304462873,434.33346292155437,Manter Ativo
TFCYLN,360074.273107071,92229.26756626542,64,Sem Informações de Faturamento,DISTRIBUICAO,MODALIDADE ASSINATURA COMPLEMENTAR,ATIVO,0.0,8,2025-09,378077.9867624246,94073.85291759073,Manter Ativo
TFCYMM,103197.72838691396,6263.596139335192,70,Sem Informações de Faturamento,VAREJO,MODALIDADE TRADICIONAL,ATIVO,8.0,8,2025-09,108357.61480625966,6388.8680621218955,Manter Ativo
TFCYO8,135419.59306783855,0.0,105,Faixa 03 - De 15 M ate 25 M,SERVICOS,MODALIDADE ASSINATURA (INTERA),ATIVO,7.0,8,2025-09,142190.57272123048,0.0,Manter Ativo
TFCYOB,503647.77722601854,106891.46868252348,319,Faixa 09 - De 300 M ate 500 M,CONSTRUCAO E PROJETOS,MODALIDADE ASSINATURA COMPLEMENTAR,ATIVO,7.0,9,2025-09,528830.1660873195,109029.29805617395,Manter Ativo
TFCYON,13526.970453338545,18025.29121445165,36,Sem Informações de Faturamento,MANUFATURA,MODALIDADE ASSINATURA COMPLEMENTAR,ATIVO,0.0,8,2025-09,14203.318976005472,18385.797038740682,Manter Ativo
TFCYOS,8.50440345530165,0.42879345152767,17,Sem Informações de Faturamento,VAREJO,MODALIDADE SERVICOS NÃO RECORRENTES,ATIVO,10.0,9,2025-09,8.929623628066734,0.4373693205582234,Manter Ativo
TFCYP5,811310.2526095386,247651.37310369566,540,"Faixa 01 - De 4,5 M ate 7,5 M",SAUDE,MODALIDADE ASSINATURA COMPLEMENTAR,ATIVO,8.0,8,2025-09,851875.7652400156,252604.40056576958,Manter Ativo
TFCYPV,7569.087229513203,10379.702188557,30,Sem Informações de Faturamento,HOSPITALITY,MODALIDADE ASSINATURA COMPLEMENTAR,ATIVO,6.0,5,2025-09,7947.541590988863,10587.296232328139,Manter Ativo
TFCYQ5,1063.1134897732284,0.0,22,Sem Informações de Faturamento,HOSPITALITY,MODALIDADE ASSINATURA COMPLEMENTAR,ATIVO,7.0,8,2025-09,1116.2691642618897,0.0,Manter Ativo
TFCYVO,103334.57235195472,2732.507289147844,156,Sem Informações de Faturamento,SERVICOS,MODALIDADE ASSINATURA COMPLEMENTAR,ATIVO,0.0,8,2025-09,108501.30096955245,2787.1574349308007,Manter Ativo
TFCYW1,418416.35993468395,0.0,297,Sem Informações de Faturamento,SERVICOS,MODALIDADE ASSINATURA COMPLEMENTAR,ATIVO,7.0,8,2025-09,439337.1779314182,0.0,Manter Ativo
TFCYX2,334884.9026896464,119808.33751991337,570,Faixa 06 - De 50 M ate 75 M,VAREJO,MODALIDADE ASSINATURA (INTERA),ATIVO,10.0,8,2025-09,351629.14782412874,122204.50427031165,Manter Ativo
TFCYX4,377416.1768600784,0.0,6,Sem Informações de Faturamento,SAUDE,MODALIDADE SERVICOS RECORRENTES,ATIVO,0.0,8,2025-09,396286.98570308235,0.0,Manter Ativo
TFCYXS,3872.6102227571555,0.0,8,"Faixa 02 - De 7,5 M ate 15 M",LOGISTICA,MODALIDADE CORPORATIVO,ATIVO,10.0,9,2025-09,4066.2407338950134,0.0,Manter Ativo
TFCYYK,26247.203862343864,0.0,11,Sem Informações de Faturamento,VAREJO,MODALIDADE TRADICIONAL,ATIVO,9.0,9,2025-09,27559.564055461058,0.0,Manter Ativo
TFCZ09,24.0376564297652,0.0,2,Sem Informações de Faturamento,VAREJO,MODALIDADE ASSINATURA COMPLEMENTAR,ATIVO,1.0,9,2025-09,25.23953925125346,0.0,Manter Ativo
TFCZ45,2628.882205028618,0.0,11,"Faixa 02 - De 7,5 M ate 15 M",SERVICOS,MODALIDADE ASSINATURA COMPLEMENTAR,ATIVO,10.0,9,2025-09,2760.326315280049,0.0,Manter Ativo
TFCZ58,275686.51954318956,643.7576980363923,246,Faixa 09 - De 300 M ate 500 M,MANUFATURA,MODALIDADE ASSINATURA (INTERA),ATIVO,8.0,8,2025-09,289470.84552034904,656.6328519971202,Manter Ativo
TFCZ69,240.376564297652,0.0,10,Sem Informações de Faturamento,VAREJO,MODALIDADE TRADICIONAL,ATIVO,9.0,8,2025-09,252.3953925125346,0.0,Manter Ativo
TFCZAS,525255.1626921012,197918.44565313583,175,Sem Informações de Faturamento,VAREJO,MODALIDADE TRADICIONAL,ATIVO,8.0,8,2025-09,551517.9208267063,201876.81456619856,Manter Ativo
TFCZBG,42790.118280147515,0.0,60,Sem Informações de Faturamento,CONSTRUCAO E PROJETOS,MODALIDADE ASSINATURA COMPLEMENTAR,ATIVO,0.0,9,2025-09,44929.624194154894,0.0,Manter Ativo
TFCZD9,7730.254713284512,0.0,16,"Faixa 02 - De 7,5 M ate 15 M",VAREJO,MODALIDADE ASSINATURA (INTERA),ATIVO,0.0,8,2025-09,8116.767448948738,0.0,Manter Ativo
TFCZFQ,1875.2398792521744,0.0,36,"Faixa 00 - Ate 4,5 M",EDUCACIONAL,MODALIDADE ASSINATURA COMPLEMENTAR,ATIVO,8.0,8,2025-09,1969.0018732147832,0.0,Manter Ativo
TFCZFY,77445.14197476495,34767.514713925695,144,Sem Informações de Faturamento,VAREJO,MODALIDADE ASSINATURA COMPLEMENTAR,ATIVO,8.0,8,2025-09,81317.3990735032,35462.86500820421,Manter Ativo
TFCZG2,21495.09623192941,1481.6411216085824,64,"Faixa 02 - De 7,5 M ate 15 M",EDUCACIONAL,MODALIDADE ASSINATURA COMPLEMENTAR,ATIVO,6.0,5,2025-09,22569.85104352588,1511.273944040754,Manter Ativo
TFCZG8,25843.82272860507,0.0,35,Faixa 10 - De 500 M ate 850 M,DISTRIBUICAO,MODALIDADE ASSINATURA (INTERA),ATIVO,6.0,5,2025-09,27136.013865035326,0.0,Manter Ativo
TFCZH5,11600.124021037764,3405.124468015011,108,Sem Informações de Faturamento,SERVICOS,MPN,GRATUITO,0.0,8,2025-09,12180.130222089652,3473.2269573753115,Risco de Churn
TFCZH7,454832.50559644337,34806.95530375162,220,Faixa 06 - De 50 M ate 75 M,VAREJO,MODALIDADE ASSINATURA (INTERA),ATIVO,0.0,8,2025-09,477574.1308762656,35503.094409826655,Manter Ativo
TFCZI8,1160.264633545852,0.0,4,Sem Informações de Faturamento,DISTRIBUICAO,MODALIDADE ASSINATURA COMPLEMENTAR,ATIVO,7.0,8,2025-09,1218.2778652231445,0.0,Manter Ativo
TFCZME,1365.4128731003375,0.0,14,Sem Informações de Faturamento,HOSPITALITY,MODALIDADE ASSINATURA COMPLEMENTAR,ATIVO,0.0,8,2025-09,1433.6835167553545,0.0,Manter Ativo
TFCZOA,21671.914676681496,12611.57210375928,105,Sem Informações de Faturamento,SERVICOS,MODALIDADE ASSINATURA COMPLEMENTAR,ATIVO,6.0,5,2025-09,22755.51041051557,12863.803545834466,Manter Ativo
TFCZQG,447.29042394666203,0.0,20,Sem Informações de Faturamento,CONSTRUCAO E PROJETOS,MODALIDADE ASSINATURA COMPLEMENTAR,ATIVO,0.0,9,2025-09,469.6549451439952,0.0,Manter Ativo
TFCZUK,39908.97520604212,0.0,44,Faixa 05 - De 35 M ate 50 M,VAREJO,MODALIDADE SERVICOS RECORRENTES,ATIVO,8.0,8,2025-09,41904.42396634423,0.0,Manter Ativo
TFCZWR,314528.98454270524,403715.0461294744,253,Sem Informações de Faturamento,DISTRIBUICAO,MODALIDADE TRADICIONAL,ATIVO,9.0,9,2025-09,330255.4337698405,411789.3470520639,Manter Ativo
TFCZXE,1450.793216242788,0.0,20,"Faixa 02 - De 7,5 M ate 15 M",VAREJO,MODALIDADE ASSINATURA (INTERA),ATIVO,8.0,8,2025-09,1523.3328770549276,0.0,Manter Ativo
TFCZYE,293.18542055346,0.0,2,Sem Informações de Faturamento,SERVICOS,MODALIDADE SERVICOS RECORRENTES,ATIVO,0.0,9,2025-09,307.844691581133,0.0,Manter Ativo
TFCZZQ,21745.755431349022,0.0,6,Sem Informações de Faturamento,VAREJO,MODALIDADE ASSINATURA COMPLEMENTAR,ATIVO,10.0,9,2025-09,22833.043202916473,0.0,Manter Ativo
TFD054,1542614.91142952,0.0,32,Sem Informações de Faturamento,VAREJO,MODALIDADE SERVICOS RECORRENTES,CANCELADO,0.0,8,2025-09,1619745.6570009962,0.0,Risco de Churn
TFD068,434.64522098396,90.6687957112932,4,Sem Informações de Faturamento,SERVICOS,MODALIDADE ASSINATURA COMPLEMENTAR,ATIVO,0.0,9,2025-09,456.377482033158,92.48217162551907,Manter Ativo
TFD080,52085.691895949014,0.0,27,Sem Informações de Faturamento,VAREJO,MODALIDADE ASSINATURA COMPLEMENTAR,ATIVO,0.0,9,2025-09,54689.97649074647,0.0,Manter Ativo
TFD162,50.44628841503712,0.0,12,Sem Informações de Faturamento,SERVICOS,MPN,ATIVO,0.0,9,2025-09,52.96860283578898,0.0,Manter Ativo
TFD505,135011.83992243744,0.0,100,Faixa 08 - De 150 M ate 300 M,LOGISTICA,MODALIDADE ASSINATURA (INTERA),ATIVO,0.0,8,2025-09,141762.43191855933,0.0,Manter Ativo
TFD598,71473.24729433232,42461.6919232787,125,Sem Informações de Faturamento,MANUFATURA,MODALIDADE ASSINATURA COMPLEMENTAR,ATIVO,8.0,8,2025-09,75046.90965904894,43310.92576174427,Manter Ativo
TFD804,378.347163112778,0.0,1,Sem Informações de Faturamento,VAREJO,MODALIDADE ASSINATURA COMPLEMENTAR,ATIVO,0.0,9,2025-09,397.2645212684169,0.0,Manter Ativo
TFD818,186554.0066915733,0.0,48,Faixa 08 - De 150 M ate 300 M,MANUFATURA,MODALIDADE ASSINATURA (INTERA),ATIVO,0.0,5,2025-09,195881.70702615197,0.0,Manter Ativo
TFD877,6165.507535369525,1671.0459153202057,27,Sem Informações de Faturamento,VAREJO,MODALIDADE TRADICIONAL,ATIVO,10.0,9,2025-09,6473.782912138001,1704.46683362661,Manter Ativo
TFD960,2444.8961834642455,986.0063379308428,20,Sem Informações de Faturamento,VAREJO,MODALIDADE ASSINATURA COMPLEMENTAR,ATIVO,0.0,8,2025-09,2567.1409926374577,1005.7264646894597,Manter Ativo
TFD975,201326.4707827348,0.0,290,"Faixa 01 - De 4,5 M ate 7,5 M",AGROINDUSTRIA,MODALIDADE ASSINATURA (INTERA),ATIVO,3.0,5,2025-09,211392.79432187157,0.0,Manter Ativo
TFD978,10455.724745198453,237.24889441591978,12,Sem Informações de Faturamento,VAREJO,MODALIDADE ASSINATURA COMPLEMENTAR,ATIVO,0.0,9,2025-09,10978.510982458376,241.99387230423818,Manter Ativo
TFDA63,1362.0497872060018,0.0,27,Sem Informações de Faturamento,SERVICOS,MODALIDADE ASSINATURA COMPLEMENTAR,ATIVO,8.0,8,2025-09,1430.152276566302,0.0,Manter Ativo
TFDA67,137586.2149128334,112301.20674028849,57,Sem Informações de Faturamento,CONSTRUCAO E PROJETOS,MODALIDADE SERVICOS RECORRENTES,ATIVO,0.0,9,2025-09,144465.5256584751,114547.23087509426,Manter Ativo
TFDA94,23774.326804238688,0.0,24,Sem Informações de Faturamento,MANUFATURA,MODALIDADE SERVICOS RECORRENTES,ATIVO,0.0,8,2025-09,24963.043144450625,0.0,Manter Ativo
TFDAAM,1473.6622003242724,0.0,19,Faixa 08 - De 150 M ate 300 M,SERVICOS,MODALIDADE ASSINATURA (INTERA),ATIVO,0.0,9,2025-09,1547.345310340486,0.0,Manter Ativo
TFDAAO,16044.946493286705,598.6965509096608,48,Sem Informações de Faturamento,LOGISTICA,MODALIDADE ASSINATURA COMPLEMENTAR,ATIVO,8.0,8,2025-09,16847.19381795104,610.670481927854,Manter Ativo
TFDABC,2310053.313384853,281374.32595041324,660,Faixa 10 - De 500 M ate 850 M,SERVICOS,MODALIDADE ASSINATURA COMPLEMENTAR,ATIVO,10.0,9,2025-09,2425555.9790540957,287001.81246942154,Manter Ativo
TFDABJ,13225.335279475556,5224.007435392853,132,Sem Informações de Faturamento,SERVICOS,MPN,CANCELADO,9.0,9,2025-09,13886.602043449335,5328.487584100711,Risco de Churn
TFDABY,102116.74009561253,42966.7853860343,96,Faixa 09 - De 300 M ate 500 M,SERVICOS,MODALIDADE ASSINATURA COMPLEMENTAR,ATIVO,0.0,8,2025-09,107222.57710039317,43826.12109375499,Manter Ativo
TFDACG,5076.342741487302,0.0,85,Sem Informações de Faturamento,SERVICOS,MPN,ATIVO,0.0,8,2025-09,5330.159878561668,0.0,Manter Ativo
TFDADK,169442.23470245744,0.0,51,Faixa 08 - De 150 M ate 300 M,MANUFATURA,MODALIDADE ASSINATURA (INTERA),ATIVO,6.0,5,2025-09,177914.34643758033,0.0,Manter Ativo
TFDAEY,242.142184392178,0.0,20,Sem Informações de Faturamento,HOSPITALITY,MODALIDADE ASSINATURA COMPLEMENTAR,ATIVO,0.0,8,2025-09,254.2492936117869,0.0,Manter Ativo
TFDAF9,480.92128289002,0.0,20,Sem Informações de Faturamento,CONSTRUCAO E PROJETOS,MODALIDADE ASSINATURA COMPLEMENTAR,ATIVO,0.0,9,2025-09,504.967347034521,0.0,Manter Ativo
TFDAIJ,624299.3034375019,853959.3945328534,75,Sem Informações de Faturamento,VAREJO,MODALIDADE ASSINATURA COMPLEMENTAR,GRATUITO,9.0,8,2025-09,655514.268609377,871038.5824235105,Risco de Churn
TFDAIL,1162745.7501643987,858170.8188440354,300,Sem Informações de Faturamento,VAREJO,MODALIDADE ASSINATURA COMPLEMENTAR,GRATUITO,10.0,8,2025-09,1220883.0376726186,875334.2352209161,Risco de Churn
TFDAJ0,1012351.3907772828,785646.5105190036,138,Sem Informações de Faturamento,VAREJO,MODALIDADE ASSINATURA COMPLEMENTAR,CANCELADO,10.0,8,2025-09,1062968.960316147,801359.4407293837,Risco de Churn
TFDAKV,35331.07962881163,0.0,51,Faixa 04 - De 25 M ate 35 M,DISTRIBUICAO,MODALIDADE ASSINATURA (INTERA),ATIVO,10.0,9,2025-09,37097.63361025222,0.0,Manter Ativo
TFDAMF,349.5927787162083,0.0,21,Sem Informações de Faturamento,CONSTRUCAO E PROJETOS,MODALIDADE ASSINATURA COMPLEMENTAR,ATIVO,0.0,9,2025-09,367.0724176520187,0.0,Manter Ativo
TFDAMP,392086.08785075066,34956.31415217636,102,Faixa 11 - Acima de 850 M,AGROINDUSTRIA,MODALIDADE ASSINATURA (INTERA),ATIVO,0.0,8,2025-09,411690.3922432882,35655.44043521989,Manter Ativo
TFDANW,306345.98279861046,268946.920634085,156,Sem Informações de Faturamento,VAREJO,MODALIDADE TRADICIONAL,ATIVO,0.0,9,2025-09,321663.281938541,274325.8590467667,Manter Ativo
TFDAO7,2682.0610007328028,1276.2448544693868,22,Sem Informações de Faturamento,SERVICOS,MPN,GRATUITO,0.0,9,2025-09,2816.164050769443,1301.7697515587745,Risco de Churn
TFDAP1,6419.407908819776,0.0,12,"Faixa 02 - De 7,5 M ate 15 M",LOGISTICA,MODALIDADE CORPORATIVO,ATIVO,9.0,9,2025-09,6740.378304260765,0.0,Manter Ativo
TFDAS4,363211.0065052891,0.0,112,Sem Informações de Faturamento,VAREJO,MODALIDADE ASSINATURA COMPLEMENTAR,ATIVO,6.0,5,2025-09,381371.55683055357,0.0,Manter Ativo
TFDATD,1496803.6279940563,0.0,58,Sem Informações de Faturamento,SAUDE,MODALIDADE TRADICIONAL,ATIVO,0.0,8,2025-09,1571643.8093937591,0.0,Manter Ativo
TFDATM,81.5884637965868,9.063516485235,4,Sem Informações de Faturamento,DISTRIBUICAO,MODALIDADE ASSINATURA COMPLEMENTAR,ATIVO,0.0,8,2025-09,85.66788698641614,9.244786814939701,Manter Ativo
TFDAZV,145113.8521086989,0.0,68,Faixa 06 - De 50 M ate 75 M,AGROINDUSTRIA,MODALIDADE ASSINATURA (INTERA),ATIVO,5.0,5,2025-09,152369.54471413384,0.0,Manter Ativo
TFDB05,10000.089664376475,7664.321414326059,21,Sem Informações de Faturamento,MANUFATURA,MODALIDADE ASSINATURA COMPLEMENTAR,ATIVO,0.0,8,2025-09,10500.0941475953,7817.6078426125805,Manter Ativo
TFDB66,200677.35316655424,22063.188701200655,66,Faixa 07 - De 75 M ate 150 M,VAREJO,MODALIDADE ASSINATURA COMPLEMENTAR,ATIVO,0.0,9,2025-09,210711.22082488195,22504.45247522467,Manter Ativo
TFDBAQ,80491.67740929636,50621.56824799248,51,Sem Informações de Faturamento,DISTRIBUICAO,MODALIDADE TRADICIONAL,ATIVO,10.0,9,2025-09,84516.26127976118,51633.99961295233,Manter Ativo
TFDBB1,64023.377255916086,0.0,54,Faixa 05 - De 35 M ate 50 M,MANUFATURA,MODALIDADE ASSINATURA COMPLEMENTAR,ATIVO,0.0,8,2025-09,67224.54611871189,0.0,Manter Ativo
TFDBD6,245232.49038962397,81794.15012988425,28,Sem Informações de Faturamento,CONSTRUCAO E PROJETOS,MODALIDADE ASSINATURA COMPLEMENTAR,ATIVO,0.0,9,2025-09,257494.11490910518,83430.03313248194,Manter Ativo
TFDBFL,124696.58286733046,20011.13458105376,228,Sem Informações de Faturamento,MANUFATURA,MPN,GRATUITO,0.0,8,2025-09,130931.412010697,20411.357272674835,Risco de Churn
TFDBH8,310677.70469223347,899.0537521327915,342,Sem Informações de Faturamento,MANUFATURA,MODALIDADE TRADICIONAL,TROCADO,10.0,9,2025-09,326211.58992684516,917.0348271754474,Risco de Churn
TFDBIF,402927.1675892935,0.0,72,Sem Informações de Faturamento,VAREJO,MODALIDADE ASSINATURA (INTERA),ATIVO,0.0,8,2025-09,423073.5259687582,0.0,Manter Ativo
TFDBIH,4077.7416468821702,393.48104963728997,30,Sem Informações de Faturamento,DISTRIBUICAO,MODALIDADE ASSINATURA COMPLEMENTAR,PENDENTE,0.0,8,2025-09,4281.628729226279,401.3506706300358,Risco de Churn
TFDBII,3669.967482193953,354.132944673561,27,Sem Informações de Faturamento,DISTRIBUICAO,MODALIDADE ASSINATURA COMPLEMENTAR,PENDENTE,0.0,8,2025-09,3853.465856303651,361.2156035670322,Risco de Churn
TFDBJE,8374.45802020191,0.0,22,Sem Informações de Faturamento,LOGISTICA,MODALIDADE ASSINATURA (INTERA),ATIVO,10.0,9,2025-09,8793.180921212006,0.0,Manter Ativo
TFDBJH,76966.31841670167,0.0,33,Faixa 07 - De 75 M ate 150 M,MANUFATURA,MODALIDADE ASSINATURA COMPLEMENTAR,ATIVO,7.0,9,2025-09,80814.63433753676,0.0,Manter Ativo
TFDBKB,31467.78935783916,0.0,24,Faixa 04 - De 25 M ate 35 M,SERVICOS,MODALIDADE ASSINATURA (INTERA),ATIVO,0.0,9,2025-09,33041.17882573112,0.0,Manter Ativo
TFDBKD,4060.9262174104947,294.2111617512326,28,Sem Informações de Faturamento,SERVICOS,MPN,GRATUITO,0.0,8,2025-09,4263.97252828102,300.0953849862573,Risco de Churn
TFDBKI,4060.9262174104947,294.2111617512326,28,Sem Informações de Faturamento,SERVICOS,MPN,GRATUITO,0.0,8,2025-09,4263.97252828102,300.0953849862573,Risco de Churn
TFDBL6,66006.29473779003,3304.7868003574918,72,Faixa 07 - De 75 M ate 150 M,LOGISTICA,MODALIDADE ASSINATURA (INTERA),ATIVO,0.0,8,2025-09,69306.60947467953,3370.8825363646415,Manter Ativo
TFDBLK,26237.45091325024,761.4026464776272,8,"Faixa 02 - De 7,5 M ate 15 M",VAREJO,MODALIDADE ASSINATURA (INTERA),ATIVO,0.0,9,2025-09,27549.323458912753,776.6306994071797,Manter Ativo
TFDBMB,88735.44170778713,24451.021724752733,130,Sem Informações de Faturamento,HOSPITALITY,MODALIDADE ASSINATURA COMPLEMENTAR,ATIVO,0.0,8,2025-09,93172.21379317649,24940.042159247787,Manter Ativo
TFDBMF,16238.815783523092,0.0,22,Sem Informações de Faturamento,VAREJO,MODALIDADE ASSINATURA COMPLEMENTAR,ATIVO,0.0,9,2025-09,17050.756572699247,0.0,Manter Ativo
TFDBPH,59030.36337517558,0.0,24,"Faixa 00 - Ate 4,5 M",SERVICOS,MODALIDADE ASSINATURA (INTERA),ATIVO,0.0,9,2025-09,61981.88154393436,0.0,Manter Ativo
TFDBSF,6023.48862190908,0.0,24,Faixa 03 - De 15 M ate 25 M,SERVICOS,MODALIDADE ASSINATURA COMPLEMENTAR,CANCELADO,0.0,9,2025-09,6324.663053004535,0.0,Risco de Churn
TFDBT8,491187.64067622373,286220.7387131619,286,"Faixa 01 - De 4,5 M ate 7,5 M",SERVICOS,MODALIDADE ASSINATURA (INTERA),ATIVO,10.0,8,2025-09,515747.0227100349,291945.1534874251,Manter Ativo
TFDBUD,122345.55461503452,0.0,23,Faixa 08 - De 150 M ate 300 M,SERVICOS,MODALIDADE ASSINATURA COMPLEMENTAR,ATIVO,8.0,8,2025-09,128462.83234578624,0.0,Manter Ativo
TFDBUL,31965.20657704098,0.0,40,"Faixa 00 - Ate 4,5 M",SERVICOS,MODALIDADE SERVICOS RECORRENTES,ATIVO,0.0,8,2025-09,33563.46690589303,0.0,Manter Ativo
TFDBVW,217296.04211341485,0.0,16,Sem Informações de Faturamento,SERVICOS,MODALIDADE TRADICIONAL,ATIVO,0.0,9,2025-09,228160.84421908561,0.0,Manter Ativo
TFDBWF,37921.18124962123,30645.413964097144,48,Sem Informações de Faturamento,HOSPITALITY,MODALIDADE ASSINATURA COMPLEMENTAR,ATIVO,7.0,8,2025-09,39817.240312102294,31258.322243379087,Manter Ativo
TFDBWS,30544.029535955124,0.0,51,Faixa 05 - De 35 M ate 50 M,MANUFATURA,MODALIDADE ASSINATURA (INTERA),ATIVO,10.0,9,2025-09,32071.23101275288,0.0,Manter Ativo
TFDBX6,1068.9358322277963,695.6543172433617,21,Sem Informações de Faturamento,VAREJO,MODALIDADE ASSINATURA COMPLEMENTAR,ATIVO,0.0,8,2025-09,1122.3826238391862,709.5674035882289,Manter Ativo
TFDBXK,6417.6591041547135,0.0,38,Sem Informações de Faturamento,HOSPITALITY,MODALIDADE ASSINATURA COMPLEMENTAR,ATIVO,0.0,8,2025-09,6738.542059362449,0.0,Manter Ativo
TFDBYW,40304.48251493067,26989.68494680843,26,Sem Informações de Faturamento,SERVICOS,MPN,ATIVO,0.0,8,2025-09,42319.70664067721,27529.4786457446,Manter Ativo
TFDBZ0,13648.32740783564,1810.349136920966,20,Sem Informações de Faturamento,MANUFATURA,MODALIDADE TRADICIONAL,ATIVO,0.0,9,2025-09,14330.743778227423,1846.5561196593853,Manter Ativo
TFDC28,173095.26484331588,0.0,104,Sem Informações de Faturamento,LOGISTICA,MODALIDADE TRADICIONAL,ATIVO,0.0,8,2025-09,181750.02808548167,0.0,Manter Ativo
TFDC39,44500.52070814616,538.0937430937299,40,Sem Informações de Faturamento,CONSTRUCAO E PROJETOS,MODALIDADE ASSINATURA COMPLEMENTAR,ATIVO,9.0,9,2025-09,46725.546743553474,548.8556179556045,Manter Ativo
TFDC75,1218668.8912200797,1110419.4294727107,336,Sem Informações de Faturamento,VAREJO,MODALIDADE TRADICIONAL,ATIVO,10.0,8,2025-09,1279602.3357810837,1132627.818062165,Manter Ativo
TFDCB1,436162.59489319567,244286.15164981753,156,Faixa 07 - De 75 M ate 150 M,SERVICOS,MODALIDADE ASSINATURA COMPLEMENTAR,CANCELADO,0.0,9,2025-09,457970.7246378555,249171.87468281388,Risco de Churn
TFDCBH,754025.6040642522,0.0,78,Faixa 09 - De 300 M ate 500 M,AGROINDUSTRIA,MODALIDADE ASSINATURA (INTERA),ATIVO,0.0,8,2025-09,791726.8842674649,0.0,Manter Ativo
TFDCCZ,683459.9695756539,0.0,192,Faixa 03 - De 15 M ate 25 M,LOGISTICA,MODALIDADE ASSINATURA (INTERA),ATIVO,0.0,8,2025-09,717632.9680544366,0.0,Manter Ativo
TFDCD0,515.4139325938022,220.9085008268152,7,Sem Informações de Faturamento,DISTRIBUICAO,MODALIDADE TRADICIONAL,ATIVO,8.0,8,2025-09,541.1846292234924,225.3266708433515,Manter Ativo
TFDCEX,82140.5311615714,11042.62947619111,35,Faixa 08 - De 150 M ate 300 M,DISTRIBUICAO,MODALIDADE CORPORATIVO,ATIVO,8.0,9,2025-09,86247.55771964998,11263.482065714932,Manter Ativo
TFDCFY,105488.57001327357,42483.3417887235,20,Sem Informações de Faturamento,CONSTRUCAO E PROJETOS,MODALIDADE TRADICIONAL,ATIVO,9.0,9,2025-09,110762.99851393724,43333.00862449797,Manter Ativo
TFDCGE,2690.4687154686503,882.8100472631501,10,Sem Informações de Faturamento,DISTRIBUICAO,MODALIDADE TRADICIONAL,ATIVO,9.0,9,2025-09,2824.992151242083,900.466248208413,Manter Ativo
TFDCGL,173535.14807058024,0.0,40,Faixa 07 - De 75 M ate 150 M,SAUDE,MODALIDADE ASSINATURA (INTERA),ATIVO,8.0,8,2025-09,182211.90547410926,0.0,Manter Ativo
TFDCGT,65328.548852934,0.0,24,Faixa 11 - Acima de 850 M,SERVICOS,MODALIDADE ASSINATURA COMPLEMENTAR,ATIVO,0.0,8,2025-09,68594.97629558071,0.0,Manter Ativo
TFDCKW,960.497331422307,0.0,21,Sem Informações de Faturamento,CONSTRUCAO E PROJETOS,MODALIDADE ASSINATURA COMPLEMENTAR,ATIVO,0.0,9,2025-09,1008.5221979934223,0.0,Manter Ativo
TFDCMG,1114708.4233600453,62177.875463684504,65,Faixa 08 - De 150 M ate 300 M,MANUFATURA,MODALIDADE CORPORATIVO,TROCADO,0.0,9,2025-09,1170443.8445280476,63421.432972958195,Risco de Churn
TFDCPA,420.7472685256169,0.0,7,Sem Informações de Faturamento,VAREJO,MODALIDADE ASSINATURA COMPLEMENTAR,ATIVO,9.0,9,2025-09,441.7846319518978,0.0,Manter Ativo
TFDCSM,83622.94579293573,2236.452119733311,168,Sem Informações de Faturamento,HOSPITALITY,MODALIDADE ASSINATURA COMPLEMENTAR,ATIVO,0.0,8,2025-09,87804.09308258252,2281.181162127977,Manter Ativo
TFDCTV,10028.722136909379,1052.3095763376746,36,Sem Informações de Faturamento,SERVICOS,MODALIDADE ASSINATURA COMPLEMENTAR,TROCADO,0.0,8,2025-09,10530.158243754848,1073.3557678644281,Risco de Churn
TFDCVD,946494.4212570596,12533.165959990223,703,Faixa 08 - De 150 M ate 300 M,DISTRIBUICAO,MODALIDADE ASSINATURA (INTERA),ATIVO,10.0,9,2025-09,993819.1423199126,12783.829279190028,Manter Ativo
TFDCX5,1848.09977608488,0.0,10,Faixa 03 - De 15 M ate 25 M,MANUFATURA,MODALIDADE ASSINATURA (INTERA),ATIVO,9.0,9,2025-09,1940.504764889124,0.0,Manter Ativo
TFDCY5,43724.669403894986,45497.55796781049,44,Sem Informações de Faturamento,SERVICOS,MODALIDADE TRADICIONAL,ATIVO,8.0,8,2025-09,45910.90287408974,46407.509127166704,Manter Ativo
TFDD30,2414.0650935279227,1159.213669203875,25,Sem Informações de Faturamento,HOSPITALITY,MODALIDADE ASSINATURA COMPLEMENTAR,ATIVO,0.0,8,2025-09,2534.768348204319,1182.3979425879525,Manter Ativo
TFDD98,1682313.7580471716,1022.378111878087,228,Faixa 03 - De 15 M ate 25 M,EDUCACIONAL,MODALIDADE ASSINATURA COMPLEMENTAR,ATIVO,8.0,9,2025-09,1766429.4459495302,1042.8256741156488,Manter Ativo
TFDDAO,14334.45998814071,0.0,11,"Faixa 01 - De 4,5 M ate 7,5 M",AGROINDUSTRIA,MODALIDADE ASSINATURA (INTERA),ATIVO,7.0,8,2025-09,15051.182987547747,0.0,Manter Ativo
TFDDBG,402857.3331106969,0.0,64,Faixa 06 - De 50 M ate 75 M,MANUFATURA,MODALIDADE ASSINATURA COMPLEMENTAR,ATIVO,10.0,9,2025-09,423000.1997662318,0.0,Manter Ativo
TFDDE7,36925.674194038875,51113.44057932601,24,Sem Informações de Faturamento,DISTRIBUICAO,MODALIDADE TRADICIONAL,ATIVO,0.0,9,2025-09,38771.95790374082,52135.70939091253,Manter Ativo
TFDDE8,9235.151573852461,0.0,6,"Faixa 00 - Ate 4,5 M",SERVICOS,MODALIDADE ASSINATURA (INTERA),GRATUITO,5.0,5,2025-09,9696.909152545084,0.0,Risco de Churn
TFDDEF,7739.091221471874,158247.4844435506,36,Sem Informações de Faturamento,VAREJO,MODALIDADE TRADICIONAL,ATIVO,6.0,9,2025-09,8126.045782545468,161412.43413242162,Manter Ativo
TFDDF0,2552570.8223667005,0.0,40,Sem Informações de Faturamento,DISTRIBUICAO,MODALIDADE ASSINATURA COMPLEMENTAR,ATIVO,0.0,8,2025-09,2680199.3634850355,0.0,Manter Ativo
TFDDIF,305058.601925974,1398.6653848805834,112,Faixa 07 - De 75 M ate 150 M,CONSTRUCAO E PROJETOS,MODALIDADE ASSINATURA (INTERA),ATIVO,10.0,9,2025-09,320311.5320222727,1426.638692578195,Manter Ativo
TFDDJH,1489253.5842384188,87657.38770892845,490,Faixa 08 - De 150 M ate 300 M,SERVICOS,MODALIDADE ASSINATURA (INTERA),ATIVO,8.0,8,2025-09,1563716.26345034,89410.53546310702,Manter Ativo
TFDDJR,197213.84973127098,0.0,168,Faixa 11 - Acima de 850 M,MANUFATURA,MODALIDADE ASSINATURA COMPLEMENTAR,ATIVO,7.0,8,2025-09,207074.54221783453,0.0,Manter Ativo
TFDDLC,1979.9159277133776,1794.2735863460398,24,Sem Informações de Faturamento,MANUFATURA,MODALIDADE ASSINATURA COMPLEMENTAR,ATIVO,7.0,8,2025-09,2078.9117240990468,1830.1590580729605,Manter Ativo
TFDDM5,74636.54486725779,0.0,18,"Faixa 02 - De 7,5 M ate 15 M",MANUFATURA,MODALIDADE ASSINATURA (INTERA),ATIVO,0.0,9,2025-09,78368.37211062068,0.0,Manter Ativo
TFDDM7,195733.4907861589,38113.93651765499,60,Sem Informações de Faturamento,MANUFATURA,MODALIDADE TRADICIONAL,ATIVO,0.0,9,2025-09,205520.16532546683,38876.21524800809,Manter Ativo
TFDDNV,2817876.0969056776,240615.07434927797,312,Faixa 08 - De 150 M ate 300 M,MANUFATURA,MODALIDADE ASSINATURA (INTERA),ATIVO,0.0,8,2025-09,2958769.901750962,245427.37583626353,Manter Ativo
TFDDO0,218945.60211372745,0.0,28,Faixa 03 - De 15 M ate 25 M,SAUDE,MODALIDADE ASSINATURA COMPLEMENTAR,CANCELADO,7.0,8,2025-09,229892.88221941382,0.0,Risco de Churn
TFDDOB,2225.059666266249,0.0,45,Sem Informações de Faturamento,SERVICOS,MPN,GRATUITO,0.0,8,2025-09,2336.312649579562,0.0,Risco de Churn
TFDDPD,21206.055814740736,18106.673689237196,36,Sem Informações de Faturamento,VAREJO,MODALIDADE ASSINATURA COMPLEMENTAR,ATIVO,8.0,8,2025-09,22266.358605477773,18468.80716302194,Manter Ativo
TFDDQV,9787.521616567616,0.0,32,Sem Informações de Faturamento,SERVICOS,MODALIDADE ASSINATURA COMPLEMENTAR,ATIVO,0.0,8,2025-09,10276.897697395996,0.0,Manter Ativo
TFDE03,3693.3619484464275,0.0,30,Faixa 08 - De 150 M ate 300 M,SERVICOS,MODALIDADE ASSINATURA COMPLEMENTAR,ATIVO,0.0,8,2025-09,3878.030045868749,0.0,Manter Ativo
TFDE26,78669.60371417635,20676.983549558565,261,Sem Informações de Faturamento,HOSPITALITY,MODALIDADE ASSINATURA COMPLEMENTAR,GRATUITO,0.0,8,2025-09,82603.08389988517,21090.523220549738,Risco de Churn
TFDE41,26573.18777808178,0.0,17,Sem Informações de Faturamento,MANUFATURA,MODALIDADE TRADICIONAL,ATIVO,0.0,9,2025-09,27901.84716698587,0.0,Manter Ativo
TFDE90,1849.6972418846944,0.0,24,Sem Informações de Faturamento,SERVICOS,MPN,ATIVO,0.0,8,2025-09,1942.1821039789293,0.0,Manter Ativo
TFDEB2,148284.2079581451,35382.36248484288,130,Faixa 09 - De 300 M ate 500 M,EDUCACIONAL,MODALIDADE ASSINATURA (INTERA),ATIVO,0.0,8,2025-09,155698.41835605237,36090.00973453974,Manter Ativo
TFDEB8,171686.37567731654,62817.39987735142,200,Sem Informações de Faturamento,HOSPITALITY,MODALIDADE ASSINATURA COMPLEMENTAR,ATIVO,0.0,8,2025-09,180270.69446118237,64073.74787489845,Manter Ativo
TFDEBE,38797.19786337777,0.0,16,Sem Informações de Faturamento,LOGISTICA,MODALIDADE ASSINATURA (INTERA),ATIVO,0.0,8,2025-09,40737.05775654666,0.0,Manter Ativo
TFDEBT,54534.11931960231,5708.8383056350385,42,"Faixa 02 - De 7,5 M ate 15 M",CONSTRUCAO E PROJETOS,MODALIDADE ASSINATURA COMPLEMENTAR,ATIVO,9.0,8,2025-09,57260.825285582425,5823.015071747739,Manter Ativo
TFDEBV,23115.649616403552,0.0,36,Faixa 04 - De 25 M ate 35 M,CONSTRUCAO E PROJETOS,MODALIDADE ASSINATURA (INTERA),CANCELADO,5.0,5,2025-09,24271.432097223733,0.0,Risco de Churn
TFDEC3,3579.0296396111044,0.0,14,Faixa 06 - De 50 M ate 75 M,CONSTRUCAO E PROJETOS,MODALIDADE ASSINATURA (INTERA),ATIVO,5.0,5,2025-09,3757.9811215916598,0.0,Manter Ativo
TFDED0,2056657.6508463388,2397736.079780714,899,Sem Informações de Faturamento,DISTRIBUICAO,MODALIDADE TRADICIONAL,ATIVO,9.0,8,2025-09,2159490.5333886556,2445690.8013763283,Manter Ativo
TFDEDM,180244.27321762577,139433.98258418625,45,Sem Informações de Faturamento,AGROINDUSTRIA,MODALIDADE TRADICIONAL,ATIVO,0.0,9,2025-09,189256.48687850707,142222.66223586997,Manter Ativo
TFDEDV,93802.32577019655,84611.89483102401,297,Sem Informações de Faturamento,DISTRIBUICAO,MODALIDADE ASSINATURA COMPLEMENTAR,ATIVO,10.0,9,2025-09,98492.44205870638,86304.1327276445,Manter Ativo
TFDEES,48560.28666092307,0.0,11,Sem Informações de Faturamento,CONSTRUCAO E PROJETOS,MODALIDADE ASSINATURA COMPLEMENTAR,ATIVO,0.0,9,2025-09,50988.30099396923,0.0,Manter Ativo
TFDEF2,27625.144230400576,0.0,60,"Faixa 00 - Ate 4,5 M",VAREJO,MODALIDADE ASSINATURA (INTERA),ATIVO,8.0,8,2025-09,29006.401441920607,0.0,Manter Ativo
TFDEFM,454530.492075418,40117.91532494248,238,"Faixa 02 - De 7,5 M ate 15 M",VAREJO,MODALIDADE ASSINATURA (INTERA),ATIVO,8.0,8,2025-09,477257.01667918894,40920.27363144133,Manter Ativo
TFDEKU,8301.827976456354,4843.8610213266,28,Sem Informações de Faturamento,HOSPITALITY,MODALIDADE ASSINATURA COMPLEMENTAR,ATIVO,9.0,9,2025-09,8716.919375279173,4940.738241753133,Manter Ativo
TFDEKX,16775.724038839042,6416.99489469059,63,Sem Informações de Faturamento,HOSPITALITY,MODALIDADE ASSINATURA COMPLEMENTAR,ATIVO,0.0,9,2025-09,17614.510240780994,6545.334792584402,Manter Ativo
TFDEL8,22011.98571845932,4015.146210673845,26,Sem Informações de Faturamento,MANUFATURA,MODALIDADE TRADICIONAL,ATIVO,6.0,9,2025-09,23112.585004382287,4095.449134887322,Manter Ativo
TFDELO,8269.105150704465,4876.583847078489,28,Sem Informações de Faturamento,HOSPITALITY,MODALIDADE ASSINATURA COMPLEMENTAR,ATIVO,10.0,9,2025-09,8682.56040823969,4974.115524020059,Manter Ativo
TFDELS,40106.06044716479,41497.95762168314,44,Sem Informações de Faturamento,VAREJO,MODALIDADE ASSINATURA COMPLEMENTAR,ATIVO,9.0,9,2025-09,42111.36346952303,42327.916774116806,Manter Ativo
TFDEM3,486675.0183923449,467265.3044617755,48,Sem Informações de Faturamento,MANUFATURA,MODALIDADE TRADICIONAL,ATIVO,10.0,9,2025-09,511008.7693119621,476610.61055101105,Manter Ativo
TFDEM9,179068.206284233,0.0,24,Sem Informações de Faturamento,SERVICOS,MODALIDADE ASSINATURA COMPLEMENTAR,ATIVO,0.0,8,2025-09,188021.61659844464,0.0,Manter Ativo
TFDEO6,91501.61348673716,0.0,28,Faixa 06 - De 50 M ate 75 M,MANUFATURA,MODALIDADE ASSINATURA COMPLEMENTAR,ATIVO,0.0,9,2025-09,96076.69416107402,0.0,Manter Ativo
TFDEO8,105.672362657399,9.24007849468763,1,Sem Informações de Faturamento,SERVICOS,MODALIDADE ASSINATURA COMPLEMENTAR,ATIVO,0.0,9,2025-09,110.95598079026897,9.424880064581382,Manter Ativo
TFDEP9,16962.934419004596,7074.55385646586,32,Sem Informações de Faturamento,VAREJO,MODALIDADE TRADICIONAL,ATIVO,0.0,9,2025-09,17811.081139954826,7216.044933595177,Manter Ativo
TFDEQZ,71.7682529851261,0.0,1,Sem Informações de Faturamento,VAREJO,MODALIDADE ASSINATURA COMPLEMENTAR,ATIVO,0.0,9,2025-09,75.35666563438241,0.0,Manter Ativo
TFDET7,3910898.627763295,2990644.057822043,2356,Sem Informações de Faturamento,VAREJO,MODALIDADE TRADICIONAL,ATIVO,9.0,9,2025-09,4106443.55915146,3050456.938978484,Manter Ativo
TFDEXX,103279.92220617174,0.0,36,Sem Informações de Faturamento,CONSTRUCAO E PROJETOS,MODALIDADE ASSINATURA COMPLEMENTAR,ATIVO,10.0,9,2025-09,108443.91831648034,0.0,Manter Ativo
TFDEY5,61413.51330161977,0.0,96,"Faixa 01 - De 4,5 M ate 7,5 M",MANUFATURA,MODALIDADE ASSINATURA (INTERA),ATIVO,7.0,8,2025-09,64484.18896670076,0.0,Manter Ativo
TFDEY6,2204.818093039716,0.0,37,Sem Informações de Faturamento,HOSPITALITY,MODALIDADE ASSINATURA COMPLEMENTAR,ATIVO,0.0,8,2025-09,2315.058997691702,0.0,Manter Ativo
TFDEZH,1220.77916035706,0.0,5,Faixa 03 - De 15 M ate 25 M,CONSTRUCAO E PROJETOS,MODALIDADE ASSINATURA (INTERA),ATIVO,7.0,8,2025-09,1281.818118374913,0.0,Manter Ativo
TFDEZT,88462.21620201647,0.0,42,Faixa 06 - De 50 M ate 75 M,SERVICOS,MODALIDADE ASSINATURA (INTERA),CANCELADO,0.0,9,2025-09,92885.3270121173,0.0,Risco de Churn
TFDF54,2816.584436506243,0.0,40,Sem Informações de Faturamento,SERVICOS,MPN,GRATUITO,0.0,8,2025-09,2957.4136583315553,0.0,Risco de Churn
TFDF57,27217.21031913233,4023.2596553939297,14,"Faixa 00 - Ate 4,5 M",MANUFATURA,MODALIDADE ASSINATURA (INTERA),ATIVO,0.0,8,2025-09,28578.070835088947,4103.724848501808,Manter Ativo
TFDF74,85343.63505991362,45727.19788039026,130,"Faixa 02 - De 7,5 M ate 15 M",EDUCACIONAL,MODALIDADE ASSINATURA COMPLEMENTAR,ATIVO,0.0,9,2025-09,89610.81681290931,46641.741837998066,Manter Ativo
TFDF76,68368.46321211112,50778.53607825327,66,Faixa 03 - De 15 M ate 25 M,MANUFATURA,MODALIDADE ASSINATURA (INTERA),ATIVO,0.0,8,2025-09,71786.88637271668,51794.10679981834,Manter Ativo
TFDF90,210292.7688624792,0.0,135,Faixa 06 - De 50 M ate 75 M,MANUFATURA,MODALIDADE ASSINATURA (INTERA),ATIVO,8.0,8,2025-09,220807.40730560315,0.0,Manter Ativo
TFDF95,15554.272261303113,0.0,37,Sem Informações de Faturamento,SERVICOS,MODALIDADE ASSINATURA (INTERA),ATIVO,0.0,9,2025-09,16331.985874368269,0.0,Manter Ativo
TFDF96,183787.26318802097,2703.9210590459907,48,Sem Informações de Faturamento,LOGISTICA,MODALIDADE SERVICOS RECORRENTES,ATIVO,0.0,9,2025-09,192976.62634742202,2757.9994802269107,Manter Ativo
TFDFA0,212786.8585848629,0.0,550,Sem Informações de Faturamento,SERVICOS,MODALIDADE SERVICOS RECORRENTES,ATIVO,0.0,8,2025-09,223426.20151410607,0.0,Manter Ativo
TFDFBF,2055.938484354845,0.0,19,Sem Informações de Faturamento,HOSPITALITY,MODALIDADE ASSINATURA COMPLEMENTAR,CANCELADO,0.0,9,2025-09,2158.7354085725874,0.0,Risco de Churn
TFDFBG,1653.3771028028411,0.0,19,Sem Informações de Faturamento,HOSPITALITY,MODALIDADE ASSINATURA COMPLEMENTAR,CANCELADO,0.0,9,2025-09,1736.0459579429833,0.0,Risco de Churn
TFDFBK,631816.5318825248,0.0,330,Faixa 08 - De 150 M ate 300 M,CONSTRUCAO E PROJETOS,MODALIDADE ASSINATURA COMPLEMENTAR,ATIVO,10.0,9,2025-09,663407.3584766511,0.0,Manter Ativo
TFDFDQ,7010.167577018804,0.0,22,"Faixa 00 - Ate 4,5 M",DISTRIBUICAO,MODALIDADE ASSINATURA (INTERA),ATIVO,0.0,9,2025-09,7360.675955869744,0.0,Manter Ativo
TFDFF6,97.1595514873614,1.3368266429984699,3,Sem Informações de Faturamento,EDUCACIONAL,MODALIDADE ASSINATURA COMPLEMENTAR,ATIVO,0.0,9,2025-09,102.01752906172948,1.3635631758584392,Manter Ativo
TFDFG9,166753.86371181518,697.369491049473,72,Faixa 09 - De 300 M ate 500 M,MANUFATURA,MODALIDADE ASSINATURA (INTERA),ATIVO,0.0,8,2025-09,175091.55689740594,711.3168808704625,Manter Ativo
TFDFH4,105.937205671578,0.0,6,Sem Informações de Faturamento,SERVICOS,MPN,GRATUITO,0.0,9,2025-09,111.23406595515691,0.0,Risco de Churn
TFDFJD,2236.45211973331,0.0,20,Sem Informações de Faturamento,SERVICOS,MPN,GRATUITO,0.0,9,2025-09,2348.274725719976,0.0,Risco de Churn
TFDFJK,381945.73648529267,58430.10719318245,168,Sem Informações de Faturamento,CONSTRUCAO E PROJETOS,MODALIDADE ASSINATURA COMPLEMENTAR,ATIVO,10.0,9,2025-09,401043.0233095573,59598.7093370461,Manter Ativo
TFDFMF,26664.785626271398,6628.680132452189,3,Sem Informações de Faturamento,MANUFATURA,MODALIDADE ASSINATURA COMPLEMENTAR,TROCADO,10.0,9,2025-09,27998.024907584968,6761.253735101233,Risco de Churn
TFDFMG,4885.45818998217,1278.611626167531,3,Sem Informações de Faturamento,SERVICOS,MODALIDADE ASSINATURA COMPLEMENTAR,TROCADO,0.0,9,2025-09,5129.731099481279,1304.1838586908818,Risco de Churn
TFDFMU,192.3012514381216,0.0,8,Sem Informações de Faturamento,VAREJO,MODALIDADE ASSINATURA COMPLEMENTAR,ATIVO,9.0,9,2025-09,201.9163140100277,0.0,Manter Ativo
TFDFQX,916.2307133381112,596.2751290657386,18,Sem Informações de Faturamento,SERVICOS,MODALIDADE ASSINATURA COMPLEMENTAR,ATIVO,0.0,8,2025-09,962.0422490050167,608.2006316470533,Manter Ativo
TFDFR2,413396.10085434216,201851.67549913842,272,Sem Informações de Faturamento,VAREJO,MODALIDADE TRADICIONAL,ATIVO,10.0,9,2025-09,434065.9058970593,205888.7090091212,Manter Ativo
TFDFSN,534233.4585807743,81340.40258102049,19,Sem Informações de Faturamento,SERVICOS,MODALIDADE TRADICIONAL,ATIVO,8.0,8,2025-09,560945.131509813,82967.2106326409,Manter Ativo
TFDFT4,122024.03939967864,0.0,306,"Faixa 00 - Ate 4,5 M",EDUCACIONAL,MODALIDADE ASSINATURA COMPLEMENTAR,ATIVO,8.0,9,2025-09,128125.24136966259,0.0,Manter Ativo
TFDGAH,360.640515879099,0.0,3,Sem Informações de Faturamento,DISTRIBUICAO,MODALIDADE ASSINATURA COMPLEMENTAR,CANCELADO,10.0,9,2025-09,378.67254167305396,0.0,Risco de Churn
TFDGD8,71156.94906597011,0.0,26,"Faixa 02 - De 7,5 M ate 15 M",SAUDE,MODALIDADE ASSINATURA (INTERA),ATIVO,9.0,9,2025-09,74714.79651926862,0.0,Manter Ativo
TFDGF7,49747.994075366776,0.0,126,Sem Informações de Faturamento,EDUCACIONAL,MODALIDADE ASSINATURA COMPLEMENTAR,ATIVO,8.0,8,2025-09,52235.39377913512,0.0,Manter Ativo
TFDGGS,641.5086343445556,644.4513345020996,14,Sem Informações de Faturamento,AGROINDUSTRIA,MODALIDADE TRADICIONAL,ATIVO,0.0,8,2025-09,673.5840660617835,657.3403611921416,Manter Ativo
TFDGHS,12566.338598480459,1084.5952009233,20,Sem Informações de Faturamento,SERVICOS,MODALIDADE ASSINATURA COMPLEMENTAR,ATIVO,0.0,8,2025-09,13194.655528404483,1106.2871049417658,Manter Ativo
TFDGIE,19648.82933765694,0.0,19,"Faixa 00 - Ate 4,5 M",EDUCACIONAL,MODALIDADE ASSINATURA (INTERA),ATIVO,0.0,9,2025-09,20631.27080453979,0.0,Manter Ativo
TFDGJU,2710.6808616936055,0.0,4,Sem Informações de Faturamento,MANUFATURA,MODALIDADE ASSINATURA COMPLEMENTAR,ATIVO,0.0,8,2025-09,2846.214904778286,0.0,Manter Ativo
TFDGK2,737770.4983334288,211174.69609969514,513,Sem Informações de Faturamento,VAREJO,MODALIDADE ASSINATURA COMPLEMENTAR,ATIVO,9.0,9,2025-09,774659.0232501002,215398.19002168905,Manter Ativo
TFDGKG,1227000.3227601217,201513.31122345186,420,Sem Informações de Faturamento,MANUFATURA,MODALIDADE SERVICOS RECORRENTES,ATIVO,0.0,8,2025-09,1288350.338898128,205543.5774479209,Manter Ativo
TFDGKO,456082.7411853782,0.0,128,Faixa 07 - De 75 M ate 150 M,MANUFATURA,MODALIDADE ASSINATURA COMPLEMENTAR,ATIVO,9.0,9,2025-09,478886.8782446472,0.0,Manter Ativo
TFDGKR,15495.283734716466,0.0,36,"Faixa 01 - De 4,5 M ate 7,5 M",SERVICOS,MODALIDADE ASSINATURA (INTERA),ATIVO,7.0,8,2025-09,16270.04792145229,0.0,Manter Ativo
TFDGM0,4624.243104711736,1278.233279004418,11,Sem Informações de Faturamento,MANUFATURA,MODALIDADE ASSINATURA COMPLEMENTAR,GRATUITO,8.0,8,2025-09,4855.455259947323,1303.7979445845062,Risco de Churn
TFDGM1,5079.94124339424,1300.454869051243,9,Sem Informações de Faturamento,VAREJO,MODALIDADE ASSINATURA COMPLEMENTAR,ATIVO,0.0,9,2025-09,5333.938305563952,1326.4639664322679,Manter Ativo
TFDGN4,2996.5095318532008,0.0,24,Sem Informações de Faturamento,SERVICOS,MPN,GRATUITO,0.0,9,2025-09,3146.335008445861,0.0,Risco de Churn
TFDGSR,1068.9358322277963,695.6543172433617,21,Sem Informações de Faturamento,VAREJO,MODALIDADE ASSINATURA COMPLEMENTAR,ATIVO,0.0,8,2025-09,1122.3826238391862,709.5674035882289,Manter Ativo
TFDGTN,141936.6103408841,0.0,28,Faixa 04 - De 25 M ate 35 M,MANUFATURA,MODALIDADE SERVICOS RECORRENTES,ATIVO,10.0,9,2025-09,149033.4408579283,0.0,Manter Ativo
TFDGU5,326.3538551863472,36.25406594094,16,Sem Informações de Faturamento,DISTRIBUICAO,MODALIDADE ASSINATURA COMPLEMENTAR,ATIVO,0.0,9,2025-09,342.67154794566454,36.979147259758804,Manter Ativo
TFDGVJ,3769546.0088802474,204948.07288591107,594,Sem Informações de Faturamento,LOGISTICA,MODALIDADE TRADICIONAL,ATIVO,0.0,9,2025-09,3958023.30932426,209047.0343436293,Manter Ativo
TFDGZK,392203.00973572367,445734.18957991706,192,Sem Informações de Faturamento,VAREJO,MODALIDADE TRADICIONAL,ATIVO,0.0,9,2025-09,411813.1602225099,454648.8733715154,Manter Ativo
TFDGZL,40623.03401084229,6047.248823752584,105,Sem Informações de Faturamento,HOSPITALITY,MODALIDADE ASSINATURA COMPLEMENTAR,ATIVO,0.0,8,2025-09,42654.18571138441,6168.193800227636,Manter Ativo
TFDHDT,806.3082508817463,0.0,26,"Faixa 02 - De 7,5 M ate 15 M",MANUFATURA,MODALIDADE ASSINATURA COMPLEMENTAR,ATIVO,7.0,8,2025-09,846.6236634258337,0.0,Manter Ativo
TFDHKP,89413.87702525142,0.0,48,Faixa 07 - De 75 M ate 150 M,LOGISTICA,MODALIDADE ASSINATURA (INTERA),ATIVO,0.0,8,2025-09,93884.570876514,0.0,Manter Ativo
TFDHKX,2287.764402766141,0.0,13,"Faixa 02 - De 7,5 M ate 15 M",LOGISTICA,MODALIDADE ASSINATURA (INTERA),ATIVO,7.0,9,2025-09,2402.152622904448,0.0,Manter Ativo
TFDHLE,1488.4681859740858,0.0,6,"Faixa 01 - De 4,5 M ate 7,5 M",LOGISTICA,MODALIDADE ASSINATURA (INTERA),ATIVO,9.0,9,2025-09,1562.8915952727903,0.0,Manter Ativo
TFDHMB,90500.64141657657,3867.54877848618,60,Sem Informações de Faturamento,HOSPITALITY,MODALIDADE ASSINATURA COMPLEMENTAR,ATIVO,0.0,8,2025-09,95025.67348740541,3944.8997540559035,Manter Ativo
TFDHNL,43531.33820740173,0.0,9,Faixa 06 - De 50 M ate 75 M,MANUFATURA,MODALIDADE ASSINATURA (INTERA),TROCADO,8.0,9,2025-09,45707.905117771814,0.0,Risco de Churn
TFDHQ0,35224.47821367598,9304.578278283629,55,"Faixa 01 - De 4,5 M ate 7,5 M",CONSTRUCAO E PROJETOS,MODALIDADE ASSINATURA (INTERA),ATIVO,0.0,8,2025-09,36985.702124359785,9490.669843849302,Manter Ativo
TFDHQ1,301520.53467255546,0.0,110,"Faixa 02 - De 7,5 M ate 15 M",SERVICOS,MODALIDADE ASSINATURA COMPLEMENTAR,ATIVO,6.0,5,2025-09,316596.56140618323,0.0,Manter Ativo
TFDHQN,70726.46986763777,0.0,32,Sem Informações de Faturamento,SERVICOS,MODALIDADE SERVICOS RECORRENTES,ATIVO,0.0,8,2025-09,74262.79336101966,0.0,Manter Ativo
TFDHQV,69651.0642989208,0.0,50,Faixa 07 - De 75 M ate 150 M,MANUFATURA,MODALIDADE ASSINATURA COMPLEMENTAR,ATIVO,0.0,9,2025-09,73133.61751386685,0.0,Manter Ativo
TFDHR5,108181.63671259562,50510.897498924576,63,Sem Informações de Faturamento,VAREJO,MODALIDADE TRADICIONAL,ATIVO,10.0,9,2025-09,113590.7185482254,51521.11544890307,Manter Ativo
TFDHTZ,8654.439124762739,0.0,3,Sem Informações de Faturamento,SERVICOS,MODALIDADE ASSINATURA COMPLEMENTAR,ATIVO,0.0,9,2025-09,9087.161081000877,0.0,Manter Ativo
TFDHWO,3695.1654032572615,0.0,6,Sem Informações de Faturamento,VAREJO,MODALIDADE ASSINATURA COMPLEMENTAR,ATIVO,1.0,5,2025-09,3879.9236734201245,0.0,Manter Ativo
TFDHZH,424.9259027493295,0.0,5,Sem Informações de Faturamento,VAREJO,MODALIDADE ASSINATURA COMPLEMENTAR,GRATUITO,8.0,9,2025-09,446.172197886796,0.0,Risco de Churn
TFDI94,5282826.546527572,825376.9479026305,1200,"Faixa 01 - De 4,5 M ate 7,5 M",SERVICOS,MODALIDADE ASSINATURA COMPLEMENTAR,ATIVO,0.0,9,2025-09,5546967.873853951,841884.4868606832,Manter Ativo
TFDIBZ,129614.11228517248,0.0,119,"Faixa 01 - De 4,5 M ate 7,5 M",DISTRIBUICAO,MODALIDADE ASSINATURA (INTERA),ATIVO,0.0,8,2025-09,136094.8178994311,0.0,Manter Ativo
TFDID7,1525031.151354421,1490282.9911998177,690,Faixa 03 - De 15 M ate 25 M,LOGISTICA,MODALIDADE TRADICIONAL,ATIVO,8.0,8,2025-09,1601282.708922142,1520088.6510238142,Manter Ativo
TFDIDL,574.1460238810088,0.0,8,Sem Informações de Faturamento,SERVICOS,MPN,GRATUITO,0.0,9,2025-09,602.8533250750593,0.0,Risco de Churn
TFDIDT,1124488.966573383,866684.218554104,1240,Faixa 06 - De 50 M ate 75 M,EDUCACIONAL,MODALIDADE ASSINATURA COMPLEMENTAR,ATIVO,0.0,8,2025-09,1180713.4149020521,884017.9029251861,Manter Ativo
TFDIE8,27270.82631600283,0.0,11,"Faixa 01 - De 4,5 M ate 7,5 M",SERVICOS,MODALIDADE ASSINATURA (INTERA),ATIVO,0.0,9,2025-09,28634.367631802972,0.0,Manter Ativo
TFDIED,1068.9358322277963,695.6543172433617,21,Sem Informações de Faturamento,SERVICOS,MODALIDADE ASSINATURA COMPLEMENTAR,ATIVO,0.0,8,2025-09,1122.3826238391862,709.5674035882289,Manter Ativo
TFDIEL,35337.5577730156,6421.005374619584,16,"Faixa 00 - Ate 4,5 M",DISTRIBUICAO,MODALIDADE ASSINATURA (INTERA),ATIVO,0.0,9,2025-09,37104.43566166638,6549.425482111976,Manter Ativo
TFDIEO,164633.22786256805,0.0,133,Faixa 06 - De 50 M ate 75 M,MANUFATURA,MODALIDADE ASSINATURA (INTERA),ATIVO,0.0,8,2025-09,172864.88925569647,0.0,Manter Ativo
TFDIG7,5298.2727796545205,3316.5407855582002,12,Sem Informações de Faturamento,DISTRIBUICAO,MODALIDADE TRADICIONAL,ATIVO,9.0,9,2025-09,5563.186418637247,3382.8716012693644,Manter Ativo
TFDIGN,1035877.206553217,27827.110149927452,391,Sem Informações de Faturamento,VAREJO,MODALIDADE ASSINATURA COMPLEMENTAR,ATIVO,8.0,8,2025-09,1087671.0668808778,28383.652352926,Manter Ativo
TFDIJ2,518.2515363171477,0.0,23,Sem Informações de Faturamento,CONSTRUCAO E PROJETOS,MODALIDADE ASSINATURA COMPLEMENTAR,ATIVO,10.0,9,2025-09,544.1641131330051,0.0,Manter Ativo
TFDIM0,559061.532680572,0.0,100,Faixa 04 - De 25 M ate 35 M,SERVICOS,MODALIDADE SERVICOS RECORRENTES,ATIVO,9.0,9,2025-09,587014.6093146006,0.0,Manter Ativo
TFDIMB,33258.26265712461,74465.17882551186,16,Sem Informações de Faturamento,MANUFATURA,MODALIDADE TRADICIONAL,ATIVO,10.0,9,2025-09,34921.175789980836,75954.4824020221,Manter Ativo
TFDIO4,123274.67855892013,113335.96521211503,266,Sem Informações de Faturamento,VAREJO,MODALIDADE TRADICIONAL,ATIVO,8.0,8,2025-09,129438.41248686615,115602.68451635733,Manter Ativo
TFDIQT,4503.441059387196,0.0,12,"Faixa 02 - De 7,5 M ate 15 M",MANUFATURA,MODALIDADE ASSINATURA (INTERA),ATIVO,0.0,9,2025-09,4728.6131123565565,0.0,Manter Ativo
TFDIR1,66130.84662388683,0.0,90,"Faixa 01 - De 4,5 M ate 7,5 M",MANUFATURA,MODALIDADE SERVICOS RECORRENTES,ATIVO,0.0,9,2025-09,69437.38895508117,0.0,Manter Ativo
TFDIR5,324603.3731822026,57332.72806200334,95,Faixa 09 - De 300 M ate 500 M,AGROINDUSTRIA,MODALIDADE ASSINATURA (INTERA),ATIVO,8.0,8,2025-09,340833.5418413127,58479.38262324341,Manter Ativo
TFDIRI,591205.7647274822,13732.669398208243,392,Faixa 09 - De 300 M ate 500 M,CONSTRUCAO E PROJETOS,MODALIDADE ASSINATURA COMPLEMENTAR,ATIVO,0.0,9,2025-09,620766.0529638564,14007.322786172408,Manter Ativo
TFDISA,988069.3388955768,466704.2660651675,608,Sem Informações de Faturamento,DISTRIBUICAO,MODALIDADE TRADICIONAL,ATIVO,0.0,8,2025-09,1037472.8058403557,476038.35138647084,Manter Ativo
TFDISF,15422.92694169983,0.0,70,Faixa 07 - De 75 M ate 150 M,MANUFATURA,MODALIDADE ASSINATURA (INTERA),ATIVO,0.0,8,2025-09,16194.073288784823,0.0,Manter Ativo
TFDIT8,2114.641148640468,0.0,8,Faixa 04 - De 25 M ate 35 M,MANUFATURA,MODALIDADE ASSINATURA (INTERA),ATIVO,8.0,8,2025-09,2220.3732060724915,0.0,Manter Ativo
TFDITE,474.363265396064,0.0,4,Sem Informações de Faturamento,VAREJO,MODALIDADE ASSINATURA COMPLEMENTAR,ATIVO,0.0,9,2025-09,498.0814286658672,0.0,Manter Ativo
TFDIUJ,847.9516619683561,14.83120879402092,6,Sem Informações de Faturamento,MANUFATURA,MODALIDADE TRADICIONAL,ATIVO,9.0,9,2025-09,890.349245066774,15.12783296990134,Manter Ativo
TFDIVV,6593.834358729495,0.0,50,Sem Informações de Faturamento,SERVICOS,MPN,GRATUITO,10.0,8,2025-09,6923.52607666597,0.0,Risco de Churn
TFDIZQ,14730.316217190848,8086.203724341,8,Sem Informações de Faturamento,LOGISTICA,MODALIDADE TRADICIONAL,ATIVO,0.0,9,2025-09,15466.83202805039,8247.92779882782,Manter Ativo
TFDJ86,286126.5723081208,0.0,24,Sem Informações de Faturamento,SERVICOS,MODALIDADE ASSINATURA COMPLEMENTAR,GRATUITO,0.0,8,2025-09,300432.90092352685,0.0,Risco de Churn
TFDJAH,282808.211252322,0.0,124,Sem Informações de Faturamento,VAREJO,MODALIDADE TRADICIONAL,ATIVO,0.0,9,2025-09,296948.62181493815,0.0,Manter Ativo
TFDJAJ,205.989011028068,0.0,2,Sem Informações de Faturamento,CONSTRUCAO E PROJETOS,MODALIDADE ASSINATURA COMPLEMENTAR,ATIVO,0.0,9,2025-09,216.2884615794714,0.0,Manter Ativo
TFDJCP,2243.14466066304,0.0,8,Sem Informações de Faturamento,VAREJO,MODALIDADE ASSINATURA COMPLEMENTAR,ATIVO,0.0,9,2025-09,2355.301893696192,0.0,Manter Ativo
TFDJDS,29416.491932018525,4473.27417891501,9,Sem Informações de Faturamento,SERVICOS,MODALIDADE ASSINATURA COMPLEMENTAR,ATIVO,0.0,9,2025-09,30887.316528619453,4562.739662493311,Manter Ativo
TFDJF4,21997.6841956937,0.0,42,Faixa 07 - De 75 M ate 150 M,MANUFATURA,MODALIDADE ASSINATURA COMPLEMENTAR,ATIVO,0.0,9,2025-09,23097.568405478385,0.0,Manter Ativo
TFDJI5,582288.8619718108,191212.75505756072,240,Sem Informações de Faturamento,DISTRIBUICAO,MODALIDADE TRADICIONAL,ATIVO,10.0,9,2025-09,611403.3050704014,195037.01015871193,Manter Ativo
TFDJIH,65984.1235940314,0.0,57,Faixa 08 - De 150 M ate 300 M,EDUCACIONAL,MODALIDADE ASSINATURA COMPLEMENTAR,TROCADO,9.0,9,2025-09,69283.32977373298,0.0,Risco de Churn
TFDJIV,82050.88810705788,82226.9960999148,72,Sem Informações de Faturamento,VAREJO,MODALIDADE TRADICIONAL,ATIVO,10.0,9,2025-09,86153.43251241077,83871.5360219131,Manter Ativo
TFDJJ2,979276.8030562784,0.0,128,Sem Informações de Faturamento,MANUFATURA,MODALIDADE SERVICOS RECORRENTES,ATIVO,0.0,8,2025-09,1028240.6432090923,0.0,Manter Ativo
TFDJJI,109077.48712541394,195840.39908288323,162,Sem Informações de Faturamento,DISTRIBUICAO,MODALIDADE TRADICIONAL,ATIVO,0.0,9,2025-09,114531.36148168464,199757.2070645409,Manter Ativo
TFDJJY,29006.615838646332,0.0,30,Sem Informações de Faturamento,MANUFATURA,MODALIDADE TRADICIONAL,TROCADO,0.0,8,2025-09,30456.946630578652,0.0,Risco de Churn
TFDJMF,182496.00635889074,0.0,144,Faixa 05 - De 35 M ate 50 M,MANUFATURA,MODALIDADE ASSINATURA (INTERA),ATIVO,7.0,8,2025-09,191620.8066768353,0.0,Manter Ativo
TFDJMK,32885.72522489436,0.0,13,"Faixa 00 - Ate 4,5 M",MANUFATURA,MODALIDADE ASSINATURA (INTERA),ATIVO,0.0,8,2025-09,34530.01148613908,0.0,Manter Ativo
TFDJNH,2438.7753671365554,0.0,8,"Faixa 00 - Ate 4,5 M",LOGISTICA,MODALIDADE CORPORATIVO,ATIVO,10.0,9,2025-09,2560.7141354933833,0.0,Manter Ativo
TFDJO7,1221.506427681708,795.1680288567584,24,Sem Informações de Faturamento,VAREJO,MODALIDADE ASSINATURA COMPLEMENTAR,ATIVO,0.0,8,2025-09,1282.5817490657935,811.0713894338936,Manter Ativo
TFDJON,6299.48026582776,5541.083377368192,18,Sem Informações de Faturamento,MANUFATURA,MODALIDADE ASSINATURA COMPLEMENTAR,ATIVO,0.0,8,2025-09,6614.454279119149,5651.905044915556,Manter Ativo
TFDJOP,4052.669841539893,0.0,16,Sem Informações de Faturamento,HOSPITALITY,MODALIDADE ASSINATURA COMPLEMENTAR,ATIVO,8.0,8,2025-09,4255.303333616887,0.0,Manter Ativo
TFDJPN,13483.737984166857,2009.7801304550783,36,Sem Informações de Faturamento,SERVICOS,MODALIDADE ASSINATURA COMPLEMENTAR,GRATUITO,0.0,8,2025-09,14157.9248833752,2049.97573306418,Risco de Churn
TFDJPY,90.5510877049917,0.0,3,Sem Informações de Faturamento,EDUCACIONAL,MODALIDADE ASSINATURA COMPLEMENTAR,ATIVO,0.0,9,2025-09,95.07864209024129,0.0,Manter Ativo
TFDJSX,210.192868395988,0.0,2,Sem Informações de Faturamento,AGROINDUSTRIA,MODALIDADE ASSINATURA COMPLEMENTAR,ATIVO,0.0,8,2025-09,220.7025118157874,0.0,Manter Ativo
TFDJT2,601.1516036125262,0.0,13,Sem Informações de Faturamento,HOSPITALITY,MODALIDADE ASSINATURA COMPLEMENTAR,ATIVO,8.0,8,2025-09,631.2091837931525,0.0,Manter Ativo
TFDK20,74881.78949838753,0.0,18,Faixa 05 - De 35 M ate 50 M,LOGISTICA,MODALIDADE ASSINATURA (INTERA),ATIVO,10.0,9,2025-09,78625.87897330691,0.0,Manter Ativo
TFDKKK,620282.6522458916,0.0,66,Faixa 08 - De 150 M ate 300 M,SERVICOS,MODALIDADE ASSINATURA COMPLEMENTAR,ATIVO,8.0,8,2025-09,651296.7848581863,0.0,Manter Ativo
TFDMBQ,9368.708122431246,16123.945380944635,18,Sem Informações de Faturamento,SERVICOS,MODALIDADE TRADICIONAL,ATIVO,10.0,9,2025-09,9837.14352855281,16446.42428856353,Manter Ativo
TFDMC7,69813.08936959508,0.0,48,"Faixa 02 - De 7,5 M ate 15 M",AGROINDUSTRIA,MODALIDADE ASSINATURA (INTERA),ATIVO,6.0,5,2025-09,73303.74383807484,0.0,Manter Ativo
TFDMP7,273449.6554454341,33642.62974398826,195,Faixa 10 - De 500 M ate 850 M,CONSTRUCAO E PROJETOS,MODALIDADE ASSINATURA COMPLEMENTAR,ATIVO,8.0,9,2025-09,287122.1382177058,34315.48233886803,Manter Ativo
TFDMWC,3998750.019285891,156.7366181055199,468,"Faixa 00 - Ate 4,5 M",SAUDE,MODALIDADE ASSINATURA (INTERA),ATIVO,0.0,8,2025-09,4198687.520250186,159.87135046763032,Manter Ativo
TFDMX1,17063.41922166999,0.0,36,Sem Informações de Faturamento,MANUFATURA,MODALIDADE ASSINATURA COMPLEMENTAR,ATIVO,0.0,8,2025-09,17916.590182753487,0.0,Manter Ativo
TFDMZQ,504.46288415037117,0.0,6,Sem Informações de Faturamento,CONSTRUCAO E PROJETOS,MODALIDADE ASSINATURA COMPLEMENTAR,ATIVO,0.0,9,2025-09,529.6860283578898,0.0,Manter Ativo
TFDN71,9458.679077819459,0.0,15,"Faixa 00 - Ate 4,5 M",SERVICOS,MODALIDADE SERVICOS RECORRENTES,ATIVO,7.0,8,2025-09,9931.613031710433,0.0,Manter Ativo
TFDN89,10740.939652182346,0.0,26,Sem Informações de Faturamento,VAREJO,MODALIDADE ASSINATURA (INTERA),ATIVO,8.0,8,2025-09,11277.986634791463,0.0,Manter Ativo
TFDN98,15398.775781121096,22927.136040453956,44,Sem Informações de Faturamento,DISTRIBUICAO,MODALIDADE TRADICIONAL,ATIVO,7.0,8,2025-09,16168.714570177151,23385.678761263036,Manter Ativo
TFDN99,637.1366226819191,0.0,9,Sem Informações de Faturamento,VAREJO,MPN,GRATUITO,0.0,9,2025-09,668.9934538160151,0.0,Risco de Churn
TFDNEH,2456231.788168125,233544.48473031042,363,Sem Informações de Faturamento,VAREJO,MODALIDADE TRADICIONAL,ATIVO,0.0,9,2025-09,2579043.3775765314,238215.37442491663,Manter Ativo
TFDNG1,23387.151540653296,0.0,60,Faixa 03 - De 15 M ate 25 M,CONSTRUCAO E PROJETOS,MODALIDADE ASSINATURA (INTERA),ATIVO,7.0,8,2025-09,24556.50911768596,0.0,Manter Ativo
TFDNK5,125859.05032213705,0.0,48,Faixa 07 - De 75 M ate 150 M,CONSTRUCAO E PROJETOS,MODALIDADE ASSINATURA (INTERA),ATIVO,6.0,5,2025-09,132152.0028382439,0.0,Manter Ativo
TFDNKE,22904.750499969752,0.0,52,Faixa 06 - De 50 M ate 75 M,MANUFATURA,MODALIDADE ASSINATURA (INTERA),ATIVO,0.0,8,2025-09,24049.98802496824,0.0,Manter Ativo
TFDNLF,1484644.6095436672,485703.8432632088,180,Faixa 10 - De 500 M ate 850 M,AGROINDUSTRIA,MODALIDADE ASSINATURA (INTERA),ATIVO,7.0,8,2025-09,1558876.8400208505,495417.92012847296,Manter Ativo
TFDNLJ,353916.9672974263,419776.73238279996,156,Faixa 08 - De 150 M ate 300 M,EDUCACIONAL,MODALIDADE ASSINATURA COMPLEMENTAR,ATIVO,0.0,9,2025-09,371612.81566229765,428172.267030456,Manter Ativo
TFDNMT,498.66156098264105,210.1087912486296,3,Sem Informações de Faturamento,EDUCACIONAL,MODALIDADE ASSINATURA COMPLEMENTAR,ATIVO,0.0,8,2025-09,523.5946390317731,214.31096707360217,Manter Ativo
TFDNN4,22630.45721442774,0.0,36,Sem Informações de Faturamento,DISTRIBUICAO,MODALIDADE ASSINATURA COMPLEMENTAR,ATIVO,0.0,8,2025-09,23761.980075149128,0.0,Manter Ativo
TFDNNL,2803.3086549383447,724.8501066635642,33,Sem Informações de Faturamento,DISTRIBUICAO,MODALIDADE ASSINATURA COMPLEMENTAR,TROCADO,0.0,9,2025-09,2943.474087685262,739.3471087968355,Risco de Churn
TFDNOP,28215.07994255545,4858.5156681111675,14,"Faixa 00 - Ate 4,5 M",SERVICOS,MODALIDADE ASSINATURA (INTERA),GRATUITO,0.0,9,2025-09,29625.833939683223,4955.685981473391,Risco de Churn
TFDNOT,1278166.6899037103,218126.3207590081,864,"Faixa 00 - Ate 4,5 M",SERVICOS,MODALIDADE ASSINATURA COMPLEMENTAR,ATIVO,0.0,9,2025-09,1342075.024398896,222488.84717418824,Manter Ativo
TFDNP8,464944.8886988323,465421.429562345,28,Sem Informações de Faturamento,VAREJO,MODALIDADE TRADICIONAL,ATIVO,0.0,9,2025-09,488192.1331337739,474729.85815359186,Manter Ativo
TFDNQK,150342.00454745645,170460.36271453637,156,Sem Informações de Faturamento,VAREJO,MODALIDADE ASSINATURA COMPLEMENTAR,ATIVO,8.0,9,2025-09,157859.1047748293,173869.5699688271,Manter Ativo
TFDNRQ,540.9607738186503,0.0,9,Sem Informações de Faturamento,MANUFATURA,MPN,GRATUITO,0.0,9,2025-09,568.0088125095829,0.0,Risco de Churn
TFDNRT,48455.4088273082,585.2442073323164,132,Sem Informações de Faturamento,HOSPITALITY,MODALIDADE ASSINATURA COMPLEMENTAR,ATIVO,0.0,8,2025-09,50878.179268673615,596.9490914789627,Manter Ativo
TFDNSO,420788.9623829922,0.0,208,Sem Informações de Faturamento,CONSTRUCAO E PROJETOS,MODALIDADE TRADICIONAL,ATIVO,9.0,9,2025-09,441828.4105021418,0.0,Manter Ativo
TFDNT0,1067645.1639386988,0.0,70,Faixa 10 - De 500 M ate 850 M,SERVICOS,MODALIDADE ASSINATURA COMPLEMENTAR,ATIVO,0.0,8,2025-09,1121027.4221356339,0.0,Manter Ativo
TFDNTR,7628129.788278612,5259299.13328585,1015,Sem Informações de Faturamento,DISTRIBUICAO,MODALIDADE TRADICIONAL,ATIVO,0.0,8,2025-09,8009536.277692543,5364485.115951567,Manter Ativo
TFDNXC,67765.44509582712,0.0,100,Faixa 08 - De 150 M ate 300 M,SERVICOS,MODALIDADE ASSINATURA (INTERA),ATIVO,8.0,9,2025-09,71153.71735061848,0.0,Manter Ativo
TFDNYI,168.2888181525638,0.0,4,Sem Informações de Faturamento,DISTRIBUICAO,MODALIDADE ASSINATURA COMPLEMENTAR,ATIVO,0.0,8,2025-09,176.703259060192,0.0,Manter Ativo
TFDNYJ,28331.50997621738,0.0,12,Sem Informações de Faturamento,MANUFATURA,MODALIDADE ASSINATURA COMPLEMENTAR,ATIVO,0.0,9,2025-09,29748.085475028252,0.0,Manter Ativo
TFDNZ1,300.5337632325831,0.0,4,Sem Informações de Faturamento,VAREJO,MODALIDADE ASSINATURA COMPLEMENTAR,ATIVO,0.0,9,2025-09,315.5604513942123,0.0,Manter Ativo
TFDNZU,13097.24374547506,1007.9168425324416,90,Sem Informações de Faturamento,EDUCACIONAL,MODALIDADE ASSINATURA COMPLEMENTAR,TROCADO,0.0,9,2025-09,13752.105932748813,1028.0751793830905,Risco de Churn
TFDO36,113955.13875226396,0.0,30,"Faixa 00 - Ate 4,5 M",SAUDE,MODALIDADE ASSINATURA (INTERA),ATIVO,0.0,9,2025-09,119652.89568987716,0.0,Manter Ativo
TFDO46,588.540031508766,0.0,20,Sem Informações de Faturamento,SERVICOS,MPN,GRATUITO,0.0,9,2025-09,617.9670330842043,0.0,Risco de Churn
TFDO85,1906.7688095115734,30.21732676060728,24,Sem Informações de Faturamento,VAREJO,MPN,GRATUITO,0.0,8,2025-09,2002.1072499871523,30.821673295819423,Risco de Churn
TFDOAK,379366.4724087783,0.0,60,"Faixa 02 - De 7,5 M ate 15 M",MANUFATURA,MODALIDADE ASSINATURA (INTERA),ATIVO,0.0,9,2025-09,398334.79602921725,0.0,Manter Ativo
TFDOAP,44231.23842058663,16465.46675351448,24,Sem Informações de Faturamento,VAREJO,MODALIDADE TRADICIONAL,ATIVO,0.0,9,2025-09,46442.80034161597,16794.77608858477,Manter Ativo
TFDOAQ,44390.18626766775,12350.487338067254,60,Sem Informações de Faturamento,DISTRIBUICAO,MODALIDADE TRADICIONAL,ATIVO,0.0,9,2025-09,46609.695581051135,12597.4970848286,Manter Ativo
TFDOBC,2954.470958174008,88.28100472631496,42,"Faixa 01 - De 4,5 M ate 7,5 M",MANUFATURA,MODALIDADE ASSINATURA COMPLEMENTAR,ATIVO,0.0,8,2025-09,3102.1945060827084,90.04662482084126,Manter Ativo
TFDOBO,47586.80361409128,25292.54568880552,45,Sem Informações de Faturamento,VAREJO,MODALIDADE TRADICIONAL,ATIVO,4.0,9,2025-09,49966.14379479585,25798.39660258163,Manter Ativo
TFDOCD,31643.61148839504,0.0,16,"Faixa 00 - Ate 4,5 M",VAREJO,MODALIDADE ASSINATURA COMPLEMENTAR,ATIVO,0.0,9,2025-09,33225.79206281479,0.0,Manter Ativo
TFDOD9,772842.3723207932,0.0,105,Faixa 08 - De 150 M ate 300 M,SERVICOS,MODALIDADE ASSINATURA COMPLEMENTAR,ATIVO,0.0,8,2025-09,811484.490936833,0.0,Manter Ativo
TFDOF6,55154.60866710721,180508.92705822297,32,Sem Informações de Faturamento,DISTRIBUICAO,MODALIDADE TRADICIONAL,CANCELADO,0.0,9,2025-09,57912.339100462574,184119.10559938743,Risco de Churn
TFDOFG,444294.5870319874,514676.5423806096,198,Sem Informações de Faturamento,DISTRIBUICAO,MODALIDADE TRADICIONAL,ATIVO,7.0,8,2025-09,466509.3163835868,524970.0732282219,Manter Ativo
TFDOH6,928.817062297662,0.0,6,"Faixa 01 - De 4,5 M ate 7,5 M",SERVICOS,MODALIDADE ASSINATURA (INTERA),ATIVO,0.0,9,2025-09,975.2579154125451,0.0,Manter Ativo
TFDOJB,3365.77636305128,0.0,10,Sem Informações de Faturamento,SERVICOS,MODALIDADE TRADICIONAL,ATIVO,10.0,9,2025-09,3534.065181203844,0.0,Manter Ativo
TFDOJI,60.1067526465167,0.0,1,Sem Informações de Faturamento,VAREJO,MODALIDADE ASSINATURA COMPLEMENTAR,ATIVO,0.0,9,2025-09,63.112090278842544,0.0,Manter Ativo
TFDOMM,580.132316772927,0.0,18,Sem Informações de Faturamento,SERVICOS,MPN,GRATUITO,0.0,9,2025-09,609.1389326115733,0.0,Risco de Churn
TFDOPS,12781.576095717957,2347.7156126900395,39,Sem Informações de Faturamento,SERVICOS,MODALIDADE ASSINATURA COMPLEMENTAR,TROCADO,0.0,9,2025-09,13420.654900503856,2394.66992494384,Risco de Churn
TFDOQ5,5022.558590322129,242.64664727632828,45,Sem Informações de Faturamento,SAUDE,MODALIDADE ASSINATURA COMPLEMENTAR,TROCADO,0.0,9,2025-09,5273.686519838236,247.49958022185484,Risco de Churn
TFDOR8,65017.02620654187,27284.7158607464,80,Faixa 04 - De 25 M ate 35 M,SERVICOS,MODALIDADE ASSINATURA COMPLEMENTAR,ATIVO,8.0,9,2025-09,68267.87751686898,27830.41017796133,Manter Ativo
TFDORH,760.9654453113632,15.0666248066244,8,"Faixa 02 - De 7,5 M ate 15 M",EDUCACIONAL,MODALIDADE ASSINATURA (INTERA),ATIVO,6.0,5,2025-09,799.0137175769314,15.367957302756889,Manter Ativo
TFDORV,1218320.013097117,869870.6247309818,792,Sem Informações de Faturamento,VAREJO,MODALIDADE SERVICOS RECORRENTES,ATIVO,8.0,8,2025-09,1279236.013751973,887268.0372256014,Manter Ativo
TFDOSE,240.4270105860668,0.0,4,Sem Informações de Faturamento,VAREJO,MODALIDADE ASSINATURA COMPLEMENTAR,ATIVO,0.0,9,2025-09,252.44836111537018,0.0,Manter Ativo
TFDOSO,5548000.311796503,0.0,330,Faixa 10 - De 500 M ate 850 M,CONSTRUCAO E PROJETOS,MODALIDADE ASSINATURA COMPLEMENTAR,ATIVO,8.0,8,2025-09,5825400.327386329,0.0,Manter Ativo
TFDOSP,217075.8020259089,0.0,30,Faixa 03 - De 15 M ate 25 M,DISTRIBUICAO,MODALIDADE ASSINATURA (INTERA),ATIVO,0.0,8,2025-09,227929.59212720435,0.0,Manter Ativo
TFDOSV,353460.44940655713,86844.05481238483,217,Sem Informações de Faturamento,SERVICOS,MODALIDADE ASSINATURA COMPLEMENTAR,ATIVO,5.0,5,2025-09,371133.471876885,88580.93590863253,Manter Ativo
TFDOT9,48504.82937452545,0.0,58,Faixa 05 - De 35 M ate 50 M,MANUFATURA,MODALIDADE ASSINATURA COMPLEMENTAR,ATIVO,10.0,8,2025-09,50930.07084325172,0.0,Manter Ativo
TFDOUH,603.673918033278,52.968602835789,20,Faixa 03 - De 15 M ate 25 M,CONSTRUCAO E PROJETOS,MODALIDADE ASSINATURA (INTERA),ATIVO,7.0,8,2025-09,633.8576139349419,54.02797489250478,Manter Ativo
TFDOVP,25717.160506109663,0.0,10,"Faixa 01 - De 4,5 M ate 7,5 M",SERVICOS,MODALIDADE ASSINATURA (INTERA),ATIVO,0.0,9,2025-09,27003.01853141515,0.0,Manter Ativo
TFDOWR,649458.633090175,426700.9394843602,84,Sem Informações de Faturamento,DISTRIBUICAO,MODALIDADE ASSINATURA COMPLEMENTAR,ATIVO,0.0,8,2025-09,681931.5647446838,435234.9582740474,Manter Ativo
TFDOWU,2017.851536601488,0.0,8,Sem Informações de Faturamento,MANUFATURA,MPN,GRATUITO,0.0,9,2025-09,2118.7441134315627,0.0,Risco de Churn
TFDOWW,941.327741824592,0.0,8,Sem Informações de Faturamento,SERVICOS,MPN,GRATUITO,0.0,9,2025-09,988.3941289158216,0.0,Risco de Churn
TFDOXA,127397.89753480852,201219.90720231525,114,Sem Informações de Faturamento,DISTRIBUICAO,MODALIDADE TRADICIONAL,ATIVO,7.0,9,2025-09,133767.79241154896,205244.30534636157,Manter Ativo
TFDOY2,5117.675067128687,225.7471406572907,36,Sem Informações de Faturamento,SERVICOS,MODALIDADE ASSINATURA COMPLEMENTAR,TROCADO,0.0,9,2025-09,5373.558820485122,230.2620834704365,Risco de Churn
TFDOYN,1906.7688095115734,30.21732676060728,24,Sem Informações de Faturamento,SERVICOS,MPN,GRATUITO,0.0,8,2025-09,2002.1072499871523,30.821673295819423,Risco de Churn
TFDP11,291352.6648567681,0.0,81,Faixa 07 - De 75 M ate 150 M,VAREJO,MODALIDADE ASSINATURA (INTERA),ATIVO,0.0,9,2025-09,305920.29809960653,0.0,Manter Ativo
TFDP99,5724.493470473162,99.68186590811332,39,Sem Informações de Faturamento,VAREJO,MODALIDADE ASSINATURA COMPLEMENTAR,TROCADO,0.0,9,2025-09,6010.718143996821,101.6755032262756,Risco de Churn
TFDPBR,926.9505496263068,3404.7461208518907,18,Sem Informações de Faturamento,VAREJO,MPN,GRATUITO,0.0,8,2025-09,973.2980771076222,3472.8410432689284,Risco de Churn
TFDPC0,580.132316772927,0.0,18,Sem Informações de Faturamento,SERVICOS,MPN,GRATUITO,0.0,9,2025-09,609.1389326115733,0.0,Risco de Churn
TFDPE8,90.5510877049917,0.0,3,Sem Informações de Faturamento,CONSTRUCAO E PROJETOS,MODALIDADE ASSINATURA COMPLEMENTAR,ATIVO,0.0,9,2025-09,95.07864209024129,0.0,Manter Ativo
TFDPEL,3515.7531785091805,815.5273100895936,18,Sem Informações de Faturamento,DISTRIBUICAO,MODALIDADE TRADICIONAL,ATIVO,0.0,9,2025-09,3691.54083743464,831.8378562913855,Manter Ativo
TFDPF2,56678.86429085437,0.0,45,Sem Informações de Faturamento,LOGISTICA,MODALIDADE SERVICOS RECORRENTES,ATIVO,0.0,8,2025-09,59512.80750539709,0.0,Manter Ativo
TFDPFE,101720.98055528173,103488.83710192781,115,Sem Informações de Faturamento,VAREJO,MODALIDADE TRADICIONAL,ATIVO,10.0,9,2025-09,106807.02958304582,105558.61384396638,Manter Ativo
TFDPFG,9414.412459735271,0.0,45,Sem Informações de Faturamento,SERVICOS,MPN,GRATUITO,0.0,8,2025-09,9885.133082722035,0.0,Risco de Churn
TFDPFL,13180.20266677356,0.0,11,Faixa 04 - De 25 M ate 35 M,MANUFATURA,MODALIDADE ASSINATURA (INTERA),ATIVO,8.0,8,2025-09,13839.21280011224,0.0,Manter Ativo
TFDPFO,22837.396297220963,18815.37257589318,4,Sem Informações de Faturamento,MANUFATURA,MODALIDADE ASSINATURA COMPLEMENTAR,ATIVO,0.0,9,2025-09,23979.266112082012,19191.680027411043,Manter Ativo
TFDPHI,1740.3969503187811,0.0,54,Sem Informações de Faturamento,SERVICOS,MPN,CANCELADO,0.0,9,2025-09,1827.4167978347202,0.0,Risco de Churn
TFDPHS,3096.9228689433357,0.0,9,"Faixa 02 - De 7,5 M ate 15 M",MANUFATURA,MODALIDADE ASSINATURA (INTERA),ATIVO,10.0,8,2025-09,3251.7690123905027,0.0,Manter Ativo
TFDPIO,748295.3975516163,0.0,210,Faixa 05 - De 35 M ate 50 M,MANUFATURA,MODALIDADE ASSINATURA (INTERA),ATIVO,0.0,8,2025-09,785710.1674291971,0.0,Manter Ativo
TFDPJG,5296.860283578906,3983.314602683954,4,Sem Informações de Faturamento,SERVICOS,MODALIDADE TRADICIONAL,ATIVO,0.0,9,2025-09,5561.703297757852,4062.980894737633,Manter Ativo
TFDPJI,97115.15875355624,0.0,30,"Faixa 01 - De 4,5 M ate 7,5 M",SERVICOS,MODALIDADE ASSINATURA COMPLEMENTAR,ATIVO,4.0,5,2025-09,101970.91669123406,0.0,Manter Ativo
TFDPJK,67816.95075629892,144526.13603323427,104,Sem Informações de Faturamento,MANUFATURA,MODALIDADE ASSINATURA COMPLEMENTAR,ATIVO,0.0,8,2025-09,71207.79829411386,147416.65875389896,Manter Ativo
TFDPMB,53632.40872961288,8276.419862524655,24,"Faixa 00 - Ate 4,5 M",MANUFATURA,MODALIDADE ASSINATURA (INTERA),ATIVO,0.0,8,2025-09,56314.029166093525,8441.948259775148,Manter Ativo
TFDPNU,100.8925768300744,0.0,8,Sem Informações de Faturamento,SERVICOS,MPN,ATIVO,0.0,9,2025-09,105.93720567157813,0.0,Manter Ativo
TFDPNY,832.3637588481124,0.0,27,Sem Informações de Faturamento,SERVICOS,MPN,GRATUITO,0.0,8,2025-09,873.9819467905181,0.0,Risco de Churn
TFDPPC,526383.9740648217,0.0,248,Sem Informações de Faturamento,SERVICOS,MODALIDADE ASSINATURA (INTERA),ATIVO,5.0,8,2025-09,552703.1727680628,0.0,Manter Ativo
TFDPPY,842.7809174058174,622.4315296089354,18,Sem Informações de Faturamento,VAREJO,MODALIDADE ASSINATURA COMPLEMENTAR,ATIVO,0.0,8,2025-09,884.9199632761083,634.8801602011141,Manter Ativo
TFDPQX,11568.93139936784,0.0,4,Sem Informações de Faturamento,HOSPITALITY,MODALIDADE ASSINATURA COMPLEMENTAR,ATIVO,0.0,9,2025-09,12147.377969336234,0.0,Manter Ativo
TFDPR6,602.286645101864,0.0,10,Sem Informações de Faturamento,MANUFATURA,MODALIDADE TRADICIONAL,CANCELADO,10.0,9,2025-09,632.4009773569572,0.0,Risco de Churn
TFDPRM,15125.52925606371,0.0,33,"Faixa 00 - Ate 4,5 M",EDUCACIONAL,MODALIDADE ASSINATURA (INTERA),ATIVO,0.0,9,2025-09,15881.805718866895,0.0,Manter Ativo
TFDPSO,14533.083841060126,0.0,14,Sem Informações de Faturamento,JURIDICO,MODALIDADE ASSINATURA (INTERA),ATIVO,0.0,8,2025-09,15259.738033113133,0.0,Manter Ativo
TFDPV1,49537.069735788704,58251.69128263052,180,Sem Informações de Faturamento,VAREJO,MODALIDADE TRADICIONAL,ATIVO,10.0,9,2025-09,52013.92322257814,59416.72510828313,Manter Ativo
TFDPVI,16421.78026774703,30127.154020065333,105,Sem Informações de Faturamento,DISTRIBUICAO,MODALIDADE TRADICIONAL,ATIVO,0.0,9,2025-09,17242.869281134383,30729.69710046664,Manter Ativo
TFDPVK,24032.700081928404,2290.9425189362873,66,Sem Informações de Faturamento,VAREJO,MODALIDADE TRADICIONAL,ATIVO,0.0,9,2025-09,25234.335086024825,2336.7613693150133,Manter Ativo
TFDPVO,7600.994506935713,1856.4234136733671,90,Sem Informações de Faturamento,SERVICOS,MODALIDADE ASSINATURA COMPLEMENTAR,TROCADO,0.0,9,2025-09,7981.044232282498,1893.5518819468346,Risco de Churn
TFDPWL,8708.164421924741,41477.31668200659,45,Sem Informações de Faturamento,DISTRIBUICAO,MODALIDADE TRADICIONAL,ATIVO,1.0,5,2025-09,9143.572643020978,42306.86301564672,Manter Ativo
TFDPWP,65979.0915767623,0.0,9,"Faixa 00 - Ate 4,5 M",SAUDE,MODALIDADE ASSINATURA (INTERA),ATIVO,9.0,9,2025-09,69278.04615560042,0.0,Manter Ativo
TFDPWX,30223.128083774976,0.0,22,"Faixa 01 - De 4,5 M ate 7,5 M",MANUFATURA,MODALIDADE ASSINATURA (INTERA),ATIVO,5.0,5,2025-09,31734.284487963727,0.0,Manter Ativo
TFDPXF,16811.93186234892,0.0,9,Sem Informações de Faturamento,SERVICOS,MODALIDADE ASSINATURA (INTERA),ATIVO,0.0,9,2025-09,17652.528455466367,0.0,Manter Ativo
TFDPXM,52254.24555711572,5675.207446691676,270,Sem Informações de Faturamento,SERVICOS,MODALIDADE ASSINATURA COMPLEMENTAR,ATIVO,0.0,8,2025-09,54866.95783497151,5788.711595625509,Manter Ativo
TFDPXS,107311.16078284984,29884.4821496448,288,Sem Informações de Faturamento,SERVICOS,MODALIDADE ASSINATURA COMPLEMENTAR,ATIVO,0.0,8,2025-09,112676.71882199234,30482.171792637695,Manter Ativo
TFDPXV,2942.103209797584,0.0,18,Faixa 03 - De 15 M ate 25 M,MANUFATURA,MODALIDADE ASSINATURA (INTERA),ATIVO,0.0,8,2025-09,3089.2083702874634,0.0,Manter Ativo
TFDPXW,45243.59453649962,4940.356363349828,44,Sem Informações de Faturamento,HOSPITALITY,MODALIDADE ASSINATURA COMPLEMENTAR,ATIVO,0.0,8,2025-09,47505.77426332461,5039.163490616825,Manter Ativo
TFDPZ6,672742.8952217497,2876.153095409662,558,Faixa 05 - De 35 M ate 50 M,AGROINDUSTRIA,MODALIDADE ASSINATURA (INTERA),ATIVO,8.0,8,2025-09,706380.0399828372,2933.676157317855,Manter Ativo
TFDQ03,21882.45646523904,18128.479097404554,16,Sem Informações de Faturamento,DISTRIBUICAO,MODALIDADE TRADICIONAL,ATIVO,0.0,9,2025-09,22976.579288500994,18491.048679352643,Manter Ativo
TFDQ51,36106.9309330628,0.0,84,Sem Informações de Faturamento,SERVICOS,MODALIDADE ASSINATURA COMPLEMENTAR,ATIVO,0.0,8,2025-09,37912.27747971594,0.0,Manter Ativo
TFDQ69,1005798.5818626075,454006.54851622484,945,Sem Informações de Faturamento,VAREJO,MODALIDADE TRADICIONAL,ATIVO,0.0,9,2025-09,1056088.510955738,463086.67948654934,Manter Ativo
TFDQ71,50757.281375401064,0.0,70,Faixa 03 - De 15 M ate 25 M,CONSTRUCAO E PROJETOS,MODALIDADE ASSINATURA (INTERA),ATIVO,0.0,8,2025-09,53295.14544417112,0.0,Manter Ativo
TFDQA3,24489.049818502936,0.0,48,"Faixa 00 - Ate 4,5 M",EDUCACIONAL,MODALIDADE ASSINATURA (INTERA),ATIVO,0.0,9,2025-09,25713.502309428084,0.0,Manter Ativo
TFDQA5,1787786.6981187498,228651.3334813449,690,Sem Informações de Faturamento,VAREJO,MODALIDADE TRADICIONAL,ATIVO,10.0,9,2025-09,1877176.0330246873,233224.3601509718,Manter Ativo
TFDQBB,917.7441019905624,601.1179727535822,18,Sem Informações de Faturamento,VAREJO,MODALIDADE ASSINATURA COMPLEMENTAR,ATIVO,0.0,8,2025-09,963.6313070900906,613.1403322086538,Manter Ativo
TFDQCC,59095.12800178566,0.88281004726292,42,"Faixa 02 - De 7,5 M ate 15 M",MANUFATURA,MODALIDADE ASSINATURA (INTERA),ATIVO,0.0,9,2025-09,62049.88440187495,0.9004662482081784,Manter Ativo
TFDQD7,7891210.974242375,45225.09756408078,1870,Sem Informações de Faturamento,SERVICOS,MODALIDADE ASSINATURA COMPLEMENTAR,ATIVO,8.0,9,2025-09,8285771.522954495,46129.599515362395,Manter Ativo
TFDQDF,75125.18443227532,29113.002857056315,153,Sem Informações de Faturamento,LOGISTICA,MODALIDADE TRADICIONAL,ATIVO,0.0,9,2025-09,78881.44365388909,29695.262914197443,Manter Ativo
TFDQDJ,18280.05337866231,19436.093135553343,28,Sem Informações de Faturamento,VAREJO,MODALIDADE TRADICIONAL,ATIVO,10.0,9,2025-09,19194.056047595426,19824.81499826441,Manter Ativo
TFDQEG,95433.7419221094,0.0,2,Sem Informações de Faturamento,SERVICOS,MODALIDADE ASSINATURA COMPLEMENTAR,ATIVO,0.0,9,2025-09,100205.42901821488,0.0,Manter Ativo
TFDQF4,22611.9097957205,27435.852940837827,64,Sem Informações de Faturamento,DISTRIBUICAO,MODALIDADE TRADICIONAL,ATIVO,0.0,9,2025-09,23742.505285506526,27984.569999654585,Manter Ativo
TFDQGP,5500.537173054614,854.5601257507292,33,Sem Informações de Faturamento,SERVICOS,MODALIDADE ASSINATURA COMPLEMENTAR,TROCADO,0.0,9,2025-09,5775.564031707345,871.6513282657438,Risco de Churn
TFDQH4,43698.00433661026,0.0,120,"Faixa 01 - De 4,5 M ate 7,5 M",VAREJO,MODALIDADE ASSINATURA (INTERA),ATIVO,0.0,8,2025-09,45882.90455344078,0.0,Manter Ativo
TFDQHC,6689.177843833926,2134.634694282298,78,Sem Informações de Faturamento,EDUCACIONAL,MODALIDADE ASSINATURA COMPLEMENTAR,TROCADO,0.0,9,2025-09,7023.636736025623,2177.327388167944,Risco de Churn
TFDQHE,2186.005831318275,0.0,16,Sem Informações de Faturamento,SERVICOS,MODALIDADE ASSINATURA COMPLEMENTAR,ATIVO,0.0,9,2025-09,2295.306122884189,0.0,Manter Ativo
TFDQII,20118.3581670799,0.0,14,Faixa 08 - De 150 M ate 300 M,MANUFATURA,MODALIDADE ASSINATURA (INTERA),ATIVO,0.0,8,2025-09,21124.276075433896,0.0,Manter Ativo
TFDQIQ,74019.63720623037,33301.747357738364,24,Sem Informações de Faturamento,VAREJO,MODALIDADE TRADICIONAL,ATIVO,8.0,8,2025-09,77720.6190665419,33967.78230489313,Manter Ativo
TFDQJO,40662.23077694067,9006.07497815975,224,Sem Informações de Faturamento,SERVICOS,MODALIDADE ASSINATURA COMPLEMENTAR,TROCADO,0.0,9,2025-09,42695.342315787704,9186.196477722944,Risco de Churn
TFDQJS,294926.7087215408,0.0,252,"Faixa 00 - Ate 4,5 M",MANUFATURA,MODALIDADE ASSINATURA (INTERA),ATIVO,8.0,8,2025-09,309673.04415761784,0.0,Manter Ativo
TFDQK8,197433.90905290932,0.0,60,Sem Informações de Faturamento,AGROINDUSTRIA,MODALIDADE TRADICIONAL,ATIVO,0.0,9,2025-09,207305.6045055548,0.0,Manter Ativo
TFDQKX,8629.527066000428,0.0,28,Faixa 08 - De 150 M ate 300 M,MANUFATURA,MODALIDADE ASSINATURA COMPLEMENTAR,ATIVO,0.0,8,2025-09,9061.00341930045,0.0,Manter Ativo
TFDQLY,2232.2482623653923,340.47461208518905,18,Sem Informações de Faturamento,SERVICOS,MPN,GRATUITO,0.0,9,2025-09,2343.860675483662,347.2841043268928,Risco de Churn
TFDQN2,7787.961063373949,575.087687931423,30,Sem Informações de Faturamento,HOSPITALITY,MODALIDADE ASSINATURA COMPLEMENTAR,ATIVO,0.0,9,2025-09,8177.359116542647,586.5894416900516,Manter Ativo
TFDQNN,54512.79735503228,0.0,22,Faixa 06 - De 50 M ate 75 M,LOGISTICA,MODALIDADE ASSINATURA (INTERA),ATIVO,10.0,9,2025-09,57238.4372227839,0.0,Manter Ativo
TFDQNT,3100.361624270296,0.0,4,"Faixa 01 - De 4,5 M ate 7,5 M",LOGISTICA,MODALIDADE CORPORATIVO,ATIVO,10.0,9,2025-09,3255.379705483811,0.0,Manter Ativo
TFDQOE,131878.28464038984,0.0,408,Faixa 06 - De 50 M ate 75 M,MANUFATURA,MODALIDADE ASSINATURA COMPLEMENTAR,ATIVO,6.0,5,2025-09,138472.19887240935,0.0,Manter Ativo
TFDQOT,407667.8155045235,0.0,33,Sem Informações de Faturamento,SERVICOS,MODALIDADE SERVICOS RECORRENTES,ATIVO,8.0,8,2025-09,428051.2062797497,0.0,Manter Ativo
TFDQQD,151.3388652451112,0.0,8,Sem Informações de Faturamento,SERVICOS,MPN,GRATUITO,0.0,9,2025-09,158.90580850736677,0.0,Risco de Churn
TFDQQG,5158.553376174337,0.0,112,Sem Informações de Faturamento,MANUFATURA,MODALIDADE TRADICIONAL,ATIVO,0.0,9,2025-09,5416.481044983055,0.0,Manter Ativo
TFDQRQ,5288.687984855664,0.0,36,Sem Informações de Faturamento,VAREJO,MODALIDADE TRADICIONAL,ATIVO,0.0,9,2025-09,5553.122384098447,0.0,Manter Ativo
TFDQTS,4489.719668938301,0.0,48,Sem Informações de Faturamento,SERVICOS,MPN,ATIVO,0.0,8,2025-09,4714.205652385216,0.0,Manter Ativo
TFDQTU,601.067526465167,0.0,10,Sem Informações de Faturamento,SERVICOS,MPN,ATIVO,0.0,9,2025-09,631.1209027884254,0.0,Manter Ativo
TFDQTV,601.067526465167,0.0,10,Sem Informações de Faturamento,SERVICOS,MPN,ATIVO,0.0,9,2025-09,631.1209027884254,0.0,Manter Ativo
TFDQUK,1661.070161786135,3783.0512453909896,30,Sem Informações de Faturamento,SERVICOS,MPN,ATIVO,0.0,8,2025-09,1744.123669875442,3858.7122702988095,Manter Ativo
TFDQUO,114037.16441722689,1137.6899194801258,234,Sem Informações de Faturamento,AGROINDUSTRIA,MODALIDADE SERVICOS RECORRENTES,ATIVO,0.0,8,2025-09,119739.02263808824,1160.4437178697283,Manter Ativo
TFDQV1,203382.5143635237,0.0,210,Faixa 08 - De 150 M ate 300 M,MANUFATURA,MODALIDADE ASSINATURA COMPLEMENTAR,ATIVO,10.0,9,2025-09,213551.64008169988,0.0,Manter Ativo
TFDQWP,581250.8707336681,0.0,342,Faixa 06 - De 50 M ate 75 M,DISTRIBUICAO,MODALIDADE ASSINATURA COMPLEMENTAR,ATIVO,10.0,9,2025-09,610313.4142703515,0.0,Manter Ativo
TFDQWW,11598.442478090628,0.0,31,Sem Informações de Faturamento,HOSPITALITY,MODALIDADE ASSINATURA COMPLEMENTAR,ATIVO,10.0,9,2025-09,12178.364601995161,0.0,Manter Ativo
TFDQX3,37924.30891950294,31381.660728085226,112,Sem Informações de Faturamento,VAREJO,MODALIDADE TRADICIONAL,ATIVO,9.0,9,2025-09,39820.524365478086,32009.29394264693,Manter Ativo
TFDQXH,272925.6740515247,43342.76157359152,114,"Faixa 02 - De 7,5 M ate 15 M",VAREJO,MODALIDADE ASSINATURA COMPLEMENTAR,ATIVO,0.0,9,2025-09,286571.95775410096,44209.61680506335,Manter Ativo
TFDQYJ,23658.636649473552,0.0,32,"Faixa 01 - De 4,5 M ate 7,5 M",SERVICOS,MODALIDADE ASSINATURA (INTERA),ATIVO,0.0,8,2025-09,24841.56848194723,0.0,Manter Ativo
TFDQYN,20881.509618222637,0.0,22,"Faixa 01 - De 4,5 M ate 7,5 M",MANUFATURA,MODALIDADE ASSINATURA (INTERA),ATIVO,5.0,5,2025-09,21925.58509913377,0.0,Manter Ativo
TFDQYY,40603.965313821274,0.0,14,Sem Informações de Faturamento,LOGISTICA,MODALIDADE ASSINATURA (INTERA),ATIVO,8.0,8,2025-09,42634.16357951234,0.0,Manter Ativo
TFDQZ8,1109.8183451308141,0.0,11,Sem Informações de Faturamento,SERVICOS,MPN,GRATUITO,0.0,9,2025-09,1165.309262387355,0.0,Risco de Churn
TFDR02,70258.64780430609,2795.9855354034326,175,Sem Informações de Faturamento,HOSPITALITY,MODALIDADE ASSINATURA COMPLEMENTAR,ATIVO,0.0,8,2025-09,73771.5801945214,2851.905246111501,Manter Ativo
TFDR18,2065.6662103042045,32.73543732399122,26,Sem Informações de Faturamento,SERVICOS,MPN,GRATUITO,0.0,8,2025-09,2168.949520819415,33.39014607047105,Risco de Churn
TFDR21,4035.703073202967,210.192868395988,60,Sem Informações de Faturamento,SERVICOS,MPN,ATIVO,0.0,8,2025-09,4237.488226863115,214.39672576390777,Manter Ativo
TFDR46,2875.354362509761,0.0,33,"Faixa 02 - De 7,5 M ate 15 M",CONSTRUCAO E PROJETOS,MODALIDADE ASSINATURA (INTERA),ATIVO,10.0,8,2025-09,3019.122080635249,0.0,Manter Ativo
TFDR64,1875.265102396382,0.0,26,Sem Informações de Faturamento,DISTRIBUICAO,MODALIDADE TRADICIONAL,ATIVO,10.0,9,2025-09,1969.0283575162011,0.0,Manter Ativo
TFDRA2,45212.05719852554,0.0,22,"Faixa 00 - Ate 4,5 M",CONSTRUCAO E PROJETOS,MODALIDADE ASSINATURA (INTERA),ATIVO,0.0,8,2025-09,47472.66005845182,0.0,Manter Ativo
TFDRA3,6244.090241148052,1692.4729763244961,24,Sem Informações de Faturamento,SERVICOS,MODALIDADE ASSINATURA COMPLEMENTAR,TROCADO,0.0,9,2025-09,6556.294753205455,1726.322435850986,Risco de Churn
TFDRAE,24461.86767676197,18527.91280907479,40,Sem Informações de Faturamento,DISTRIBUICAO,MODALIDADE TRADICIONAL,ATIVO,8.0,8,2025-09,25684.961060600068,18898.471065256286,Manter Ativo
TFDRAM,7448.8569087907,0.0,2,Sem Informações de Faturamento,MANUFATURA,MODALIDADE ASSINATURA COMPLEMENTAR,ATIVO,0.0,8,2025-09,7821.2997542302355,0.0,Manter Ativo
TFDRB8,18323.975280442297,0.0,24,Sem Informações de Faturamento,SERVICOS,MODALIDADE ASSINATURA (INTERA),ATIVO,0.0,9,2025-09,19240.174044464413,0.0,Manter Ativo
TFDRB9,3662.9050018158423,0.0,24,"Faixa 01 - De 4,5 M ate 7,5 M",SERVICOS,MODALIDADE ASSINATURA (INTERA),ATIVO,0.0,9,2025-09,3846.0502519066345,0.0,Manter Ativo
TFDRBX,262452.68406411627,658687.407412401,93,Faixa 08 - De 150 M ate 300 M,VAREJO,MODALIDADE ASSINATURA COMPLEMENTAR,ATIVO,9.0,9,2025-09,275575.3182673221,671861.1555606491,Manter Ativo
TFDRCD,661.1742791116837,0.0,11,Sem Informações de Faturamento,VAREJO,MPN,GRATUITO,0.0,9,2025-09,694.232993067268,0.0,Risco de Churn
TFDRCE,721.2810317582005,0.0,12,Sem Informações de Faturamento,VAREJO,MPN,GRATUITO,0.0,9,2025-09,757.3450833461105,0.0,Risco de Churn
TFDRCM,4040.7477020444762,783.1407929271398,36,Sem Informações de Faturamento,SERVICOS,MPN,ATIVO,0.0,8,2025-09,4242.7850871467,798.8036087856826,Manter Ativo
TFDRCQ,172809.45719244325,0.0,95,Faixa 07 - De 75 M ate 150 M,LOGISTICA,MODALIDADE ASSINATURA (INTERA),ATIVO,0.0,8,2025-09,181449.93005206544,0.0,Manter Ativo
TFDRCT,3861.0327995659045,0.0,27,"Faixa 02 - De 7,5 M ate 15 M",SAUDE,MODALIDADE ASSINATURA (INTERA),ATIVO,0.0,9,2025-09,4054.0844395442,0.0,Manter Ativo
TFDRDR,6189.33920278824,0.0,15,Sem Informações de Faturamento,VAREJO,MODALIDADE ASSINATURA COMPLEMENTAR,ATIVO,0.0,9,2025-09,6498.806162927653,0.0,Manter Ativo
TFDRE2,45885.30075214051,27654.886521278637,39,Sem Informações de Faturamento,VAREJO,MODALIDADE TRADICIONAL,ATIVO,6.0,5,2025-09,48179.56578974754,28207.98425170421,Manter Ativo
TFDRE6,15009726.000719927,0.0,231,Faixa 10 - De 500 M ate 850 M,MANUFATURA,MODALIDADE ASSINATURA COMPLEMENTAR,ATIVO,0.0,9,2025-09,15760212.300755924,0.0,Manter Ativo
TFDRED,39010.955602821785,14377.19219828558,100,Sem Informações de Faturamento,MANUFATURA,MODALIDADE ASSINATURA COMPLEMENTAR,ATIVO,0.0,8,2025-09,40961.503382962874,14664.736042251292,Manter Ativo
TFDREF,90601.53399340673,14188.01861672919,120,Sem Informações de Faturamento,CONSTRUCAO E PROJETOS,MODALIDADE ASSINATURA COMPLEMENTAR,TROCADO,0.0,9,2025-09,95131.61069307708,14471.778989063774,Risco de Churn
TFDRFS,32823.12978868598,7418.74467846429,27,Sem Informações de Faturamento,MANUFATURA,MODALIDADE TRADICIONAL,ATIVO,0.0,9,2025-09,34464.286278120286,7567.119572033575,Manter Ativo
TFDRFV,594151.4580314719,0.0,341,Faixa 08 - De 150 M ate 300 M,VAREJO,MODALIDADE ASSINATURA (INTERA),ATIVO,7.0,8,2025-09,623859.0309330455,0.0,Manter Ativo
TFDRG1,7542.813120963709,1040.017497393876,8,Sem Informações de Faturamento,JURIDICO,MODALIDADE CORPORATIVO,TROCADO,0.0,9,2025-09,7919.953777011894,1060.8178473417536,Risco de Churn
TFDRG5,1060920.4214615324,256976.2518092094,80,Sem Informações de Faturamento,VAREJO,MODALIDADE TRADICIONAL,ATIVO,0.0,9,2025-09,1113966.442534609,262115.77684539362,Manter Ativo
TFDRGJ,27269.649235939774,57852.34164810768,64,"Faixa 02 - De 7,5 M ate 15 M",MANUFATURA,MODALIDADE ASSINATURA (INTERA),ATIVO,10.0,9,2025-09,28633.131697736764,59009.38848106984,Manter Ativo
TFDRGU,1730570.4421289843,504232.87429834384,198,Faixa 05 - De 35 M ate 50 M,SERVICOS,MODALIDADE ASSINATURA (INTERA),ATIVO,0.0,8,2025-09,1817098.9642354336,514317.5317843107,Manter Ativo
TFDRGV,711.961079973523,0.0,1,Sem Informações de Faturamento,AGROINDUSTRIA,MODALIDADE ASSINATURA COMPLEMENTAR,ATIVO,8.0,8,2025-09,747.5591339721992,0.0,Manter Ativo
TFDRIH,741.219927254244,0.0,18,Sem Informações de Faturamento,VAREJO,MPN,GRATUITO,0.0,8,2025-09,778.2809236169562,0.0,Risco de Churn
TFDRIU,244175.29593102526,0.0,66,Sem Informações de Faturamento,MANUFATURA,MODALIDADE TRADICIONAL,ATIVO,0.0,9,2025-09,256384.06072757655,0.0,Manter Ativo
TFDRJ5,68365.81898582664,0.0,40,"Faixa 01 - De 4,5 M ate 7,5 M",DISTRIBUICAO,MODALIDADE ASSINATURA (INTERA),ATIVO,0.0,8,2025-09,71784.10993511797,0.0,Manter Ativo
TFDRJJ,302175.0752647409,10965.719905645015,160,Sem Informações de Faturamento,VAREJO,MODALIDADE TRADICIONAL,ATIVO,0.0,8,2025-09,317283.82902797795,11185.034303757915,Manter Ativo
TFDRJV,10539.57488425898,0.0,7,"Faixa 02 - De 7,5 M ate 15 M",SERVICOS,MODALIDADE ASSINATURA (INTERA),ATIVO,0.0,9,2025-09,11066.55362847193,0.0,Manter Ativo
TFDRKQ,22212.761946351216,2504.0276412014055,95,Sem Informações de Faturamento,DISTRIBUICAO,MODALIDADE ASSINATURA COMPLEMENTAR,TROCADO,0.0,9,2025-09,23323.40004366878,2554.1081940254335,Risco de Churn
TFDRKS,197289.63266804244,268517.03417964256,132,Faixa 06 - De 50 M ate 75 M,MANUFATURA,MODALIDADE ASSINATURA COMPLEMENTAR,ATIVO,0.0,9,2025-09,207154.11430144458,273887.3748632354,Manter Ativo
TFDRLC,60.7037003927613,0.0,1,Sem Informações de Faturamento,SERVICOS,MODALIDADE ASSINATURA COMPLEMENTAR,ATIVO,0.0,9,2025-09,63.73888541239937,0.0,Manter Ativo
TFDRLZ,123.03849744427554,0.0,18,Sem Informações de Faturamento,CONSTRUCAO E PROJETOS,MODALIDADE ASSINATURA COMPLEMENTAR,ATIVO,0.0,9,2025-09,129.1904223164893,0.0,Manter Ativo
TFDRM3,17124.934266534743,0.0,12,Sem Informações de Faturamento,AGROINDUSTRIA,MODALIDADE ASSINATURA COMPLEMENTAR,ATIVO,0.0,9,2025-09,17981.18097986148,0.0,Manter Ativo
TFDRN5,9384.82571157984,8512.811170037514,45,Sem Informações de Faturamento,SERVICOS,MODALIDADE ASSINATURA COMPLEMENTAR,ATIVO,0.0,8,2025-09,9854.066997158832,8683.067393438265,Manter Ativo
TFDRND,550.9239157806204,0.0,6,"Faixa 00 - Ate 4,5 M",DISTRIBUICAO,MODALIDADE ASSINATURA (INTERA),ATIVO,0.0,9,2025-09,578.4701115696514,0.0,Manter Ativo
TFDRQD,540.9607738186503,0.0,9,Sem Informações de Faturamento,VAREJO,MPN,ATIVO,0.0,8,2025-09,568.0088125095829,0.0,Manter Ativo
TFDRQE,16144.788105774796,256.5530074494071,95,Sem Informações de Faturamento,SERVICOS,MODALIDADE ASSINATURA COMPLEMENTAR,TROCADO,0.0,9,2025-09,16952.027511063538,261.68406759839525,Risco de Churn
TFDRQG,30400.74105756954,0.0,28,Faixa 03 - De 15 M ate 25 M,VAREJO,MODALIDADE ASSINATURA (INTERA),ATIVO,0.0,8,2025-09,31920.778110448016,0.0,Manter Ativo
TFDRQJ,22459.48213141702,24219.74230779924,36,"Faixa 01 - De 4,5 M ate 7,5 M",LOGISTICA,MODALIDADE ASSINATURA (INTERA),ATIVO,0.0,9,2025-09,23582.45623798787,24704.137153955224,Manter Ativo
TFDRSE,7546.7647468895575,480.4588585795493,22,Sem Informações de Faturamento,SERVICOS,MODALIDADE ASSINATURA COMPLEMENTAR,GRATUITO,0.0,8,2025-09,7924.102984234036,490.0680357511403,Risco de Churn
TFDRTC,4409915.835079263,2788542.6984183933,966,Sem Informações de Faturamento,SERVICOS,MODALIDADE TRADICIONAL,ATIVO,0.0,9,2025-09,4630411.6268332265,2844313.552386761,Manter Ativo
TFDRTR,3090.1882894399305,406.0926217410492,36,Sem Informações de Faturamento,SERVICOS,MODALIDADE ASSINATURA COMPLEMENTAR,TROCADO,0.0,9,2025-09,3244.697703911927,414.2144741758702,Risco de Churn
TFDRVS,9598.919759613264,0.0,36,Sem Informações de Faturamento,CONSTRUCAO E PROJETOS,MODALIDADE ASSINATURA COMPLEMENTAR,TROCADO,0.0,9,2025-09,10078.865747593927,0.0,Risco de Churn
TFDRXZ,2256.597004240383,2269.595331221991,8,Sem Informações de Faturamento,VAREJO,MODALIDADE TRADICIONAL,TROCADO,0.0,9,2025-09,2369.426854452402,2314.9872378464306,Risco de Churn
TFDRZ2,546.501457829569,0.0,10,Sem Informações de Faturamento,SERVICOS,MPN,GRATUITO,0.0,9,2025-09,573.8265307210474,0.0,Risco de Churn
TFDRZX,1411637.7488390864,0.0,112,"Faixa 00 - Ate 4,5 M",SAUDE,MODALIDADE ASSINATURA COMPLEMENTAR,ATIVO,0.0,9,2025-09,1482219.6362810407,0.0,Manter Ativo
TFDS05,185117.8849375444,34586.93381682928,99,Faixa 04 - De 25 M ate 35 M,MANUFATURA,MODALIDADE ASSINATURA (INTERA),ATIVO,0.0,8,2025-09,194373.77918442164,35278.67249316587,Manter Ativo
TFDS53,116828.0212466414,0.0,78,Faixa 08 - De 150 M ate 300 M,MANUFATURA,MODALIDADE ASSINATURA (INTERA),ATIVO,0.0,8,2025-09,122669.42230897347,0.0,Manter Ativo
TFDS54,16657.50736579577,2434.37813232971,112,Sem Informações de Faturamento,JURIDICO,MODALIDADE SERVICOS RECORRENTES,ATIVO,0.0,8,2025-09,17490.382734085557,2483.0656949763043,Manter Ativo
TFDS65,133964.18401620592,144.0451727117711,66,Faixa 06 - De 50 M ate 75 M,CONSTRUCAO E PROJETOS,MODALIDADE SERVICOS RECORRENTES,ATIVO,0.0,9,2025-09,140662.39321701622,146.92607616600654,Manter Ativo
TFDS80,16228.116966521704,571.7246020370877,68,Faixa 07 - De 75 M ate 150 M,LOGISTICA,MODALIDADE ASSINATURA COMPLEMENTAR,ATIVO,0.0,8,2025-09,17039.52281484779,583.1590940778295,Manter Ativo
TFDS88,206111.50722791167,172718.0022754045,85,"Faixa 01 - De 4,5 M ate 7,5 M",CONSTRUCAO E PROJETOS,MODALIDADE ASSINATURA (INTERA),ATIVO,0.0,8,2025-09,216417.08258930728,176172.3623209126,Manter Ativo
TFDS95,37032.927207066634,232445.99578078595,55,Faixa 03 - De 15 M ate 25 M,MANUFATURA,MODALIDADE ASSINATURA (INTERA),ATIVO,0.0,9,2025-09,38884.57356741997,237094.91569640167,Manter Ativo
TFDSA7,18160.327520823957,0.0,32,Sem Informações de Faturamento,SERVICOS,MODALIDADE SERVICOS RECORRENTES,ATIVO,0.0,8,2025-09,19068.343896865157,0.0,Manter Ativo
TFDSAL,565596.0337964097,252093.23606035789,420,"Faixa 01 - De 4,5 M ate 7,5 M",MANUFATURA,MODALIDADE ASSINATURA COMPLEMENTAR,ATIVO,0.0,8,2025-09,593875.8354862302,257135.10078156504,Manter Ativo
TFDSB5,25220.92457082833,31002.1701157684,40,"Faixa 00 - Ate 4,5 M",VAREJO,MODALIDADE ASSINATURA (INTERA),ATIVO,0.0,8,2025-09,26481.97079936975,31622.21351808377,Manter Ativo
TFDSC8,3871.702189565682,8758.762049205036,24,Sem Informações de Faturamento,VAREJO,MODALIDADE ASSINATURA COMPLEMENTAR,ATIVO,0.0,8,2025-09,4065.2872990439664,8933.937290189137,Manter Ativo
TFDSCN,353.124018905259,762.646988258532,3,Sem Informações de Faturamento,EDUCACIONAL,MODALIDADE ASSINATURA COMPLEMENTAR,GRATUITO,0.0,9,2025-09,370.780219850522,777.8999280237027,Risco de Churn
TFDSCV,196306.42609911863,0.0,110,Sem Informações de Faturamento,SERVICOS,MODALIDADE ASSINATURA COMPLEMENTAR,ATIVO,0.0,8,2025-09,206121.74740407456,0.0,Manter Ativo
TFDSD6,114294.87768930953,0.0,72,Sem Informações de Faturamento,HOSPITALITY,MODALIDADE ASSINATURA COMPLEMENTAR,ATIVO,0.0,8,2025-09,120009.62157377502,0.0,Manter Ativo
TFDSD7,10190.276375558533,88123.6585488908,56,Sem Informações de Faturamento,VAREJO,MODALIDADE ASSINATURA COMPLEMENTAR,ATIVO,0.0,9,2025-09,10699.79019433646,89886.13171986862,Manter Ativo
TFDSDN,152664.6693740912,50926.549692320456,81,Sem Informações de Faturamento,DISTRIBUICAO,MODALIDADE ASSINATURA COMPLEMENTAR,ATIVO,0.0,8,2025-09,160297.90284279577,51945.08068616687,Manter Ativo
TFDSE0,6457.124917124751,2563.840123832174,4,Sem Informações de Faturamento,VAREJO,MODALIDADE TRADICIONAL,ATIVO,0.0,9,2025-09,6779.981162980989,2615.1169263088177,Manter Ativo
TFDSE2,6457.124917124751,2563.840123832174,4,Sem Informações de Faturamento,VAREJO,MODALIDADE TRADICIONAL,ATIVO,0.0,9,2025-09,6779.981162980989,2615.1169263088177,Manter Ativo
TFDSE7,116018.09767842319,180090.81140440918,100,Sem Informações de Faturamento,VAREJO,MODALIDADE TRADICIONAL,ATIVO,0.0,9,2025-09,121819.00256234435,183692.62763249737,Manter Ativo
TFDSEA,13189.682365138233,5910.413266426787,35,Sem Informações de Faturamento,SERVICOS,MODALIDADE ASSINATURA COMPLEMENTAR,ATIVO,0.0,8,2025-09,13849.166483395145,6028.621531755323,Manter Ativo
TFDSEC,13791.43512035437,1891.735815563892,45,Sem Informações de Faturamento,LOGISTICA,MODALIDADE ASSINATURA COMPLEMENTAR,ATIVO,0.0,9,2025-09,14481.00687637209,1929.5705318751698,Manter Ativo
TFDSEL,99042.20697101075,75138.60314499376,144,Faixa 03 - De 15 M ate 25 M,VAREJO,MODALIDADE ASSINATURA (INTERA),ATIVO,0.0,8,2025-09,103994.31731956129,76641.37520789364,Manter Ativo
TFDSFD,6457.124917124751,2601.725286431858,4,Sem Informações de Faturamento,VAREJO,MODALIDADE TRADICIONAL,ATIVO,0.0,9,2025-09,6779.981162980989,2653.759792160495,Manter Ativo
TFDSG2,350308.9898959796,414979.42908182315,255,Sem Informações de Faturamento,VAREJO,MODALIDADE TRADICIONAL,ATIVO,0.0,9,2025-09,367824.4393907786,423279.01766345964,Manter Ativo
TFDSGE,48998.26974465711,3513.4662801010286,399,Sem Informações de Faturamento,VAREJO,MPN,GRATUITO,0.0,8,2025-09,51448.18323188997,3583.7356057030493,Risco de Churn
TFDSGL,31569.564744716514,45846.84806879614,36,Sem Informações de Faturamento,VAREJO,MODALIDADE TRADICIONAL,ATIVO,0.0,9,2025-09,33148.04298195234,46763.78503017207,Manter Ativo
TFDSH1,11993.605070675076,0.0,72,Sem Informações de Faturamento,CONSTRUCAO E PROJETOS,MPN,CANCELADO,0.0,9,2025-09,12593.28532420883,0.0,Risco de Churn
TFDSHG,226578.17599721093,0.0,204,Sem Informações de Faturamento,SERVICOS,MODALIDADE ASSINATURA (INTERA),ATIVO,0.0,9,2025-09,237907.0847970715,0.0,Manter Ativo
TFDSHL,11142.929309132298,47937.00174826842,45,"Faixa 01 - De 4,5 M ate 7,5 M",SERVICOS,MODALIDADE ASSINATURA (INTERA),CANCELADO,0.0,9,2025-09,11700.075774588913,48895.74178323379,Risco de Churn
TFDSHQ,2628.8822050286185,265.91499780776417,25,Sem Informações de Faturamento,VAREJO,MODALIDADE SERVICOS RECORRENTES,ATIVO,0.0,8,2025-09,2760.3263152800496,271.23329776391944,Manter Ativo
TFDSHT,4210.583539708432,1000.215375834412,8,Sem Informações de Faturamento,MANUFATURA,MODALIDADE ASSINATURA COMPLEMENTAR,ATIVO,0.0,8,2025-09,4421.112716693854,1020.2196833511003,Manter Ativo
TFDSHU,216.36413101209422,0.0,4,Sem Informações de Faturamento,DISTRIBUICAO,MODALIDADE ASSINATURA COMPLEMENTAR,ATIVO,0.0,8,2025-09,227.18233756269893,0.0,Manter Ativo
TFDSHV,2864.3234407763352,0.0,16,Sem Informações de Faturamento,MANUFATURA,MODALIDADE ASSINATURA COMPLEMENTAR,ATIVO,0.0,8,2025-09,3007.539612815152,0.0,Manter Ativo
TFDSHW,130494.16460200232,154631.32633566615,120,Sem Informações de Faturamento,VAREJO,MODALIDADE TRADICIONAL,ATIVO,0.0,5,2025-09,137018.87283210244,157723.95286237946,Manter Ativo
TFDSHY,378.3471631127784,461.8021395807208,4,Sem Informações de Faturamento,VAREJO,MODALIDADE ASSINATURA COMPLEMENTAR,ATIVO,0.0,9,2025-09,397.2645212684173,471.0381823723352,Manter Ativo
TFDSI4,33564.50105480546,24865.95926239592,54,Sem Informações de Faturamento,MANUFATURA,MODALIDADE TRADICIONAL,ATIVO,0.0,9,2025-09,35242.726107545735,25363.27844764384,Manter Ativo
TFDSI8,37529.01180348274,252.23144207518558,60,Sem Informações de Faturamento,SERVICOS,MODALIDADE ASSINATURA COMPLEMENTAR,TROCADO,0.0,9,2025-09,39405.462393656875,257.2760709166893,Risco de Churn
TFDSIO,128510.83514210631,29942.2978000258,42,"Faixa 00 - Ate 4,5 M",MANUFATURA,MODALIDADE ASSINATURA (INTERA),ATIVO,0.0,8,2025-09,134936.37689921164,30541.14375602632,Manter Ativo
TFDSIP,138757.46002182402,28826.15685341364,63,Faixa 04 - De 25 M ate 35 M,MANUFATURA,MODALIDADE ASSINATURA (INTERA),ATIVO,0.0,9,2025-09,145695.33302291523,29402.679990481913,Manter Ativo
TFDSJ9,4825.986219798206,0.0,25,Sem Informações de Faturamento,CONSTRUCAO E PROJETOS,MODALIDADE ASSINATURA COMPLEMENTAR,ATIVO,0.0,9,2025-09,5067.285530788116,0.0,Manter Ativo
TFDSJE,1084.5952009232976,0.0,30,Sem Informações de Faturamento,SERVICOS,MPN,GRATUITO,0.0,8,2025-09,1138.8249609694626,0.0,Risco de Churn
TFDSJJ,144.2511617227986,0.0,4,Sem Informações de Faturamento,VAREJO,MODALIDADE ASSINATURA COMPLEMENTAR,ATIVO,0.0,9,2025-09,151.46371980893855,0.0,Manter Ativo
TFDSJO,315746.0685124361,12135.825769289131,54,Faixa 03 - De 15 M ate 25 M,EDUCACIONAL,MODALIDADE ASSINATURA (INTERA),ATIVO,0.0,9,2025-09,331533.37193805794,12378.542284674913,Manter Ativo
TFDSJV,120647.34337340285,15698.88495475956,240,Sem Informações de Faturamento,SERVICOS,MODALIDADE ASSINATURA COMPLEMENTAR,TROCADO,0.0,9,2025-09,126679.710542073,16012.862653854752,Risco de Churn
TFDSKA,347735.489307916,50882.728683117304,169,Sem Informações de Faturamento,VAREJO,MODALIDADE TRADICIONAL,ATIVO,0.0,8,2025-09,365122.26377331186,51900.38325677965,Manter Ativo
TFDSKP,8369.148548346215,689.701655210388,4,Sem Informações de Faturamento,VAREJO,MODALIDADE TRADICIONAL,ATIVO,0.0,9,2025-09,8787.605975763527,703.4956883145958,Manter Ativo
TFDSKR,60.1067526465167,0.0,1,Sem Informações de Faturamento,VAREJO,MODALIDADE ASSINATURA COMPLEMENTAR,ATIVO,0.0,9,2025-09,63.112090278842544,0.0,Manter Ativo
TFDSLD,26085.1871993842,30979.822410000506,16,Sem Informações de Faturamento,VAREJO,MODALIDADE TRADICIONAL,ATIVO,0.0,9,2025-09,27389.44655935341,31599.418858200515,Manter Ativo
TFDSLE,114704.11900021949,0.0,20,Sem Informações de Faturamento,DISTRIBUICAO,MODALIDADE TRADICIONAL,ATIVO,2.0,5,2025-09,120439.32495023047,0.0,Manter Ativo
TFDSLF,32159508.864586197,0.0,9,Sem Informações de Faturamento,VAREJO,MODALIDADE ASSINATURA COMPLEMENTAR,PENDENTE,0.0,9,2025-09,33767484.30781551,0.0,Risco de Churn
TFDSLI,79621.05854840025,93209.53984274616,64,Sem Informações de Faturamento,VAREJO,MODALIDADE TRADICIONAL,ATIVO,0.0,9,2025-09,83602.11147582026,95073.73063960108,Manter Ativo
TFDSLK,59597.54781125534,44159.16748987107,36,"Faixa 01 - De 4,5 M ate 7,5 M",MANUFATURA,MODALIDADE ASSINATURA (INTERA),ATIVO,0.0,8,2025-09,62577.42520181811,45042.35083966849,Manter Ativo
TFDSM2,5270.090119859984,3788.760083696626,4,Sem Informações de Faturamento,VAREJO,MODALIDADE TRADICIONAL,ATIVO,0.0,9,2025-09,5533.594625852984,3864.535285370559,Manter Ativo
TFDSM6,15541.765785633539,0.0,15,"Faixa 01 - De 4,5 M ate 7,5 M",CONSTRUCAO E PROJETOS,MODALIDADE ASSINATURA (INTERA),ATIVO,0.0,8,2025-09,16318.854074915216,0.0,Manter Ativo
TFDSM8,239219.98224316034,236770.18436200527,224,Sem Informações de Faturamento,VAREJO,MODALIDADE TRADICIONAL,ATIVO,0.0,9,2025-09,251180.98135531836,241505.5880492454,Manter Ativo
TFDSMC,18510.214569555897,9879.064814611454,15,Sem Informações de Faturamento,VAREJO,MODALIDADE ASSINATURA COMPLEMENTAR,ATIVO,0.0,8,2025-09,19435.725298033693,10076.646110903685,Manter Ativo
TFDSMK,204255.1300566698,51137.90702920725,180,Faixa 08 - De 150 M ate 300 M,DISTRIBUICAO,MODALIDADE ASSINATURA (INTERA),ATIVO,0.0,9,2025-09,214467.8865595033,52160.6651697914,Manter Ativo
TFDSML,162442.05969440241,24120.0520341764,64,Sem Informações de Faturamento,LOGISTICA,MODALIDADE ASSINATURA (INTERA),ATIVO,0.0,9,2025-09,170564.16267912253,24602.453074859928,Manter Ativo
TFDSN8,15281952.535456438,4374510.939918921,1302,Faixa 09 - De 300 M ate 500 M,LOGISTICA,MODALIDADE TRADICIONAL,ATIVO,0.0,9,2025-09,16046050.16222926,4462001.1587173,Manter Ativo
TFDSNB,3059530.1630111495,37303.61778684432,480,Faixa 03 - De 15 M ate 25 M,MANUFATURA,MODALIDADE ASSINATURA COMPLEMENTAR,ATIVO,0.0,9,2025-09,3212506.671161707,38049.6901425812,Manter Ativo
TFDSNL,9179.458871442224,3464.1466254605984,72,Sem Informações de Faturamento,SERVICOS,MODALIDADE ASSINATURA COMPLEMENTAR,ATIVO,0.0,8,2025-09,9638.431815014335,3533.4295579698105,Manter Ativo
TFDSNO,177799.3896457332,31219.391833683592,64,Sem Informações de Faturamento,DISTRIBUICAO,MODALIDADE TRADICIONAL,ATIVO,0.0,9,2025-09,186689.35912801986,31843.779670357264,Manter Ativo
TFDSNQ,77771.82373082613,21790.232242301612,209,Sem Informações de Faturamento,SERVICOS,MODALIDADE ASSINATURA COMPLEMENTAR,TROCADO,0.0,9,2025-09,81660.41491736744,22226.036887147646,Risco de Churn
TFDSNV,3443.9681100945836,1976.1072329380418,9,Sem Informações de Faturamento,VAREJO,MODALIDADE ASSINATURA COMPLEMENTAR,ATIVO,0.0,9,2025-09,3616.166515599313,2015.6293775968027,Manter Ativo
TFDSOT,17287.362907516454,1513.38865245111,45,Sem Informações de Faturamento,SERVICOS,MODALIDADE ASSINATURA COMPLEMENTAR,ATIVO,0.0,8,2025-09,18151.731052892275,1543.6564255001322,Manter Ativo
TFDSP6,1084.5952009232976,0.0,30,Sem Informações de Faturamento,SERVICOS,MPN,GRATUITO,0.0,8,2025-09,1138.8249609694626,0.0,Risco de Churn
TFDSP8,4837.698166425228,102422.5118651252,64,Sem Informações de Faturamento,VAREJO,MODALIDADE ASSINATURA COMPLEMENTAR,ATIVO,0.0,9,2025-09,5079.58307474649,104470.9621024277,Manter Ativo
TFDSPG,13982.033809558496,83.8417313457918,9,Sem Informações de Faturamento,EDUCACIONAL,MODALIDADE SERVICOS RECORRENTES,ATIVO,0.0,9,2025-09,14681.135500036422,85.51856597270763,Manter Ativo
TFDSPL,60.1067526465167,0.0,1,Sem Informações de Faturamento,MANUFATURA,MODALIDADE ASSINATURA COMPLEMENTAR,ATIVO,0.0,8,2025-09,63.112090278842544,0.0,Manter Ativo
TFDSPM,156423.39710075138,0.0,460,Sem Informações de Faturamento,MANUFATURA,MODALIDADE TRADICIONAL,CANCELADO,0.0,9,2025-09,164244.56695578896,0.0,Risco de Churn
TFDSQE,1776.928470846004,0.0,2,Sem Informações de Faturamento,EDUCACIONAL,MODALIDADE ASSINATURA COMPLEMENTAR,ATIVO,0.0,8,2025-09,1865.7748943883043,0.0,Manter Ativo
TFDSQQ,25799.072666923592,1829.447260943426,102,Sem Informações de Faturamento,SERVICOS,MPN,GRATUITO,0.0,8,2025-09,27089.026300269772,1866.0362061622945,Risco de Churn
TFDSQX,10594.39318433666,1681.1225614311102,100,Sem Informações de Faturamento,SERVICOS,MPN,ATIVO,0.0,9,2025-09,11124.112843553494,1714.7450126597323,Manter Ativo
TFDSRD,353.124018905259,771.9038821826911,3,Sem Informações de Faturamento,VAREJO,MODALIDADE ASSINATURA COMPLEMENTAR,GRATUITO,0.0,9,2025-09,370.780219850522,787.3419598263449,Risco de Churn
TFDSRP,5261.110680522105,49943.06987266749,20,Sem Informações de Faturamento,VAREJO,MODALIDADE ASSINATURA COMPLEMENTAR,ATIVO,0.0,9,2025-09,5524.1662145482105,50941.93127012084,Manter Ativo
TFDSRW,144.2511617227986,0.0,4,Sem Informações de Faturamento,VAREJO,MODALIDADE ASSINATURA COMPLEMENTAR,ATIVO,0.0,9,2025-09,151.46371980893855,0.0,Manter Ativo
TFDSS0,9801.310268734405,0.0,35,Sem Informações de Faturamento,SERVICOS,MPN,GRATUITO,0.0,8,2025-09,10291.375782171126,0.0,Risco de Churn
TFDSS1,3543.3977445606197,1891.7358155638917,24,Sem Informações de Faturamento,SERVICOS,MODALIDADE ASSINATURA COMPLEMENTAR,ATIVO,0.0,8,2025-09,3720.567631788651,1929.5705318751695,Manter Ativo
TFDSSE,471617.1376090458,419.544965318392,300,"Faixa 01 - De 4,5 M ate 7,5 M",LOGISTICA,MODALIDADE ASSINATURA (INTERA),ATIVO,0.0,8,2025-09,495197.9944894981,427.9358646247598,Manter Ativo
TFDSSQ,6120.816327691172,3013.224068748058,4,Sem Informações de Faturamento,DISTRIBUICAO,MODALIDADE TRADICIONAL,ATIVO,0.0,9,2025-09,6426.8571440757305,3073.488550123019,Manter Ativo
TFDSST,60.1067526465167,0.0,1,Sem Informações de Faturamento,VAREJO,MODALIDADE ASSINATURA COMPLEMENTAR,ATIVO,0.0,9,2025-09,63.112090278842544,0.0,Manter Ativo
TFDSSW,7937.420804375597,1344.898049144888,56,Sem Informações de Faturamento,SERVICOS,MPN,ATIVO,0.0,8,2025-09,8334.291844594378,1371.7960101277858,Manter Ativo
TFDSSX,16356.704555691638,3894.453465640867,32,Sem Informações de Faturamento,SERVICOS,MODALIDADE ASSINATURA COMPLEMENTAR,ATIVO,0.0,8,2025-09,17174.539783476223,3972.342534953684,Manter Ativo
TFDSXV,311489.33502654237,0.0,24,Faixa 11 - Acima de 850 M,SERVICOS,MODALIDADE ASSINATURA (INTERA),ATIVO,0.0,9,2025-09,327063.8017778695,0.0,Manter Ativo
TFDSYX,1477.235479087004,44.14050236315748,21,Sem Informações de Faturamento,JURIDICO,MODALIDADE ASSINATURA COMPLEMENTAR,ATIVO,0.0,8,2025-09,1551.0972530413542,45.02331241042063,Manter Ativo
TFDSZ4,171515.32912873075,50966.39805631088,130,"Faixa 02 - De 7,5 M ate 15 M",SERVICOS,MODALIDADE ASSINATURA COMPLEMENTAR,ATIVO,0.0,9,2025-09,180091.0955851673,51985.7260174371,Manter Ativo
TFDTCL,12880.551713588247,10404.546985601406,77,Sem Informações de Faturamento,SERVICOS,MODALIDADE ASSINATURA COMPLEMENTAR,TROCADO,0.0,9,2025-09,13524.57929926766,10612.637925313435,Risco de Churn
TFDTH9,1984728.2934353023,0.0,120,Faixa 07 - De 75 M ate 150 M,MANUFATURA,MODALIDADE ASSINATURA (INTERA),ATIVO,0.0,8,2025-09,2083964.7081070675,0.0,Manter Ativo
TFDTIP,310596.03215128905,18710.717546718814,195,Sem Informações de Faturamento,JURIDICO,MODALIDADE SERVICOS RECORRENTES,ATIVO,0.0,9,2025-09,326125.8337588535,19084.93189765319,Manter Ativo
TFDTJC,140620.50451085216,34219.39897486682,99,"Faixa 02 - De 7,5 M ate 15 M",EDUCACIONAL,MODALIDADE ASSINATURA (INTERA),ATIVO,0.0,8,2025-09,147651.52973639476,34903.78695436416,Manter Ativo
TFDTJE,677747.3477983876,46906.19490236766,36,Faixa 08 - De 150 M ate 300 M,LOGISTICA,MODALIDADE ASSINATURA (INTERA),ATIVO,0.0,8,2025-09,711634.7151883071,47844.318800415014,Manter Ativo
TFDTJN,9534.348510442016,7783.147646687682,77,Sem Informações de Faturamento,SERVICOS,MPN,ATIVO,0.0,8,2025-09,10011.065935964118,7938.810599621435,Manter Ativo
TFDTJV,16702.177554187274,22651.518539841,20,"Faixa 01 - De 4,5 M ate 7,5 M",SERVICOS,MODALIDADE ASSINATURA (INTERA),ATIVO,0.0,9,2025-09,17537.28643189664,23104.54891063782,Manter Ativo
TFDTJW,94852.31481726715,95472.95550363738,216,Faixa 03 - De 15 M ate 25 M,LOGISTICA,MODALIDADE ASSINATURA (INTERA),ATIVO,0.0,8,2025-09,99594.93055813051,97382.41461371013,Manter Ativo
TFDTJY,19835.379712215756,1291.374537136536,108,Sem Informações de Faturamento,SERVICOS,MPN,GRATUITO,0.0,8,2025-09,20827.148697826546,1317.2020278792668,Risco de Churn
TFDTK2,5262.422284020895,50378.555865124996,20,Sem Informações de Faturamento,VAREJO,MODALIDADE ASSINATURA COMPLEMENTAR,ATIVO,0.0,9,2025-09,5525.54339822194,51386.12698242749,Manter Ativo
TFDTK3,421026.740963436,119328.4251627916,168,Sem Informações de Faturamento,JURIDICO,MODALIDADE SERVICOS RECORRENTES,ATIVO,0.0,9,2025-09,442078.07801160787,121714.99366604743,Manter Ativo
TFDTK9,5262.422284020896,50378.555865124996,20,Sem Informações de Faturamento,VAREJO,MODALIDADE ASSINATURA COMPLEMENTAR,ATIVO,0.0,9,2025-09,5525.543398221941,51386.12698242749,Manter Ativo
TFDTKS,41220.3348811057,0.0,16,Sem Informações de Faturamento,LOGISTICA,MODALIDADE TRADICIONAL,ATIVO,0.0,9,2025-09,43281.35162516099,0.0,Manter Ativo
TFDTKU,291877.93683488964,314993.1828809857,300,Sem Informações de Faturamento,VAREJO,MODALIDADE TRADICIONAL,ATIVO,0.0,9,2025-09,306471.8336766341,321293.0465386055,Manter Ativo
TFDTL6,25771.26415043477,22430.458700148953,20,Faixa 09 - De 300 M ate 500 M,CONSTRUCAO E PROJETOS,MODALIDADE ASSINATURA (INTERA),ATIVO,0.0,9,2025-09,27059.82735795651,22879.067874151933,Manter Ativo
TFDTLG,9855.943599087874,972.31437448353,81,Sem Informações de Faturamento,SERVICOS,MPN,GRATUITO,0.0,8,2025-09,10348.740779042268,991.7606619732005,Risco de Churn
TFDTLN,516951.83814242313,0.0,240,Faixa 07 - De 75 M ate 150 M,VAREJO,MODALIDADE ASSINATURA (INTERA),ATIVO,0.0,8,2025-09,542799.4300495443,0.0,Manter Ativo
TFDTLZ,15024.590436802568,0.0,2,Sem Informações de Faturamento,SERVICOS,MODALIDADE ASSINATURA COMPLEMENTAR,ATIVO,0.0,9,2025-09,15775.819958642696,0.0,Manter Ativo
TFDTMB,43.4931083284978,0.0,1,Sem Informações de Faturamento,LOGISTICA,MODALIDADE ASSINATURA COMPLEMENTAR,ATIVO,0.0,9,2025-09,45.66776374492269,0.0,Manter Ativo
TFDTMF,192987.80860802025,106105.2927045769,126,Sem Informações de Faturamento,HOSPITALITY,MODALIDADE ASSINATURA COMPLEMENTAR,ATIVO,0.0,8,2025-09,202637.19903842127,108227.39855866844,Manter Ativo
TFDTMG,142976.3840145506,137868.31896536492,165,"Faixa 01 - De 4,5 M ate 7,5 M",CONSTRUCAO E PROJETOS,MODALIDADE ASSINATURA (INTERA),ATIVO,0.0,8,2025-09,150125.20321527813,140625.6853446722,Manter Ativo
TFDTMJ,100715.92233575956,42896.97613058264,110,Sem Informações de Faturamento,VAREJO,MODALIDADE ASSINATURA COMPLEMENTAR,ATIVO,0.0,9,2025-09,105751.71845254755,43754.91565319429,Manter Ativo
TFDTMO,6782.923863138533,0.0,42,Sem Informações de Faturamento,SERVICOS,MPN,GRATUITO,0.0,8,2025-09,7122.07005629546,0.0,Risco de Churn
TFDTMV,1866809.3712016863,42167.77503154335,357,Faixa 08 - De 150 M ate 300 M,MANUFATURA,MODALIDADE ASSINATURA (INTERA),ATIVO,0.0,8,2025-09,1960149.8397617708,43011.13053217422,Manter Ativo
TFDTMX,12820.08342920808,0.0,24,Sem Informações de Faturamento,SERVICOS,MPN,GRATUITO,0.0,8,2025-09,13461.087600668485,0.0,Risco de Churn
TFDTND,95145.88278884109,67999.81855180344,121,Sem Informações de Faturamento,DISTRIBUICAO,MODALIDADE TRADICIONAL,ATIVO,0.0,9,2025-09,99903.17692828315,69359.81492283952,Manter Ativo
TFDTNS,2286.898408148352,33.63085894335808,16,Sem Informações de Faturamento,SERVICOS,MPN,GRATUITO,0.0,9,2025-09,2401.2433285557695,34.30347612222524,Risco de Churn
TFDTNT,311717.5035890438,94819.34816778799,432,"Faixa 02 - De 7,5 M ate 15 M",SERVICOS,MODALIDADE ASSINATURA COMPLEMENTAR,ATIVO,0.0,8,2025-09,327303.378768496,96715.73513114375,Manter Ativo
TFDTO8,3276.864779719774,0.0,20,Sem Informações de Faturamento,VAREJO,MPN,GRATUITO,0.0,9,2025-09,3440.708018705763,0.0,Risco de Churn
TFDTOD,3522218.795218181,0.0,320,"Faixa 00 - Ate 4,5 M",SAUDE,MODALIDADE ASSINATURA COMPLEMENTAR,ATIVO,0.0,9,2025-09,3698329.7349790903,0.0,Manter Ativo
TFDTOX,207255.80140731717,53119.689469592,100,Sem Informações de Faturamento,SERVICOS,MODALIDADE ASSINATURA COMPLEMENTAR,ATIVO,0.0,8,2025-09,217618.59147768305,54182.08325898384,Manter Ativo
TFDTOY,381798.7990587121,133035.4720503424,64,Sem Informações de Faturamento,SERVICOS,MODALIDADE TRADICIONAL,ATIVO,0.0,9,2025-09,400888.7390116477,135696.18149134924,Manter Ativo
TFDTP2,95528.45482860868,113840.9283552923,64,Sem Informações de Faturamento,MANUFATURA,MODALIDADE TRADICIONAL,ATIVO,0.0,9,2025-09,100304.87757003911,116117.74692239815,Manter Ativo
TFDTPY,680144.0509609865,836003.5762652635,196,Sem Informações de Faturamento,VAREJO,MODALIDADE TRADICIONAL,ATIVO,0.0,8,2025-09,714151.2535090359,852723.6477905688,Manter Ativo
TFDTQ0,199299.8415919489,0.0,35,"Faixa 02 - De 7,5 M ate 15 M",VAREJO,MODALIDADE ASSINATURA (INTERA),ATIVO,0.0,8,2025-09,209264.83367154637,0.0,Manter Ativo
TFDTQ4,491490.7219770211,67827.40574957292,60,"Faixa 02 - De 7,5 M ate 15 M",MANUFATURA,MODALIDADE CORPORATIVO,ATIVO,0.0,9,2025-09,516065.25807587215,69183.95386456438,Manter Ativo
TFDTQD,2159.941915637173,706.1891838073687,98,Sem Informações de Faturamento,SERVICOS,MPN,GRATUITO,0.0,8,2025-09,2267.939011419032,720.3129674835161,Risco de Churn
TFDTQO,68450.90505895334,43424.16506766396,12,Faixa 03 - De 15 M ate 25 M,MANUFATURA,MODALIDADE ASSINATURA (INTERA),ATIVO,0.0,8,2025-09,71873.45031190102,44292.64836901724,Manter Ativo
TFDTQS,364224.3883623994,1462.942364036076,200,Sem Informações de Faturamento,SERVICOS,MODALIDADE SERVICOS RECORRENTES,ATIVO,0.0,9,2025-09,382435.6077805194,1492.2012113167975,Manter Ativo
TFDTR7,461452.78642187547,155478.65162288697,49,"Faixa 00 - Ate 4,5 M",AGROINDUSTRIA,MODALIDADE ASSINATURA (INTERA),ATIVO,0.0,8,2025-09,484525.42574296927,158588.2246553447,Manter Ativo
TFDTRI,1816262.3751795478,0.0,140,Faixa 05 - De 35 M ate 50 M,SAUDE,MODALIDADE ASSINATURA (INTERA),ATIVO,0.0,8,2025-09,1907075.4939385252,0.0,Manter Ativo
TFDTRO,20851.9733163556,13445.449251259837,96,Sem Informações de Faturamento,CONSTRUCAO E PROJETOS,MODALIDADE ASSINATURA COMPLEMENTAR,ATIVO,0.0,9,2025-09,21894.571982173384,13714.358236285034,Manter Ativo
TFDTRP,95489.02264649757,15857.160184661721,165,Sem Informações de Faturamento,SERVICOS,MPN,ATIVO,0.0,9,2025-09,100263.47377882246,16174.303388354956,Manter Ativo
TFDTRQ,530462.2285823025,0.0,90,"Faixa 01 - De 4,5 M ate 7,5 M",EDUCACIONAL,MODALIDADE ASSINATURA COMPLEMENTAR,ATIVO,0.0,9,2025-09,556985.3400114176,0.0,Manter Ativo
TFDTRS,262074.68582116487,0.0,9,Sem Informações de Faturamento,SAUDE,MODALIDADE ASSINATURA COMPLEMENTAR,ATIVO,0.0,9,2025-09,275178.42011222313,0.0,Manter Ativo
TFDTS1,461451.7564768198,53302.89357368598,42,Faixa 03 - De 15 M ate 25 M,SERVICOS,MODALIDADE ASSINATURA (INTERA),ATIVO,0.0,8,2025-09,484524.3443006608,54368.9514451597,Manter Ativo
TFDTS2,51822.65654043825,28769.42579823361,42,"Faixa 00 - Ate 4,5 M",MANUFATURA,MODALIDADE ASSINATURA (INTERA),ATIVO,0.0,8,2025-09,54413.789367460166,29344.814314198284,Manter Ativo
TFDTS5,109350.56970003409,44656.65617464805,91,Faixa 05 - De 35 M ate 50 M,DISTRIBUICAO,MODALIDADE ASSINATURA (INTERA),ATIVO,0.0,9,2025-09,114818.0981850358,45549.78929814101,Manter Ativo
TFDTS9,12847.358055811166,6496.136713499048,48,Sem Informações de Faturamento,SERVICOS,MODALIDADE ASSINATURA COMPLEMENTAR,ATIVO,0.0,8,2025-09,13489.725958601724,6626.059447769029,Manter Ativo
TFDTSB,193750.17814169303,80588.44179819124,187,Faixa 07 - De 75 M ate 150 M,MANUFATURA,MODALIDADE ASSINATURA (INTERA),ATIVO,0.0,8,2025-09,203437.6870487777,82200.21063415507,Manter Ativo
TFDTSS,425890.63756897824,11350.414893383351,176,"Faixa 02 - De 7,5 M ate 15 M",SAUDE,MODALIDADE ASSINATURA COMPLEMENTAR,ATIVO,0.0,8,2025-09,447185.16944742715,11577.423191251019,Manter Ativo
TFDTSW,5065.99284464748,0.0,54,Sem Informações de Faturamento,MANUFATURA,MPN,GRATUITO,0.0,9,2025-09,5319.292486879854,0.0,Risco de Churn
TFDTT6,3210.031855284584,0.0,16,Sem Informações de Faturamento,VAREJO,MODALIDADE ASSINATURA COMPLEMENTAR,ATIVO,0.0,9,2025-09,3370.533448048813,0.0,Manter Ativo
TFDTTR,10744.916501252395,5149.725275701706,28,Sem Informações de Faturamento,SERVICOS,MODALIDADE ASSINATURA COMPLEMENTAR,ATIVO,0.0,9,2025-09,11282.162326315016,5252.71978121574,Manter Ativo
TFDTU8,148357.22055291114,297956.9668203432,104,Sem Informações de Faturamento,VAREJO,MODALIDADE ASSINATURA COMPLEMENTAR,ATIVO,0.0,9,2025-09,155775.0815805567,303916.1061567501,Manter Ativo
TFDTUI,360.564846446478,766.253897880207,3,Sem Informações de Faturamento,VAREJO,MODALIDADE ASSINATURA COMPLEMENTAR,GRATUITO,0.0,9,2025-09,378.5930887688019,781.5789758378112,Risco de Churn
TFDTVC,3363.085894335808,378.305124539099,60,Sem Informações de Faturamento,SERVICOS,MPN,GRATUITO,0.0,8,2025-09,3531.2401890525985,385.87122702988097,Risco de Churn
TFDTVM,19443.64746724353,10469.790851951515,16,Sem Informações de Faturamento,DISTRIBUICAO,MODALIDADE TRADICIONAL,ATIVO,0.0,9,2025-09,20415.829840605707,10679.186668990546,Manter Ativo
TFDTVN,527707.3567719578,117718.83543833328,70,Faixa 05 - De 35 M ate 50 M,MANUFATURA,MODALIDADE ASSINATURA (INTERA),ATIVO,0.0,9,2025-09,554092.7246105558,120073.21214709994,Manter Ativo
TFDTW4,4951.807670820041,340.47461208518905,63,Sem Informações de Faturamento,SERVICOS,MPN,GRATUITO,0.0,8,2025-09,5199.398054361043,347.2841043268928,Risco de Churn
TFDTW7,60.1067526465167,0.0,1,Sem Informações de Faturamento,VAREJO,MODALIDADE ASSINATURA COMPLEMENTAR,ATIVO,0.0,9,2025-09,63.112090278842544,0.0,Manter Ativo
TFDTW8,2450.4494790472677,0.0,20,Sem Informações de Faturamento,SERVICOS,MPN,GRATUITO,0.0,9,2025-09,2572.971952999631,0.0,Risco de Churn
TFDTWD,288.5023234455972,0.0,4,Sem Informações de Faturamento,VAREJO,MODALIDADE ASSINATURA COMPLEMENTAR,ATIVO,0.0,9,2025-09,302.9274396178771,0.0,Manter Ativo
TFDTWG,5436.596502488544,3712.0565021615676,4,Sem Informações de Faturamento,MANUFATURA,MODALIDADE TRADICIONAL,ATIVO,0.0,9,2025-09,5708.426327612971,3786.297632204799,Manter Ativo
TFDTXO,2465.0957181171,0.0,1,Sem Informações de Faturamento,LOGISTICA,MODALIDADE ASSINATURA COMPLEMENTAR,ATIVO,0.0,9,2025-09,2588.350504022955,0.0,Manter Ativo
TFDTY3,110145.89747547083,175710.7703741999,100,Sem Informações de Faturamento,VAREJO,MODALIDADE TRADICIONAL,ATIVO,0.0,9,2025-09,115653.19234924437,179224.9857816839,Manter Ativo
TFDTY4,1212942.46397522,300320.8126337541,208,"Faixa 02 - De 7,5 M ate 15 M",DISTRIBUICAO,MODALIDADE ASSINATURA COMPLEMENTAR,ATIVO,0.0,8,2025-09,1273589.5871739811,306327.22888642916,Manter Ativo
TFDTY5,91434.59138872051,39654.56616585038,150,Sem Informações de Faturamento,AGROINDUSTRIA,MODALIDADE ASSINATURA COMPLEMENTAR,ATIVO,0.0,9,2025-09,96006.32095815655,40447.65748916739,Manter Ativo
TFDTY8,756.694326225557,0.0,27,Sem Informações de Faturamento,SERVICOS,MPN,GRATUITO,0.0,8,2025-09,794.5290425368349,0.0,Risco de Churn
TFDTYI,28165.844365062374,20682.86054215891,16,Sem Informações de Faturamento,DISTRIBUICAO,MODALIDADE TRADICIONAL,ATIVO,0.0,9,2025-09,29574.136583315492,21096.51775300209,Manter Ativo
TFDTYP,5828.01766201555,0.0,5,"Faixa 02 - De 7,5 M ate 15 M",MANUFATURA,MODALIDADE ASSINATURA (INTERA),ATIVO,0.0,8,2025-09,6119.418545116328,0.0,Manter Ativo
TFDTYQ,179356.3554836599,141055.09087783284,154,Sem Informações de Faturamento,MANUFATURA,MODALIDADE ASSINATURA COMPLEMENTAR,ATIVO,0.0,8,2025-09,188324.1732578429,143876.1926953895,Manter Ativo
TFDTYX,8369.148548346215,779.50445630389,4,Sem Informações de Faturamento,DISTRIBUICAO,MODALIDADE TRADICIONAL,ATIVO,0.0,9,2025-09,8787.605975763527,795.0945454299679,Manter Ativo
TFDTYY,5005.743160850452,0.0,20,Sem Informações de Faturamento,CONSTRUCAO E PROJETOS,MODALIDADE ASSINATURA COMPLEMENTAR,ATIVO,0.0,9,2025-09,5256.030318892975,0.0,Manter Ativo
TFDTZ0,731843.9380508523,403938.65350673115,357,Sem Informações de Faturamento,VAREJO,MODALIDADE TRADICIONAL,ATIVO,0.0,8,2025-09,768436.1349533949,412017.4265768658,Manter Ativo
TFDTZU,131908.3590359998,16991.06242865339,35,Faixa 05 - De 35 M ate 50 M,EDUCACIONAL,MODALIDADE ASSINATURA (INTERA),ATIVO,0.0,9,2025-09,138503.7769877998,17330.88367722646,Manter Ativo
TFDU02,1866.1763627669393,924.814990083404,24,Sem Informações de Faturamento,VAREJO,MPN,GRATUITO,0.0,8,2025-09,1959.4851809052864,943.3112898850721,Risco de Churn
TFDU15,5223.704757662357,2588.8698906007576,140,Sem Informações de Faturamento,VAREJO,MPN,GRATUITO,0.0,9,2025-09,5484.889995545475,2640.647288412773,Risco de Churn
TFDU29,21467.291919297997,0.0,28,Sem Informações de Faturamento,SERVICOS,MODALIDADE ASSINATURA COMPLEMENTAR,ATIVO,0.0,8,2025-09,22540.656515262897,0.0,Manter Ativo
TFDU35,106900.98201174704,856.325745845256,16,Sem Informações de Faturamento,DISTRIBUICAO,MODALIDADE TRADICIONAL,ATIVO,0.0,9,2025-09,112246.0311123344,873.4522607621611,Manter Ativo
TFDU40,144.2511617227986,0.0,4,Sem Informações de Faturamento,VAREJO,MODALIDADE ASSINATURA COMPLEMENTAR,ATIVO,0.0,9,2025-09,151.46371980893855,0.0,Manter Ativo
TFDU41,167007.7346582639,43282.8313829545,60,Faixa 04 - De 25 M ate 35 M,MANUFATURA,MODALIDADE ASSINATURA (INTERA),ATIVO,0.0,9,2025-09,175358.1213911771,44148.48801061359,Manter Ativo
TFDU45,6353.4998330055205,0.0,10,"Faixa 02 - De 7,5 M ate 15 M",CONSTRUCAO E PROJETOS,MODALIDADE ASSINATURA (INTERA),ATIVO,0.0,8,2025-09,6671.174824655797,0.0,Manter Ativo
TFDU48,7329.509398115457,7566.943262255568,32,Sem Informações de Faturamento,SERVICOS,MODALIDADE ASSINATURA COMPLEMENTAR,ATIVO,0.0,8,2025-09,7695.98486802123,7718.282127500679,Manter Ativo
TFDU58,27429.227661626013,79906.9208494188,12,"Faixa 00 - Ate 4,5 M",SERVICOS,MODALIDADE CORPORATIVO,ATIVO,0.0,9,2025-09,28800.689044707316,81505.05926640719,Manter Ativo
TFDU66,7963.947144367168,2588.8698906007576,168,Sem Informações de Faturamento,MANUFATURA,MPN,GRATUITO,0.0,9,2025-09,8362.144501585526,2640.647288412773,Risco de Churn
TFDU70,39852.56784787931,7151.450815439833,16,Sem Informações de Faturamento,VAREJO,MODALIDADE TRADICIONAL,ATIVO,0.0,9,2025-09,41845.19624027328,7294.479831748629,Manter Ativo
TFDU76,3657.3054638017734,1891.7358155638917,24,Sem Informações de Faturamento,SERVICOS,MODALIDADE ASSINATURA COMPLEMENTAR,ATIVO,0.0,8,2025-09,3840.170736991862,1929.5705318751695,Manter Ativo
TFDU80,71792.05522554339,0.0,12,Sem Informações de Faturamento,SERVICOS,MODALIDADE ASSINATURA COMPLEMENTAR,ATIVO,0.0,9,2025-09,75381.65798682056,0.0,Manter Ativo
TFDU82,7755.27607233837,7228.616821285385,32,Sem Informações de Faturamento,SERVICOS,MODALIDADE ASSINATURA COMPLEMENTAR,ATIVO,0.0,8,2025-09,8143.039875955289,7373.189157711094,Manter Ativo
TFDU84,39895.27903873737,48540.8059858801,60,Sem Informações de Faturamento,CONSTRUCAO E PROJETOS,MODALIDADE ASSINATURA (INTERA),ATIVO,0.0,8,2025-09,41890.042990674236,49511.6221055977,Manter Ativo
TFDU86,38358.33196959645,51848.61115582778,35,Sem Informações de Faturamento,MANUFATURA,MODALIDADE ASSINATURA (INTERA),ATIVO,0.0,8,2025-09,40276.24856807628,52885.583378944335,Manter Ativo
TFDU92,9125.060957101347,3152.89302593982,50,Sem Informações de Faturamento,SERVICOS,MODALIDADE ASSINATURA COMPLEMENTAR,TROCADO,0.0,9,2025-09,9581.314004956414,3215.9508864586164,Risco de Churn
TFDU93,139513.59103116256,0.0,42,"Faixa 00 - Ate 4,5 M",SERVICOS,MODALIDADE ASSINATURA (INTERA),ATIVO,0.0,8,2025-09,146489.2705827207,0.0,Manter Ativo
TFDU96,2976710.1834024903,1639.39927705451,35,Sem Informações de Faturamento,SERVICOS,MODALIDADE ASSINATURA COMPLEMENTAR,ATIVO,0.0,8,2025-09,3125545.692572615,1672.1872625956003,Manter Ativo
TFDUA2,10242.803573370697,3762.45234428819,20,Sem Informações de Faturamento,CONSTRUCAO E PROJETOS,MODALIDADE ASSINATURA COMPLEMENTAR,ATIVO,0.0,9,2025-09,10754.943752039231,3837.701391173954,Manter Ativo
TFDUA3,60.1067526465167,0.0,1,Sem Informações de Faturamento,VAREJO,MODALIDADE ASSINATURA COMPLEMENTAR,ATIVO,0.0,9,2025-09,63.112090278842544,0.0,Manter Ativo
TFDUA6,92146.61973041188,38738.5456453805,152,Sem Informações de Faturamento,SERVICOS,MODALIDADE ASSINATURA COMPLEMENTAR,TROCADO,0.0,9,2025-09,96753.95071693248,39513.31655828811,Risco de Churn
TFDUAG,8366.979357944378,0.0,42,Sem Informações de Faturamento,SAUDE,MODALIDADE ASSINATURA COMPLEMENTAR,ATIVO,0.0,8,2025-09,8785.328325841598,0.0,Manter Ativo
TFDUAP,15182.23088424221,3225.03121837333,25,Sem Informações de Faturamento,MANUFATURA,MODALIDADE ASSINATURA COMPLEMENTAR,ATIVO,0.0,8,2025-09,15941.342428454322,3289.5318427407965,Manter Ativo
TFDUAR,119652.16421869509,37870.53317605249,48,Sem Informações de Faturamento,LOGISTICA,MODALIDADE TRADICIONAL,ATIVO,0.0,9,2025-09,125634.77242962985,38627.94383957354,Manter Ativo
TFDUAU,524.523691510084,438.655700912955,1,Sem Informações de Faturamento,SERVICOS,MODALIDADE ASSINATURA COMPLEMENTAR,ATIVO,0.0,9,2025-09,550.7498760855882,447.4288149312141,Manter Ativo
TFDUAV,524.523691510084,438.655700912955,1,Sem Informações de Faturamento,VAREJO,MODALIDADE ASSINATURA COMPLEMENTAR,ATIVO,0.0,8,2025-09,550.7498760855882,447.4288149312141,Manter Ativo
TFDUB1,524.523691510084,438.655700912955,1,Sem Informações de Faturamento,SERVICOS,MODALIDADE ASSINATURA COMPLEMENTAR,ATIVO,0.0,9,2025-09,550.7498760855882,447.4288149312141,Manter Ativo
TFDUB2,127253.05783305402,45190.05000520446,63,"Faixa 02 - De 7,5 M ate 15 M",MANUFATURA,MODALIDADE ASSINATURA (INTERA),ATIVO,0.0,9,2025-09,133615.71072470673,46093.85100530855,Manter Ativo
TFDUBB,676260.7965713731,82155.4548552275,442,"Faixa 01 - De 4,5 M ate 7,5 M",EDUCACIONAL,MODALIDADE ASSINATURA COMPLEMENTAR,ATIVO,0.0,8,2025-09,710073.8363999418,83798.56395233204,Manter Ativo
TFDUBN,60.1067526465167,0.0,1,Sem Informações de Faturamento,VAREJO,MODALIDADE ASSINATURA COMPLEMENTAR,ATIVO,0.0,9,2025-09,63.112090278842544,0.0,Manter Ativo
TFDUBX,20475.240434472096,0.0,48,Sem Informações de Faturamento,SERVICOS,MODALIDADE ASSINATURA COMPLEMENTAR,TROCADO,0.0,8,2025-09,21499.002456195703,0.0,Risco de Churn
TFDUC0,360.564846446478,766.253897880207,3,Sem Informações de Faturamento,VAREJO,MODALIDADE ASSINATURA COMPLEMENTAR,GRATUITO,0.0,9,2025-09,378.5930887688019,781.5789758378112,Risco de Churn
TFDUCT,70414.19052691918,42068.824636817095,36,Sem Informações de Faturamento,MANUFATURA,MODALIDADE TRADICIONAL,ATIVO,0.0,9,2025-09,73934.90005326514,42910.20112955344,Manter Ativo
TFDUDC,239852.65857317476,765.1020409613955,425,Sem Informações de Faturamento,HOSPITALITY,MODALIDADE ASSINATURA COMPLEMENTAR,ATIVO,0.0,8,2025-09,251845.2915018335,780.4040817806234,Manter Ativo
TFDUDM,1703.5291212021243,29.427001575438318,35,Sem Informações de Faturamento,SERVICOS,MODALIDADE ASSINATURA COMPLEMENTAR,ATIVO,0.0,8,2025-09,1788.7055772622307,30.015541606947085,Manter Ativo
TFDUE9,252.23144207518558,0.0,6,Sem Informações de Faturamento,CONSTRUCAO E PROJETOS,MODALIDADE ASSINATURA COMPLEMENTAR,ATIVO,0.0,9,2025-09,264.8430141789449,0.0,Manter Ativo
TFDUEM,80007.81342624886,70931.54243775962,36,Sem Informações de Faturamento,DISTRIBUICAO,MODALIDADE TRADICIONAL,ATIVO,0.0,9,2025-09,84008.2040975613,72350.17328651481,Manter Ativo
TFDUEW,893068.350458636,160089.7324501793,648,Faixa 05 - De 35 M ate 50 M,LOGISTICA,MODALIDADE ASSINATURA (INTERA),ATIVO,0.0,8,2025-09,937721.7679815678,163291.5270991829,Manter Ativo
TFDUFE,144.2511617227986,0.0,4,Sem Informações de Faturamento,VAREJO,MODALIDADE ASSINATURA COMPLEMENTAR,ATIVO,0.0,9,2025-09,151.46371980893855,0.0,Manter Ativo
TFDUFI,49007.854539456006,8631.107716370767,209,Sem Informações de Faturamento,MANUFATURA,MODALIDADE ASSINATURA COMPLEMENTAR,TROCADO,0.0,9,2025-09,51458.24726642881,8803.729870698182,Risco de Churn
TFDUFM,4270.240479616578,1256.1798432523128,42,Sem Informações de Faturamento,VAREJO,MODALIDADE ASSINATURA COMPLEMENTAR,ATIVO,0.0,9,2025-09,4483.752503597408,1281.303440117359,Manter Ativo
TFDUGE,13049.748564932273,5402.730227532587,16,Sem Informações de Faturamento,LOGISTICA,MODALIDADE ASSINATURA COMPLEMENTAR,ATIVO,0.0,9,2025-09,13702.235993178887,5510.784832083239,Manter Ativo
TFDUGH,3647.9729004449946,1891.7358155638917,18,Sem Informações de Faturamento,SERVICOS,MODALIDADE ASSINATURA COMPLEMENTAR,ATIVO,0.0,8,2025-09,3830.3715454672447,1929.5705318751695,Manter Ativo
TFDUGN,479995.69439018104,100173.649958442,80,Faixa 04 - De 25 M ate 35 M,LOGISTICA,MODALIDADE ASSINATURA COMPLEMENTAR,ATIVO,0.0,8,2025-09,503995.4791096901,102177.12295761083,Manter Ativo
TFDUGO,5939.0499428170515,3246.3447752286693,4,Sem Informações de Faturamento,MANUFATURA,MODALIDADE TRADICIONAL,ATIVO,0.0,9,2025-09,6236.002439957904,3311.271670733243,Manter Ativo
TFDUGP,3264.6315547791296,1663.466360485849,20,Sem Informações de Faturamento,CONSTRUCAO E PROJETOS,MODALIDADE ASSINATURA COMPLEMENTAR,ATIVO,0.0,9,2025-09,3427.8631325180863,1696.735687695566,Manter Ativo
TFDUGW,102981.94018436135,141767.91795242432,132,Sem Informações de Faturamento,MANUFATURA,MODALIDADE TRADICIONAL,ATIVO,0.0,9,2025-09,108131.03719357941,144603.27631147281,Manter Ativo
TFDUGY,22994.25903104756,1218.2190112199953,154,Sem Informações de Faturamento,SERVICOS,MPN,GRATUITO,0.0,9,2025-09,24143.97198259994,1242.5833914443951,Risco de Churn
TFDUH9,6450.924227507067,4703.948240407496,20,Sem Informações de Faturamento,SERVICOS,MODALIDADE ASSINATURA COMPLEMENTAR,ATIVO,0.0,8,2025-09,6773.470438882421,4798.027205215646,Manter Ativo
TFDUHB,60.1067526465167,0.0,1,Sem Informações de Faturamento,VAREJO,MODALIDADE ASSINATURA COMPLEMENTAR,ATIVO,0.0,9,2025-09,63.112090278842544,0.0,Manter Ativo
TFDUHI,7215.164477708023,0.0,25,Sem Informações de Faturamento,SERVICOS,MODALIDADE ASSINATURA COMPLEMENTAR,ATIVO,0.0,8,2025-09,7575.922701593424,0.0,Manter Ativo
TFDUHK,6300.384095161862,0.0,30,Sem Informações de Faturamento,SERVICOS,MODALIDADE ASSINATURA COMPLEMENTAR,ATIVO,0.0,8,2025-09,6615.403299919955,0.0,Manter Ativo
TFDUHQ,4719.5025126688,0.0,18,Sem Informações de Faturamento,SERVICOS,MPN,GRATUITO,0.0,9,2025-09,4955.47763830224,0.0,Risco de Churn
TFDUHU,56663.82709304936,10089.257683007423,112,"Faixa 00 - Ate 4,5 M",MANUFATURA,MODALIDADE ASSINATURA COMPLEMENTAR,ATIVO,0.0,8,2025-09,59497.018447701834,10291.042836667571,Manter Ativo
TFDUHZ,21532.493747074444,0.0,81,Sem Informações de Faturamento,SERVICOS,MPN,GRATUITO,0.0,8,2025-09,22609.11843442817,0.0,Risco de Churn
TFDUIF,33815.82866754655,46143.522690964906,64,Sem Informações de Faturamento,VAREJO,MODALIDADE TRADICIONAL,ATIVO,0.0,9,2025-09,35506.62010092388,47066.393144784204,Manter Ativo
TFDUJ1,252955.34631394202,310114.22805835196,132,Sem Informações de Faturamento,LOGISTICA,MODALIDADE TRADICIONAL,ATIVO,0.0,9,2025-09,265603.11362963915,316316.512619519,Manter Ativo
TFDUJD,1873203.1019497018,2306438.080125591,704,Sem Informações de Faturamento,VAREJO,MODALIDADE TRADICIONAL,ATIVO,0.0,9,2025-09,1966863.257047187,2352566.8417281024,Manter Ativo
TFDUJI,7112.8762202318,0.0,4,Sem Informações de Faturamento,VAREJO,MODALIDADE ASSINATURA COMPLEMENTAR,GRATUITO,0.0,9,2025-09,7468.520031243391,0.0,Risco de Churn
TFDUJK,10758.646299416014,0.0,4,Sem Informações de Faturamento,VAREJO,MODALIDADE TRADICIONAL,ATIVO,0.0,9,2025-09,11296.578614386815,0.0,Manter Ativo
TFDUJX,5002.590267824518,4044.001487647238,4,Sem Informações de Faturamento,VAREJO,MODALIDADE TRADICIONAL,ATIVO,0.0,9,2025-09,5252.719781215745,4124.881517400183,Manter Ativo
TFDUJZ,5546.872088963818,1363.226867269025,33,Sem Informações de Faturamento,SERVICOS,MODALIDADE ASSINATURA COMPLEMENTAR,TROCADO,0.0,9,2025-09,5824.215693412009,1390.4914046144056,Risco de Churn
TFDUK4,1210.7109219608922,0.0,18,Sem Informações de Faturamento,MANUFATURA,MPN,GRATUITO,0.0,8,2025-09,1271.246468058937,0.0,Risco de Churn
TFDUKC,144.2511617227986,0.0,4,Sem Informações de Faturamento,MANUFATURA,MODALIDADE ASSINATURA COMPLEMENTAR,ATIVO,0.0,8,2025-09,151.46371980893855,0.0,Manter Ativo
TFDUKD,840.771473583952,0.0,24,Sem Informações de Faturamento,SERVICOS,MPN,GRATUITO,0.0,9,2025-09,882.8100472631496,0.0,Risco de Churn
TFDUKH,44690.787292618166,7092.849043731052,336,Sem Informações de Faturamento,HOSPITALITY,MODALIDADE ASSINATURA COMPLEMENTAR,ATIVO,0.0,8,2025-09,46925.326657249076,7234.7060246056735,Manter Ativo
TFDUKI,723.904238755782,1538.30911892814,6,Sem Informações de Faturamento,VAREJO,MODALIDADE ASSINATURA COMPLEMENTAR,CANCELADO,0.0,9,2025-09,760.0994506935712,1569.0753013067028,Risco de Churn
TFDUKS,144.2511617227986,0.0,4,Sem Informações de Faturamento,DISTRIBUICAO,MODALIDADE ASSINATURA COMPLEMENTAR,ATIVO,0.0,8,2025-09,151.46371980893855,0.0,Manter Ativo
TFDUKX,36216.147147481366,18592.84138612235,20,"Faixa 01 - De 4,5 M ate 7,5 M",SERVICOS,MODALIDADE ASSINATURA (INTERA),ATIVO,0.0,9,2025-09,38026.954504855436,18964.698213844797,Manter Ativo
TFDUKY,1576.4465129699092,945.8679077819459,9,Sem Informações de Faturamento,DISTRIBUICAO,MODALIDADE ASSINATURA COMPLEMENTAR,ATIVO,0.0,8,2025-09,1655.2688386184047,964.7852659375848,Manter Ativo
TFDUL2,12175.043554674487,1681.1225614311102,90,Sem Informações de Faturamento,SERVICOS,MPN,ATIVO,0.0,9,2025-09,12783.79573240821,1714.7450126597323,Manter Ativo
TFDUL9,264944.591984526,0.0,368,Faixa 06 - De 50 M ate 75 M,MANUFATURA,MODALIDADE ASSINATURA (INTERA),ATIVO,9.0,9,2025-09,278191.82158375235,0.0,Manter Ativo
TFDULF,124783.87596557506,0.0,49,Sem Informações de Faturamento,HOSPITALITY,MODALIDADE ASSINATURA COMPLEMENTAR,ATIVO,0.0,8,2025-09,131023.06976385383,0.0,Manter Ativo
TFDULJ,28270.184104934167,10128.1433636607,20,Sem Informações de Faturamento,MANUFATURA,MODALIDADE TRADICIONAL,ATIVO,0.0,9,2025-09,29683.693310180875,10330.706230933914,Manter Ativo
TFDUMF,816.08221926216,0.0,3,Sem Informações de Faturamento,MANUFATURA,MODALIDADE ASSINATURA (INTERA),ATIVO,0.0,8,2025-09,856.8863302252681,0.0,Manter Ativo
TFDUMJ,118887.20931274159,164157.1620349381,110,Sem Informações de Faturamento,DISTRIBUICAO,MODALIDADE TRADICIONAL,ATIVO,0.0,9,2025-09,124831.56977837867,167440.30527563687,Manter Ativo
TFDUMM,613.0359083916348,0.0,9,Sem Informações de Faturamento,VAREJO,MODALIDADE ASSINATURA COMPLEMENTAR,ATIVO,0.0,9,2025-09,643.6877038112166,0.0,Manter Ativo
TFDUMU,111600.87773365215,15257.395853980615,304,Sem Informações de Faturamento,JURIDICO,MODALIDADE SERVICOS RECORRENTES,ATIVO,0.0,8,2025-09,117180.92162033476,15562.543771060227,Manter Ativo
TFDUN3,3884.364207957858,0.0,35,Sem Informações de Faturamento,SERVICOS,MPN,GRATUITO,0.0,8,2025-09,4078.582418355751,0.0,Risco de Churn
TFDUNC,56190.20370655006,109078.02521915671,40,Faixa 03 - De 15 M ate 25 M,CONSTRUCAO E PROJETOS,MODALIDADE ASSINATURA (INTERA),ATIVO,0.0,8,2025-09,58999.71389187757,111259.58572353984,Manter Ativo
TFDUNN,3657.3054638017734,1891.7358155638917,24,Sem Informações de Faturamento,VAREJO,MODALIDADE ASSINATURA COMPLEMENTAR,ATIVO,0.0,8,2025-09,3840.170736991862,1929.5705318751695,Manter Ativo
TFDUNQ,408711.6921429807,0.0,42,"Faixa 02 - De 7,5 M ate 15 M",CONSTRUCAO E PROJETOS,MODALIDADE ASSINATURA (INTERA),ATIVO,0.0,8,2025-09,429147.27675012976,0.0,Manter Ativo
TFDUOG,154874.91885085026,236201.94475772599,88,Faixa 04 - De 25 M ate 35 M,CONSTRUCAO E PROJETOS,MODALIDADE ASSINATURA (INTERA),ATIVO,0.0,8,2025-09,162618.6647933928,240925.9836528805,Manter Ativo
TFDUOX,1274.9038239690256,0.0,15,Sem Informações de Faturamento,SERVICOS,MODALIDADE ASSINATURA COMPLEMENTAR,ATIVO,0.0,9,2025-09,1338.6490151674768,0.0,Manter Ativo
TFDUP0,51336.757890424626,15435.78654138832,28,"Faixa 02 - De 7,5 M ate 15 M",DISTRIBUICAO,MODALIDADE ASSINATURA (INTERA),ATIVO,0.0,8,2025-09,53903.59578494586,15744.502272216087,Manter Ativo
TFDUP5,37916.9605768238,8907.09936028944,16,Sem Informações de Faturamento,DISTRIBUICAO,MODALIDADE ASSINATURA (INTERA),ATIVO,0.0,8,2025-09,39812.80860566499,9085.241347495228,Manter Ativo
TFDUP6,9063.457631231853,5885.400315087664,21,Sem Informações de Faturamento,EDUCACIONAL,MODALIDADE ASSINATURA COMPLEMENTAR,GRATUITO,0.0,9,2025-09,9516.630512793447,6003.108321389418,Risco de Churn
TFDUPG,308041.175670652,65116.83418817087,56,"Faixa 01 - De 4,5 M ate 7,5 M",SERVICOS,MODALIDADE ASSINATURA (INTERA),ATIVO,0.0,8,2025-09,323443.2344541846,66419.17087193429,Manter Ativo
TFDUPO,1339709.585323543,1887995.635255939,957,Sem Informações de Faturamento,DISTRIBUICAO,MODALIDADE TRADICIONAL,ATIVO,8.0,8,2025-09,1406695.0645897202,1925755.5479610579,Manter Ativo
TFDUPP,88588.87842451167,26848.87674426996,36,Sem Informações de Faturamento,DISTRIBUICAO,MODALIDADE TRADICIONAL,ATIVO,0.0,9,2025-09,93018.32234573725,27385.85427915536,Manter Ativo
TFDUPT,194547.82644639676,44622.81932669364,144,"Faixa 02 - De 7,5 M ate 15 M",LOGISTICA,MODALIDADE ASSINATURA (INTERA),ATIVO,0.0,8,2025-09,204275.2177687166,45515.275713227515,Manter Ativo
TFDUPV,1539.217152119612,0.0,2,Sem Informações de Faturamento,SERVICOS,MODALIDADE ASSINATURA COMPLEMENTAR,ATIVO,0.0,9,2025-09,1616.1780097255926,0.0,Manter Ativo
TFDUPX,5296.860283578899,74608.1183837358,36,Sem Informações de Faturamento,LOGISTICA,MODALIDADE ASSINATURA COMPLEMENTAR,ATIVO,0.0,9,2025-09,5561.703297757844,76100.28075141051,Manter Ativo
TFDUPZ,233827.80790147863,184779.6299621495,169,Sem Informações de Faturamento,VAREJO,MODALIDADE TRADICIONAL,ATIVO,0.0,9,2025-09,245519.19829655258,188475.2225613925,Manter Ativo
TFDUQ0,9203.64786673724,1824.154604517214,4,"Faixa 00 - Ate 4,5 M",MANUFATURA,MODALIDADE ASSINATURA (INTERA),ATIVO,0.0,8,2025-09,9663.830260074103,1860.6376966075584,Manter Ativo
TFDUQ9,5455.766092086256,3727.6528129965523,4,Sem Informações de Faturamento,DISTRIBUICAO,MODALIDADE TRADICIONAL,ATIVO,0.0,9,2025-09,5728.55439669057,3802.2058692564833,Manter Ativo
TFDUQA,217588.1849773408,34922.981767106074,48,"Faixa 01 - De 4,5 M ate 7,5 M",LOGISTICA,MODALIDADE ASSINATURA (INTERA),ATIVO,0.0,9,2025-09,228467.59422620785,35621.441402448196,Manter Ativo
TFDUQD,261329.32929826085,32400.642123209996,96,Faixa 07 - De 75 M ate 150 M,SERVICOS,MODALIDADE ASSINATURA (INTERA),ATIVO,0.0,8,2025-09,274395.7957631739,33048.6549656742,Manter Ativo
TFDUQF,88035.20518601272,27860.57705843352,36,Sem Informações de Faturamento,VAREJO,MODALIDADE TRADICIONAL,ATIVO,0.0,9,2025-09,92436.96544531337,28417.78859960219,Manter Ativo
TFDUQH,11119429.712814774,43278.98064960564,972,Faixa 06 - De 50 M ate 75 M,MANUFATURA,MODALIDADE ASSINATURA COMPLEMENTAR,ATIVO,0.0,9,2025-09,11675401.198455514,44144.560262597755,Manter Ativo
TFDUQJ,27451981.703839365,0.0,1656,Faixa 06 - De 50 M ate 75 M,EDUCACIONAL,MODALIDADE ASSINATURA COMPLEMENTAR,ATIVO,0.0,9,2025-09,28824580.789031334,0.0,Manter Ativo
TFDUQK,1223.322494064648,0.0,15,Sem Informações de Faturamento,SERVICOS,MPN,GRATUITO,0.0,9,2025-09,1284.4886187678806,0.0,Risco de Churn
TFDUQR,19171.018909219198,0.0,8,Faixa 04 - De 25 M ate 35 M,DISTRIBUICAO,MODALIDADE ASSINATURA (INTERA),ATIVO,0.0,9,2025-09,20129.569854680158,0.0,Manter Ativo
TFDUR1,7252.435877132016,0.0,18,"Faixa 00 - Ate 4,5 M",CONSTRUCAO E PROJETOS,MODALIDADE ASSINATURA (INTERA),ATIVO,0.0,8,2025-09,7615.057670988617,0.0,Manter Ativo
TFDUR4,16586.167906262166,103935.69873242258,72,Sem Informações de Faturamento,VAREJO,MODALIDADE ASSINATURA COMPLEMENTAR,ATIVO,0.0,8,2025-09,17415.476301575276,106014.41270707102,Manter Ativo
TFDURJ,759330.4474729724,190626.43466274228,528,Sem Informações de Faturamento,HOSPITALITY,MODALIDADE ASSINATURA COMPLEMENTAR,ATIVO,0.0,9,2025-09,797296.9698466212,194438.96335599714,Manter Ativo
TFDURW,995061.984795087,98172.51295873549,240,Faixa 03 - De 15 M ate 25 M,EDUCACIONAL,MODALIDADE ASSINATURA COMPLEMENTAR,ATIVO,0.0,8,2025-09,1044815.0840348414,100135.9632179102,Manter Ativo
TFDUSI,63703.25772120623,47703.16638603526,20,Faixa 03 - De 15 M ate 25 M,DISTRIBUICAO,MODALIDADE ASSINATURA (INTERA),ATIVO,0.0,8,2025-09,66888.42060726654,48657.229713755965,Manter Ativo
TFDUSS,4907034.382826589,45245.69646518357,575,Faixa 05 - De 35 M ate 50 M,SAUDE,MODALIDADE ASSINATURA COMPLEMENTAR,ATIVO,0.0,8,2025-09,5152386.101967919,46150.610394487245,Manter Ativo
TFDUT7,16390.772615801263,571.6531364618335,170,Sem Informações de Faturamento,SERVICOS,MPN,GRATUITO,0.0,9,2025-09,17210.311246591325,583.0861991910701,Risco de Churn
TFDUTE,60.1067526465167,0.0,1,Sem Informações de Faturamento,VAREJO,MODALIDADE ASSINATURA COMPLEMENTAR,ATIVO,0.0,9,2025-09,63.112090278842544,0.0,Manter Ativo
TFDUTI,86539.47273450678,57951.8007095753,88,"Faixa 00 - Ate 4,5 M",CONSTRUCAO E PROJETOS,MODALIDADE ASSINATURA (INTERA),ATIVO,0.0,8,2025-09,90866.44637123213,59110.836723766806,Manter Ativo
TFDUTN,10379.15568709916,2132.238495582584,70,Sem Informações de Faturamento,JURIDICO,MODALIDADE ASSINATURA COMPLEMENTAR,TROCADO,0.0,9,2025-09,10898.113471454119,2174.8832654942357,Risco de Churn
TFDUTP,19861.88082906313,8838.189730314503,48,Sem Informações de Faturamento,JURIDICO,MODALIDADE ASSINATURA COMPLEMENTAR,ATIVO,0.0,8,2025-09,20854.97487051629,9014.953524920793,Manter Ativo
TFDUTQ,168.2888181525638,0.0,4,Sem Informações de Faturamento,DISTRIBUICAO,MODALIDADE ASSINATURA COMPLEMENTAR,ATIVO,0.0,8,2025-09,176.703259060192,0.0,Manter Ativo
TFDUTT,5171.551703155945,2701.196959471578,24,Sem Informações de Faturamento,SERVICOS,MODALIDADE ASSINATURA COMPLEMENTAR,ATIVO,0.0,8,2025-09,5430.129288313742,2755.2208986610094,Manter Ativo
TFDUTZ,26280.41433555038,54357.826357021244,16,Faixa 03 - De 15 M ate 25 M,MANUFATURA,MODALIDADE ASSINATURA (INTERA),ATIVO,0.0,8,2025-09,27594.4350523279,55444.98288416167,Manter Ativo
TFDUUO,1680072.202444592,68373.11688221738,272,"Faixa 02 - De 7,5 M ate 15 M",SERVICOS,MODALIDADE ASSINATURA (INTERA),ATIVO,0.0,8,2025-09,1764075.8125668217,69740.57921986173,Manter Ativo
TFDUUV,7552.137276605759,0.0,4,Sem Informações de Faturamento,SERVICOS,MODALIDADE ASSINATURA COMPLEMENTAR,ATIVO,0.0,9,2025-09,7929.744140436048,0.0,Manter Ativo
TFDUVB,1719786.2531922003,230487.6288259405,462,Sem Informações de Faturamento,VAREJO,MODALIDADE ASSINATURA COMPLEMENTAR,ATIVO,0.0,9,2025-09,1805775.5658518104,235097.38140245932,Manter Ativo
TFDUWD,153.2179894885713,0.0,9,Sem Informações de Faturamento,VAREJO,MODALIDADE ASSINATURA COMPLEMENTAR,ATIVO,0.0,9,2025-09,160.87888896299987,0.0,Manter Ativo
TFDUWH,259979.73974429318,126692.72568448407,168,Sem Informações de Faturamento,VAREJO,MODALIDADE TRADICIONAL,ATIVO,0.0,9,2025-09,272978.72673150786,129226.58019817376,Manter Ativo
TFDUWK,712290.3933442968,6272.995964409856,840,Sem Informações de Faturamento,SERVICOS,MODALIDADE ASSINATURA COMPLEMENTAR,ATIVO,0.0,9,2025-09,747904.9130115117,6398.455883698053,Manter Ativo
TFDUX7,40090.98961850097,561.2149586172883,180,Sem Informações de Faturamento,HOSPITALITY,MODALIDADE ASSINATURA COMPLEMENTAR,ATIVO,0.0,8,2025-09,42095.53909942602,572.4392577896341,Manter Ativo
TFDUXW,46315.81778518916,43426.960632813556,66,"Faixa 02 - De 7,5 M ate 15 M",MANUFATURA,MODALIDADE ASSINATURA (INTERA),ATIVO,0.0,9,2025-09,48631.60867444862,44295.49984546983,Manter Ativo
TFDUY1,45740.149964940916,0.0,78,Faixa 05 - De 35 M ate 50 M,CONSTRUCAO E PROJETOS,MODALIDADE ASSINATURA (INTERA),ATIVO,0.0,9,2025-09,48027.15746318796,0.0,Manter Ativo
TFDUYI,371967.6624219525,20818.9730360174,50,"Faixa 00 - Ate 4,5 M",MANUFATURA,MODALIDADE ASSINATURA (INTERA),ATIVO,0.0,8,2025-09,390566.04554305016,21235.35249673775,Manter Ativo
TFDUYV,60.1067526465167,0.0,1,Sem Informações de Faturamento,VAREJO,MODALIDADE ASSINATURA COMPLEMENTAR,ATIVO,0.0,9,2025-09,63.112090278842544,0.0,Manter Ativo
TFDUZ8,35581.00735704923,0.0,132,Sem Informações de Faturamento,SERVICOS,MPN,GRATUITO,0.0,8,2025-09,37360.05772490169,0.0,Risco de Churn
TFDUZI,37488.48661845595,16615.11566809765,15,"Faixa 01 - De 4,5 M ate 7,5 M",MANUFATURA,MODALIDADE ASSINATURA (INTERA),ATIVO,0.0,8,2025-09,39362.91094937875,16947.417981459603,Manter Ativo
TFDUZL,27277.384333496764,8539.278656025916,20,Sem Informações de Faturamento,VAREJO,MODALIDADE TRADICIONAL,ATIVO,0.0,9,2025-09,28641.253550171605,8710.064229146434,Manter Ativo
TFDUZN,361.952119377891,769.15455946407,3,Sem Informações de Faturamento,VAREJO,MODALIDADE ASSINATURA COMPLEMENTAR,GRATUITO,0.0,9,2025-09,380.0497253467856,784.5376506533514,Risco de Churn
TFDUZR,44866.554773028234,35031.96256551208,28,Faixa 03 - De 15 M ate 25 M,SERVICOS,MODALIDADE ASSINATURA (INTERA),ATIVO,0.0,9,2025-09,47109.88251167965,35732.60181682232,Manter Ativo
TFDV01,6763.148918079845,2462.518753550574,4,Sem Informações de Faturamento,SERVICOS,MODALIDADE TRADICIONAL,ATIVO,0.0,9,2025-09,7101.306363983838,2511.7691286215854,Manter Ativo
TFDV03,11939.223971763671,7016.675148224345,24,Sem Informações de Faturamento,VAREJO,MODALIDADE ASSINATURA COMPLEMENTAR,ATIVO,0.0,9,2025-09,12536.185170351855,7157.008651188832,Manter Ativo
TFDV09,524.523691510084,438.655700912955,1,Sem Informações de Faturamento,SERVICOS,MODALIDADE ASSINATURA COMPLEMENTAR,ATIVO,0.0,9,2025-09,550.7498760855882,447.4288149312141,Manter Ativo
TFDV23,77751.17438343489,18432.317092528327,198,Sem Informações de Faturamento,SERVICOS,MODALIDADE ASSINATURA COMPLEMENTAR,TROCADO,0.0,9,2025-09,81638.73310260664,18800.963434378893,Risco de Churn
TFDV39,20033.33094795637,8622.548662769692,44,Sem Informações de Faturamento,SERVICOS,MODALIDADE ASSINATURA COMPLEMENTAR,ATIVO,0.0,8,2025-09,21034.99749535419,8794.999636025086,Manter Ativo
TFDV48,411249.56083599426,0.0,494,Faixa 09 - De 300 M ate 500 M,MANUFATURA,MODALIDADE ASSINATURA COMPLEMENTAR,ATIVO,0.0,9,2025-09,431812.038877794,0.0,Manter Ativo
TFDV53,1956.7778967603444,0.0,16,Sem Informações de Faturamento,VAREJO,MODALIDADE ASSINATURA COMPLEMENTAR,ATIVO,0.0,8,2025-09,2054.616791598362,0.0,Manter Ativo
TFDV54,31848.96151310315,63838.264600577044,84,Faixa 06 - De 50 M ate 75 M,VAREJO,MODALIDADE ASSINATURA (INTERA),ATIVO,0.0,9,2025-09,33441.40958875831,65115.02989258859,Manter Ativo
TFDV79,312.5147567311548,0.0,4,Sem Informações de Faturamento,VAREJO,MODALIDADE ASSINATURA COMPLEMENTAR,ATIVO,0.0,9,2025-09,328.14049456771255,0.0,Manter Ativo
TFDV80,408.6653824502154,0.0,4,Sem Informações de Faturamento,VAREJO,MODALIDADE ASSINATURA COMPLEMENTAR,ATIVO,0.0,9,2025-09,429.0986515727262,0.0,Manter Ativo
TFDV89,4539.796017904967,0.0,16,Sem Informações de Faturamento,VAREJO,MODALIDADE ASSINATURA COMPLEMENTAR,ATIVO,0.0,8,2025-09,4766.785818800216,0.0,Manter Ativo
TFDV91,21787.499735012447,0.0,15,"Faixa 01 - De 4,5 M ate 7,5 M",VAREJO,MODALIDADE ASSINATURA (INTERA),ATIVO,0.0,9,2025-09,22876.87472176307,0.0,Manter Ativo
TFDVA4,53250.24446401009,0.0,72,Faixa 04 - De 25 M ate 35 M,MANUFATURA,MODALIDADE ASSINATURA (INTERA),ATIVO,0.0,5,2025-09,55912.756687210596,0.0,Manter Ativo
TFDVA8,524.523691510084,438.655700912955,1,Sem Informações de Faturamento,SERVICOS,MODALIDADE ASSINATURA COMPLEMENTAR,ATIVO,0.0,9,2025-09,550.7498760855882,447.4288149312141,Manter Ativo
TFDVA9,524.523691510084,438.655700912955,1,Sem Informações de Faturamento,SERVICOS,MODALIDADE ASSINATURA COMPLEMENTAR,ATIVO,0.0,9,2025-09,550.7498760855882,447.4288149312141,Manter Ativo
TFDVAF,3350.8526693951617,0.0,25,Sem Informações de Faturamento,SERVICOS,MPN,GRATUITO,0.0,9,2025-09,3518.39530286492,0.0,Risco de Churn
TFDVAH,54545.049348758934,40997.83311833648,40,"Faixa 02 - De 7,5 M ate 15 M",VAREJO,MODALIDADE ASSINATURA (INTERA),ATIVO,0.0,8,2025-09,57272.30181619688,41817.789780703206,Manter Ativo
TFDVAS,8082.756561299319,1627.733572858536,30,Sem Informações de Faturamento,SERVICOS,MODALIDADE ASSINATURA COMPLEMENTAR,GRATUITO,0.0,8,2025-09,8486.894389364286,1660.2882443157068,Risco de Churn
TFDVAY,203616.9845082201,127872.3238580649,135,Sem Informações de Faturamento,HOSPITALITY,MODALIDADE ASSINATURA COMPLEMENTAR,ATIVO,0.0,8,2025-09,213797.83373363112,130429.7703352262,Manter Ativo
TFDVB0,11804.431489118695,2889.3111689712587,45,Sem Informações de Faturamento,SERVICOS,MODALIDADE ASSINATURA COMPLEMENTAR,TROCADO,0.0,9,2025-09,12394.65306357463,2947.097392350684,Risco de Churn
TFDVB4,151868.9296206325,26203.862092880572,35,"Faixa 02 - De 7,5 M ate 15 M",CONSTRUCAO E PROJETOS,MODALIDADE ASSINATURA (INTERA),ATIVO,0.0,8,2025-09,159462.37610166412,26727.939334738185,Manter Ativo
TFDVB6,78196.16109354381,92723.53609629838,91,"Faixa 02 - De 7,5 M ate 15 M",MANUFATURA,MODALIDADE ASSINATURA COMPLEMENTAR,ATIVO,0.0,9,2025-09,82105.969148221,94578.00681822436,Manter Ativo
TFDVC9,9109.758916282117,1008.589459711312,56,Sem Informações de Faturamento,SERVICOS,MPN,ATIVO,0.0,9,2025-09,9565.246862096223,1028.7612489055382,Manter Ativo
TFDVCC,8351.853879134605,0.0,24,Sem Informações de Faturamento,SERVICOS,MODALIDADE ASSINATURA COMPLEMENTAR,CANCELADO,0.0,9,2025-09,8769.446573091336,0.0,Risco de Churn
TFDVCD,5266.071232216253,50909.2508192512,20,Sem Informações de Faturamento,VAREJO,MODALIDADE ASSINATURA COMPLEMENTAR,ATIVO,0.0,9,2025-09,5529.374793827065,51927.43583563623,Manter Ativo
TFDVCE,1480014.4011653503,350744.3960151474,255,"Faixa 02 - De 7,5 M ate 15 M",SERVICOS,MODALIDADE ASSINATURA (INTERA),ATIVO,8.0,8,2025-09,1554015.1212236178,357759.28393545037,Manter Ativo
TFDVCT,57165.87275921322,9817.881874478733,81,Sem Informações de Faturamento,VAREJO,MODALIDADE ASSINATURA COMPLEMENTAR,ATIVO,0.0,8,2025-09,60024.16639717388,10014.239511968308,Manter Ativo
TFDVD8,476397.9996238574,67585.24674975127,80,"Faixa 00 - Ate 4,5 M",DISTRIBUICAO,MODALIDADE ASSINATURA (INTERA),ATIVO,0.0,8,2025-09,500217.8996050503,68936.9516847463,Manter Ativo
TFDVDF,4520973.9191572815,490489.6406065689,810,Faixa 06 - De 50 M ate 75 M,MANUFATURA,MODALIDADE ASSINATURA COMPLEMENTAR,ATIVO,0.0,9,2025-09,4747022.615115146,500299.4334187003,Manter Ativo
TFDVDI,3659.903447655138,1881.8609546066496,9,Sem Informações de Faturamento,VAREJO,MODALIDADE ASSINATURA COMPLEMENTAR,ATIVO,0.0,9,2025-09,3842.898620037895,1919.4981736987827,Manter Ativo
TFDVDW,9818.916023391233,3047.208051710318,24,Sem Informações de Faturamento,JURIDICO,MODALIDADE ASSINATURA COMPLEMENTAR,ATIVO,0.0,9,2025-09,10309.861824560796,3108.1522127445246,Manter Ativo
TFDVDY,26521.05994671957,14276.25758288183,117,Sem Informações de Faturamento,VAREJO,MODALIDADE ASSINATURA COMPLEMENTAR,ATIVO,0.0,8,2025-09,27847.112944055552,14561.782734539467,Manter Ativo
TFDVE2,96647.28624393631,104674.16513310117,112,"Faixa 01 - De 4,5 M ate 7,5 M",EDUCACIONAL,MODALIDADE ASSINATURA (INTERA),ATIVO,0.0,8,2025-09,101479.65055613313,106767.64843576319,Manter Ativo
TFDVE3,4112.936340766386,1891.7358155638917,18,Sem Informações de Faturamento,SERVICOS,MODALIDADE ASSINATURA COMPLEMENTAR,ATIVO,0.0,8,2025-09,4318.5831578047055,1929.5705318751695,Manter Ativo
TFDVE6,7081.750860279744,659.0975735719323,56,Sem Informações de Faturamento,DISTRIBUICAO,MODALIDADE ASSINATURA COMPLEMENTAR,PENDENTE,0.0,8,2025-09,7435.838403293732,672.279525043371,Risco de Churn
TFDVEW,7132.5754958579,0.0,4,Sem Informações de Faturamento,SERVICOS,MODALIDADE ASSINATURA COMPLEMENTAR,ATIVO,0.0,9,2025-09,7489.2042706507955,0.0,Manter Ativo
TFDVFA,151227.63117915628,7303.991983892188,100,Sem Informações de Faturamento,HOSPITALITY,MODALIDADE ASSINATURA COMPLEMENTAR,ATIVO,0.0,8,2025-09,158789.0127381141,7450.0718235700315,Manter Ativo
TFDVFF,358949.90941544715,255997.5601830984,414,Sem Informações de Faturamento,VAREJO,MODALIDADE TRADICIONAL,ATIVO,0.0,9,2025-09,376897.40488621953,261117.51138676036,Manter Ativo
TFDVFL,6832.689126659974,2745.471985270503,4,Sem Informações de Faturamento,VAREJO,MODALIDADE TRADICIONAL,ATIVO,0.0,9,2025-09,7174.323582992974,2800.381424975913,Manter Ativo
TFDVFN,411.1456582972886,0.0,8,Sem Informações de Faturamento,VAREJO,MODALIDADE ASSINATURA COMPLEMENTAR,ATIVO,0.0,9,2025-09,431.70294121215306,0.0,Manter Ativo
TFDVFP,6832.689126659974,2745.471985270503,4,Sem Informações de Faturamento,VAREJO,MODALIDADE TRADICIONAL,ATIVO,0.0,9,2025-09,7174.323582992974,2800.381424975913,Manter Ativo
TFDVFX,19467.626269670123,7377.921019564441,36,Sem Informações de Faturamento,VAREJO,MODALIDADE TRADICIONAL,ATIVO,0.0,9,2025-09,20441.00758315363,7525.4794399557295,Manter Ativo
TFDVGH,7292.9820814456025,0.0,45,Sem Informações de Faturamento,SERVICOS,MPN,GRATUITO,0.0,8,2025-09,7657.631185517883,0.0,Risco de Churn
TFDVGK,300417.4424992134,79767.18463050919,90,Sem Informações de Faturamento,CONSTRUCAO E PROJETOS,MODALIDADE ASSINATURA COMPLEMENTAR,ATIVO,0.0,9,2025-09,315438.3146241741,81362.52832311938,Manter Ativo
TFDVGS,88660.99139380096,27033.762391311066,36,Sem Informações de Faturamento,DISTRIBUICAO,MODALIDADE TRADICIONAL,ATIVO,0.0,9,2025-09,93094.040963491,27574.437639137286,Manter Ativo
TFDVH0,5209.974959498732,51021.46018011582,20,Sem Informações de Faturamento,VAREJO,MODALIDADE ASSINATURA COMPLEMENTAR,ATIVO,0.0,9,2025-09,5470.473707473669,52041.88938371814,Manter Ativo
TFDVH6,6011.768267567332,0.0,20,Sem Informações de Faturamento,SERVICOS,MODALIDADE ASSINATURA COMPLEMENTAR,ATIVO,0.0,8,2025-09,6312.356680945699,0.0,Manter Ativo
TFDVHC,9749.955947127879,0.0,16,"Faixa 00 - Ate 4,5 M",SERVICOS,MODALIDADE ASSINATURA (INTERA),ATIVO,0.0,9,2025-09,10237.453744484274,0.0,Manter Ativo
TFDVHD,7545.318619954991,5271.965040246077,28,Sem Informações de Faturamento,SERVICOS,MODALIDADE ASSINATURA COMPLEMENTAR,ATIVO,0.0,8,2025-09,7922.584550952741,5377.4043410509985,Manter Ativo
TFDVHL,1954.7936760826874,0.0,9,Sem Informações de Faturamento,SERVICOS,MPN,GRATUITO,0.0,9,2025-09,2052.533359886822,0.0,Risco de Churn
TFDVHV,223754.80653491296,39837.18172991275,100,"Faixa 00 - Ate 4,5 M",SERVICOS,MODALIDADE SERVICOS RECORRENTES,ATIVO,0.0,9,2025-09,234942.54686165863,40633.92536451101,Manter Ativo
TFDVHX,20069707.13595388,10053831.461678667,5025,Faixa 09 - De 300 M ate 500 M,DISTRIBUICAO,MODALIDADE ASSINATURA COMPLEMENTAR,ATIVO,0.0,9,2025-09,21073192.492751576,10254908.09091224,Manter Ativo
TFDVI2,79873.7944533596,136057.2551726916,100,Sem Informações de Faturamento,VAREJO,MODALIDADE TRADICIONAL,ATIVO,0.0,9,2025-09,83867.48417602759,138778.40027614543,Manter Ativo
TFDVIA,25829.727194850442,8037.489425161558,99,Sem Informações de Faturamento,SERVICOS,MODALIDADE ASSINATURA COMPLEMENTAR,ATIVO,0.0,5,2025-09,27121.213554592967,8198.239213664789,Manter Ativo
TFDVIC,54848.04236855177,0.0,135,Sem Informações de Faturamento,MANUFATURA,MODALIDADE ASSINATURA COMPLEMENTAR,TROCADO,0.0,9,2025-09,57590.44448697936,0.0,Risco de Churn
TFDVIH,144.2511617227986,0.0,4,Sem Informações de Faturamento,VAREJO,MODALIDADE ASSINATURA COMPLEMENTAR,ATIVO,0.0,9,2025-09,151.46371980893855,0.0,Manter Ativo
TFDVIM,41716.095780504475,0.0,60,"Faixa 02 - De 7,5 M ate 15 M",SERVICOS,MODALIDADE ASSINATURA COMPLEMENTAR,ATIVO,0.0,9,2025-09,43801.9005695297,0.0,Manter Ativo
TFDVIR,1138.6988452484252,0.0,3,Sem Informações de Faturamento,VAREJO,MODALIDADE ASSINATURA COMPLEMENTAR,GRATUITO,0.0,8,2025-09,1195.6337875108466,0.0,Risco de Churn
TFDVIS,104314.45366970066,0.0,56,Sem Informações de Faturamento,HOSPITALITY,MODALIDADE ASSINATURA COMPLEMENTAR,ATIVO,0.0,8,2025-09,109530.1763531857,0.0,Manter Ativo
TFDVIW,2972.9679305928553,0.0,56,Sem Informações de Faturamento,SERVICOS,MPN,GRATUITO,0.0,8,2025-09,3121.616327122498,0.0,Risco de Churn
TFDVIZ,296527.773023257,133481.58539422601,399,Sem Informações de Faturamento,HOSPITALITY,MODALIDADE ASSINATURA COMPLEMENTAR,ATIVO,0.0,5,2025-09,311354.1616744198,136151.21710211053,Manter Ativo
TFDVJ7,671000.6107394721,623853.9636033738,192,Sem Informações de Faturamento,LOGISTICA,MODALIDADE TRADICIONAL,ATIVO,0.0,8,2025-09,704550.6412764457,636331.0428754414,Manter Ativo
TFDVJB,1612.9233833513508,773.312174400944,42,Sem Informações de Faturamento,VAREJO,MODALIDADE ASSINATURA COMPLEMENTAR,ATIVO,0.0,8,2025-09,1693.5695525189185,788.7784178889628,Manter Ativo
TFDVJD,79787.96850133616,62977.701366504916,36,Sem Informações de Faturamento,VAREJO,MODALIDADE TRADICIONAL,ATIVO,0.0,9,2025-09,83777.36692640297,64237.25539383502,Manter Ativo
TFDVJM,8262.13095133109,4829.530071559361,49,Sem Informações de Faturamento,VAREJO,MODALIDADE TRADICIONAL,ATIVO,0.0,9,2025-09,8675.237498897644,4926.120672990549,Manter Ativo
TFDVJP,273597.81619450875,0.0,96,Sem Informações de Faturamento,SERVICOS,MODALIDADE ASSINATURA COMPLEMENTAR,CANCELADO,0.0,8,2025-09,287277.7070042342,0.0,Risco de Churn
TFDVJT,7046.92610584389,2200.0971612155417,4,Sem Informações de Faturamento,DISTRIBUICAO,MODALIDADE TRADICIONAL,ATIVO,0.0,9,2025-09,7399.272411136085,2244.0991044398525,Manter Ativo
TFDVJX,88516.76545522237,27033.762391311066,36,Sem Informações de Faturamento,DISTRIBUICAO,MODALIDADE TRADICIONAL,ATIVO,0.0,9,2025-09,92942.60372798349,27574.437639137286,Manter Ativo
TFDVJZ,6501.853959519416,51021.46018011582,24,Sem Informações de Faturamento,VAREJO,MODALIDADE ASSINATURA COMPLEMENTAR,ATIVO,0.0,9,2025-09,6826.946657495388,52041.88938371814,Manter Ativo
TFDVK3,11687.816485732577,38991.26053105305,25,"Faixa 01 - De 4,5 M ate 7,5 M",CONSTRUCAO E PROJETOS,MODALIDADE ASSINATURA (INTERA),ATIVO,0.0,8,2025-09,12272.207310019206,39771.08574167411,Manter Ativo
TFDVK4,83458.39000012583,30697.65950346571,35,Sem Informações de Faturamento,SERVICOS,MODALIDADE ASSINATURA (INTERA),ATIVO,0.0,9,2025-09,87631.30950013212,31311.612693535026,Manter Ativo
TFDVK5,14480.75842840165,18600.580687536683,48,Sem Informações de Faturamento,VAREJO,MODALIDADE TRADICIONAL,ATIVO,0.0,9,2025-09,15204.796349821734,18972.59230128742,Manter Ativo
TFDVK6,211.16816330534542,0.0,4,Sem Informações de Faturamento,VAREJO,MODALIDADE ASSINATURA COMPLEMENTAR,ATIVO,0.0,9,2025-09,221.7265714706127,0.0,Manter Ativo
TFDVK8,488810.3341115204,24218.039745565293,70,Faixa 04 - De 25 M ate 35 M,SAUDE,MODALIDADE ASSINATURA (INTERA),ATIVO,0.0,9,2025-09,513250.8508170964,24702.4005404766,Manter Ativo
TFDVKE,1514010.9999035758,232717.8003827661,638,Sem Informações de Faturamento,VAREJO,MODALIDADE ASSINATURA COMPLEMENTAR,ATIVO,0.0,9,2025-09,1589711.5498987546,237372.1563904214,Manter Ativo
TFDVKG,60.1067526465167,0.0,1,Sem Informações de Faturamento,DISTRIBUICAO,MODALIDADE ASSINATURA COMPLEMENTAR,ATIVO,0.0,8,2025-09,63.112090278842544,0.0,Manter Ativo
TFDVKH,8612.19035821512,0.0,4,Sem Informações de Faturamento,VAREJO,MODALIDADE ASSINATURA COMPLEMENTAR,GRATUITO,0.0,8,2025-09,9042.799876125877,0.0,Risco de Churn
TFDVKM,10960.818207954026,0.0,4,"Faixa 01 - De 4,5 M ate 7,5 M",DISTRIBUICAO,MODALIDADE ASSINATURA (INTERA),ATIVO,0.0,8,2025-09,11508.859118351727,0.0,Manter Ativo
TFDVL8,117718.90270005092,2032.514591100788,56,Faixa 03 - De 15 M ate 25 M,MANUFATURA,MODALIDADE ASSINATURA COMPLEMENTAR,ATIVO,0.0,8,2025-09,123604.84783505347,2073.164882922804,Manter Ativo
TFDVLH,70320.8480779219,108696.31497014996,88,Sem Informações de Faturamento,VAREJO,MODALIDADE TRADICIONAL,ATIVO,0.0,9,2025-09,73836.89048181799,110870.24126955296,Manter Ativo
TFDVLK,1881.7810813166566,74.9968154436884,16,Sem Informações de Faturamento,VAREJO,MODALIDADE ASSINATURA COMPLEMENTAR,ATIVO,0.0,9,2025-09,1975.8701353824895,76.49675175256218,Manter Ativo
TFDVLQ,23853.52747705031,4884.512322074379,36,Sem Informações de Faturamento,VAREJO,MODALIDADE ASSINATURA COMPLEMENTAR,ATIVO,0.0,8,2025-09,25046.203850902824,4982.202568515867,Manter Ativo
TFDVLX,1058251.4554765003,454208.6069206138,240,Sem Informações de Faturamento,DISTRIBUICAO,MODALIDADE TRADICIONAL,ATIVO,0.0,8,2025-09,1111164.0282503255,463292.7790590261,Manter Ativo
TFDVLZ,24286.98721025652,6095.59318348365,15,Sem Informações de Faturamento,LOGISTICA,MODALIDADE ASSINATURA COMPLEMENTAR,ATIVO,0.0,9,2025-09,25501.33657076935,6217.505047153323,Manter Ativo
TFDVM0,30951.820516072814,34817.4397240271,28,Sem Informações de Faturamento,CONSTRUCAO E PROJETOS,MODALIDADE ASSINATURA (INTERA),ATIVO,0.0,9,2025-09,32499.411541876456,35513.788518507645,Manter Ativo
TFDVM1,2030802.6878957108,982215.2657255946,378,Sem Informações de Faturamento,VAREJO,MODALIDADE TRADICIONAL,ATIVO,0.0,9,2025-09,2132342.8222904964,1001859.5710401065,Manter Ativo
TFDVM6,11652.420006694703,0.0,30,Sem Informações de Faturamento,VAREJO,MODALIDADE ASSINATURA COMPLEMENTAR,ATIVO,0.0,9,2025-09,12235.041007029438,0.0,Manter Ativo
TFDVMG,36410.38217330874,201429.70911197618,112,Sem Informações de Faturamento,VAREJO,MODALIDADE TRADICIONAL,TROCADO,0.0,9,2025-09,38230.90128197418,205458.3032942157,Risco de Churn
TFDVMM,417697.13458917825,757312.6463826601,144,Sem Informações de Faturamento,VAREJO,MODALIDADE TRADICIONAL,ATIVO,0.0,9,2025-09,438581.9913186372,772458.8993103134,Manter Ativo
TFDVMP,618092.8797583702,50915.74157502744,80,Sem Informações de Faturamento,MANUFATURA,MODALIDADE TRADICIONAL,ATIVO,0.0,9,2025-09,648997.5237462887,51934.05640652799,Manter Ativo
TFDVMR,18457.422528729552,31936.87257838112,12,"Faixa 01 - De 4,5 M ate 7,5 M",SAUDE,MODALIDADE CORPORATIVO,ATIVO,0.0,9,2025-09,19380.29365516603,32575.610029948744,Manter Ativo
TFDVNL,524.523691510084,438.655700912955,1,Sem Informações de Faturamento,SERVICOS,MODALIDADE ASSINATURA COMPLEMENTAR,ATIVO,0.0,9,2025-09,550.7498760855882,447.4288149312141,Manter Ativo
TFDVNQ,60.1067526465167,0.0,1,Sem Informações de Faturamento,VAREJO,MODALIDADE ASSINATURA COMPLEMENTAR,ATIVO,0.0,9,2025-09,63.112090278842544,0.0,Manter Ativo
TFDVNV,1233.697614048676,0.0,2,Sem Informações de Faturamento,EDUCACIONAL,MODALIDADE ASSINATURA COMPLEMENTAR,ATIVO,0.0,8,2025-09,1295.38249475111,0.0,Manter Ativo
TFDVNY,16177.872463260326,0.0,9,Faixa 06 - De 50 M ate 75 M,SAUDE,MODALIDADE ASSINATURA (INTERA),ATIVO,0.0,9,2025-09,16986.766086423344,0.0,Manter Ativo
TFDVOL,61959.90966301519,92345.04600203512,54,"Faixa 02 - De 7,5 M ate 15 M",MANUFATURA,MODALIDADE ASSINATURA (INTERA),ATIVO,0.0,9,2025-09,65057.905146165955,94191.94692207582,Manter Ativo
TFDVOX,4098.559148568106,0.0,12,Sem Informações de Faturamento,SERVICOS,MODALIDADE ASSINATURA COMPLEMENTAR,ATIVO,0.0,9,2025-09,4303.487105996512,0.0,Manter Ativo
TFDVPD,1128.4666564149084,0.0,35,Sem Informações de Faturamento,SERVICOS,MPN,GRATUITO,0.0,8,2025-09,1184.8899892356537,0.0,Risco de Churn
TFDVPI,5268.946670655907,51021.46018011582,20,Sem Informações de Faturamento,VAREJO,MODALIDADE ASSINATURA COMPLEMENTAR,ATIVO,0.0,9,2025-09,5532.394004188703,52041.88938371814,Manter Ativo
TFDVPL,48143.095855730586,119736.92239094712,16,"Faixa 00 - Ate 4,5 M",MANUFATURA,MODALIDADE CORPORATIVO,ATIVO,10.0,9,2025-09,50550.25064851712,122131.66083876607,Manter Ativo
TFDVPW,204664.20741714194,0.0,110,Sem Informações de Faturamento,CONSTRUCAO E PROJETOS,MODALIDADE ASSINATURA COMPLEMENTAR,ATIVO,0.0,9,2025-09,214897.41778799903,0.0,Manter Ativo
TFDVQ7,31521.615547578054,37471.12468752648,24,"Faixa 01 - De 4,5 M ate 7,5 M",SERVICOS,MODALIDADE ASSINATURA (INTERA),ATIVO,0.0,9,2025-09,33097.69632495696,38220.547181277005,Manter Ativo
TFDVQE,4805.008971532286,340.47461208518905,54,Sem Informações de Faturamento,SERVICOS,MPN,GRATUITO,0.0,8,2025-09,5045.2594201089005,347.2841043268928,Risco de Churn
TFDVQI,16047.426769133777,0.0,70,Sem Informações de Faturamento,MANUFATURA,MPN,GRATUITO,0.0,8,2025-09,16849.798107590468,0.0,Risco de Churn
TFDVQJ,5882.457614930117,0.0,35,Sem Informações de Faturamento,SERVICOS,MPN,GRATUITO,0.0,8,2025-09,6176.580495676623,0.0,Risco de Churn
TFDVQM,1147.6530614420951,0.0,26,Sem Informações de Faturamento,HOSPITALITY,MODALIDADE ASSINATURA COMPLEMENTAR,GRATUITO,0.0,9,2025-09,1205.0357145142,0.0,Risco de Churn
TFDVQU,338.254975394928,0.0,3,Sem Informações de Faturamento,SERVICOS,MODALIDADE ASSINATURA COMPLEMENTAR,CANCELADO,0.0,9,2025-09,355.16772416467444,0.0,Risco de Churn
TFDVQV,180891.98254158735,192416.6052842972,4,Sem Informações de Faturamento,VAREJO,MODALIDADE TRADICIONAL,ATIVO,0.0,9,2025-09,189936.58166866674,196264.93738998316,Manter Ativo
TFDVRB,11751.883272019708,1027.8431264563826,20,Sem Informações de Faturamento,CONSTRUCAO E PROJETOS,MODALIDADE ASSINATURA COMPLEMENTAR,ATIVO,0.0,9,2025-09,12339.477435620694,1048.3999889855104,Manter Ativo
TFDVRC,11199.008766420357,5885.400315087664,24,Sem Informações de Faturamento,SERVICOS,MODALIDADE ASSINATURA COMPLEMENTAR,ATIVO,0.0,8,2025-09,11758.959204741375,6003.108321389418,Manter Ativo
TFDVRJ,2366.321885400456,0.0,6,Sem Informações de Faturamento,CONSTRUCAO E PROJETOS,MODALIDADE ASSINATURA COMPLEMENTAR,ATIVO,0.0,9,2025-09,2484.6379796704787,0.0,Manter Ativo
TFDVRK,3444.876143286056,0.0,4,Sem Informações de Faturamento,VAREJO,MODALIDADE ASSINATURA COMPLEMENTAR,GRATUITO,0.0,9,2025-09,3617.119950450359,0.0,Risco de Churn
TFDVRL,27172.590577029256,0.0,54,Sem Informações de Faturamento,MANUFATURA,MODALIDADE ASSINATURA (INTERA),ATIVO,0.0,8,2025-09,28531.22010588072,0.0,Manter Ativo
TFDVRQ,2555.949483552582,554.9091725654071,6,Sem Informações de Faturamento,DISTRIBUICAO,MODALIDADE ASSINATURA COMPLEMENTAR,ATIVO,0.0,9,2025-09,2683.7469577302113,566.0073560167152,Manter Ativo
TFDVRR,20511.460869554117,0.0,36,Sem Informações de Faturamento,VAREJO,MODALIDADE TRADICIONAL,ATIVO,0.0,9,2025-09,21537.033913031824,0.0,Manter Ativo
TFDVRS,5380.937430937292,0.0,8,Sem Informações de Faturamento,SERVICOS,MODALIDADE ASSINATURA COMPLEMENTAR,ATIVO,0.0,9,2025-09,5649.9843024841575,0.0,Manter Ativo
TFDVRU,3125.0887133084,1581.2599296561752,42,Sem Informações de Faturamento,DISTRIBUICAO,MODALIDADE ASSINATURA COMPLEMENTAR,ATIVO,0.0,8,2025-09,3281.3431489738205,1612.8851282492988,Manter Ativo
TFDVRV,5338.898857258104,3941.2760290047563,4,Sem Informações de Faturamento,DISTRIBUICAO,MODALIDADE TRADICIONAL,ATIVO,0.0,9,2025-09,5605.843800121009,4020.1015495848515,Manter Ativo
TFDVRW,3451.2870257721274,1626.0183990524174,56,Sem Informações de Faturamento,DISTRIBUICAO,MODALIDADE ASSINATURA COMPLEMENTAR,ATIVO,0.0,8,2025-09,3623.8513770607337,1658.5387670334658,Manter Ativo
TFDVS5,14446.135459119461,81.56324065237922,6,Sem Informações de Faturamento,SERVICOS,MODALIDADE ASSINATURA COMPLEMENTAR,ATIVO,0.0,9,2025-09,15168.442232075435,83.1945054654268,Manter Ativo
TFDVSF,70150.07057620755,38231.08961478426,144,Sem Informações de Faturamento,VAREJO,MODALIDADE TRADICIONAL,ATIVO,0.0,9,2025-09,73657.57410501793,38995.71140707994,Manter Ativo
TFDVSQ,63407.40285122418,70172.17445824802,42,Sem Informações de Faturamento,VAREJO,MODALIDADE TRADICIONAL,ATIVO,0.0,9,2025-09,66577.77299378539,71575.61794741297,Manter Ativo
TFDVTD,1098.610861387942,0.0,2,Sem Informações de Faturamento,MANUFATURA,MODALIDADE ASSINATURA COMPLEMENTAR,ATIVO,0.0,8,2025-09,1153.541404457339,0.0,Manter Ativo
TFDVTE,2810.446804749074,1576.44651296991,15,Sem Informações de Faturamento,SERVICOS,MODALIDADE ASSINATURA COMPLEMENTAR,ATIVO,0.0,8,2025-09,2950.969144986528,1607.9754432293082,Manter Ativo
TFDVTR,5086.347922022946,2447.5277981765635,24,Sem Informações de Faturamento,SERVICOS,MODALIDADE ASSINATURA COMPLEMENTAR,ATIVO,0.0,8,2025-09,5340.665318124093,2496.478354140095,Manter Ativo
TFDVTU,5269.871519276849,51224.92687672338,20,Sem Informações de Faturamento,VAREJO,MODALIDADE ASSINATURA COMPLEMENTAR,ATIVO,0.0,9,2025-09,5533.3650952406915,52249.42541425785,Manter Ativo
TFDXTV,20378.030436696336,8592.684460027991,50,Sem Informações de Faturamento,SERVICOS,MODALIDADE ASSINATURA COMPLEMENTAR,ATIVO,0.0,8,2025-09,21396.931958531153,8764.53814922855,Manter Ativo
TFDXW3,13948.735055347192,7878.028707481631,60,Sem Informações de Faturamento,VAREJO,MODALIDADE ASSINATURA COMPLEMENTAR,ATIVO,0.0,8,2025-09,14646.171808114552,8035.5892816312635,Manter Ativo
TFDXY6,18362.95344595766,180.57669323899302,20,Sem Informações de Faturamento,JURIDICO,MODALIDADE ASSINATURA COMPLEMENTAR,ATIVO,0.0,8,2025-09,19281.101118255545,184.18822710377287,Manter Ativo
TFDXZK,2138.87218250916,0.0,2,Sem Informações de Faturamento,MANUFATURA,MODALIDADE ASSINATURA COMPLEMENTAR,ATIVO,0.0,8,2025-09,2245.815791634618,0.0,Manter Ativo
TFEBF4,2359.015581295011,0.0,49,Sem Informações de Faturamento,SERVICOS,MPN,GRATUITO,0.0,8,2025-09,2476.966360359762,0.0,Risco de Churn
TFEBF7,11653.092623873574,16193.384696947956,4,Sem Informações de Faturamento,VAREJO,MODALIDADE TRADICIONAL,ATIVO,0.0,9,2025-09,12235.747255067254,16517.252390886915,Manter Ativo
TFEBF9,11425.012342377097,13848.69165770544,9,"Faixa 01 - De 4,5 M ate 7,5 M",MANUFATURA,MODALIDADE ASSINATURA (INTERA),ATIVO,0.0,8,2025-09,11996.262959495953,14125.665490859548,Manter Ativo
TFEBFL,1216802.6896341692,672241.0177098806,210,Sem Informações de Faturamento,VAREJO,MODALIDADE TRADICIONAL,ATIVO,0.0,8,2025-09,1277642.8241158777,685685.8380640782,Manter Ativo
TFEBFR,99659.97221894117,0.0,72,Faixa 06 - De 50 M ate 75 M,SERVICOS,MODALIDADE ASSINATURA (INTERA),ATIVO,0.0,9,2025-09,104642.97082988823,0.0,Manter Ativo
TFEBKG,48776.36492963412,39229.75797110724,48,"Faixa 01 - De 4,5 M ate 7,5 M",MANUFATURA,MODALIDADE ASSINATURA (INTERA),ATIVO,0.0,8,2025-09,51215.183176115825,40014.35313052939,Manter Ativo
TFEBLG,29781.05044296449,0.0,40,"Faixa 00 - Ate 4,5 M",EDUCACIONAL,MODALIDADE ASSINATURA (INTERA),ATIVO,0.0,9,2025-09,31270.102965112717,0.0,Manter Ativo
TFEBLO,36933.57744589056,13420.2933687702,16,"Faixa 01 - De 4,5 M ate 7,5 M",SERVICOS,MODALIDADE ASSINATURA (INTERA),ATIVO,9.0,9,2025-09,38780.256318185086,13688.699236145605,Manter Ativo
TFEBLV,23156.6960797439,0.0,14,"Faixa 01 - De 4,5 M ate 7,5 M",SERVICOS,MODALIDADE ASSINATURA (INTERA),TROCADO,0.0,9,2025-09,24314.530883731095,0.0,Risco de Churn
TFEBM6,133037.6496484591,0.0,35,Faixa 07 - De 75 M ate 150 M,MANUFATURA,MODALIDADE ASSINATURA (INTERA),ATIVO,0.0,8,2025-09,139689.53213088206,0.0,Manter Ativo
TFEBME,168.2888181525638,0.0,4,Sem Informações de Faturamento,SERVICOS,MODALIDADE ASSINATURA COMPLEMENTAR,ATIVO,0.0,9,2025-09,176.703259060192,0.0,Manter Ativo
TFEBMF,12517919.494165398,6311759.077397706,1804,Sem Informações de Faturamento,VAREJO,MODALIDADE TRADICIONAL,ATIVO,0.0,9,2025-09,13143815.468873668,6437994.258945661,Manter Ativo
TFEBMH,11592.03159560456,0.0,15,Sem Informações de Faturamento,SERVICOS,MODALIDADE ASSINATURA COMPLEMENTAR,ATIVO,0.0,9,2025-09,12171.633175384788,0.0,Manter Ativo
TFEBMK,5239.09928334368,0.0,20,Sem Informações de Faturamento,CONSTRUCAO E PROJETOS,MODALIDADE ASSINATURA COMPLEMENTAR,ATIVO,0.0,9,2025-09,5501.054247510865,0.0,Manter Ativo
TFEBMS,3334.642595384468,6111.55102605228,4,Sem Informações de Faturamento,VAREJO,MODALIDADE TRADICIONAL,ATIVO,0.0,9,2025-09,3501.374725153692,6233.782046573326,Manter Ativo
TFEBN9,270055.98228488927,357455.28678228566,132,Sem Informações de Faturamento,VAREJO,MODALIDADE TRADICIONAL,ATIVO,0.0,9,2025-09,283558.78139913373,364604.3925179314,Manter Ativo
TFEBNH,40692.71715057283,4098.760933721769,91,"Faixa 02 - De 7,5 M ate 15 M",MANUFATURA,MODALIDADE ASSINATURA COMPLEMENTAR,ATIVO,0.0,8,2025-09,42727.353008101476,4180.7361523962045,Manter Ativo
TFEBNU,565022.1484116858,26283.60926714999,56,Faixa 03 - De 15 M ate 25 M,VAREJO,MODALIDADE ASSINATURA (INTERA),ATIVO,10.0,9,2025-09,593273.2558322701,26809.28145249299,Manter Ativo
TFEBNX,5044.023486042731,2207.0251181578737,28,Sem Informações de Faturamento,SERVICOS,MODALIDADE ASSINATURA COMPLEMENTAR,ATIVO,0.0,8,2025-09,5296.2246603448675,2251.165620521031,Manter Ativo
TFEBNY,111866.54470387512,31570.81749421214,99,Sem Informações de Faturamento,SERVICOS,MODALIDADE SERVICOS RECORRENTES,ATIVO,0.0,9,2025-09,117459.87193906888,32202.233844096383,Manter Ativo
TFEBNZ,5768.238810243743,0.0,90,Sem Informações de Faturamento,VAREJO,MPN,GRATUITO,0.0,8,2025-09,6056.65075075593,0.0,Risco de Churn
TFEBO1,195930.5003578492,546.5014578295687,182,Sem Informações de Faturamento,HOSPITALITY,MODALIDADE ASSINATURA COMPLEMENTAR,CANCELADO,0.0,8,2025-09,205727.02537574168,557.43148698616,Risco de Churn
TFEBO2,83715.6156247541,85392.19802022785,36,Sem Informações de Faturamento,VAREJO,MODALIDADE TRADICIONAL,ATIVO,0.0,9,2025-09,87901.3964059918,87100.0419806324,Manter Ativo
TFEBO4,3545.604769678783,0.0,72,Sem Informações de Faturamento,VAREJO,MPN,GRATUITO,0.0,8,2025-09,3722.8850081627224,0.0,Risco de Churn
TFEBO5,71835.13635584962,0.0,30,Sem Informações de Faturamento,HOSPITALITY,MODALIDADE ASSINATURA COMPLEMENTAR,ATIVO,0.0,9,2025-09,75426.89317364211,0.0,Manter Ativo
TFEBO6,178513.0196570814,0.0,90,Faixa 05 - De 35 M ate 50 M,MANUFATURA,MODALIDADE ASSINATURA (INTERA),ATIVO,0.0,8,2025-09,187438.67063993547,0.0,Manter Ativo
TFEBO7,1983.207548032457,1315.967102738865,9,Sem Informações de Faturamento,VAREJO,MODALIDADE ASSINATURA COMPLEMENTAR,ATIVO,0.0,9,2025-09,2082.36792543408,1342.2864447936422,Manter Ativo
TFEBOH,89467.23238296507,0.0,144,Faixa 07 - De 75 M ate 150 M,LOGISTICA,MODALIDADE ASSINATURA (INTERA),ATIVO,0.0,8,2025-09,93940.59400211333,0.0,Manter Ativo
TFEBP8,568941.7073135272,957282.7846242087,196,Sem Informações de Faturamento,DISTRIBUICAO,MODALIDADE TRADICIONAL,ATIVO,0.0,8,2025-09,597388.7926792037,976428.4403166929,Manter Ativo
TFEBPC,107833.98611598338,142946.11624150167,80,Sem Informações de Faturamento,VAREJO,MODALIDADE TRADICIONAL,ATIVO,0.0,9,2025-09,113225.68542178256,145805.0385663317,Manter Ativo
TFEBPJ,8094.8384473747265,0.0,9,"Faixa 01 - De 4,5 M ate 7,5 M",SERVICOS,MODALIDADE ASSINATURA (INTERA),ATIVO,0.0,9,2025-09,8499.580369743464,0.0,Manter Ativo
TFEBPL,410165.55417510227,79975.52780166321,63,Sem Informações de Faturamento,SERVICOS,MODALIDADE TRADICIONAL,ATIVO,0.0,9,2025-09,430673.8318838574,81575.03835769647,Manter Ativo
TFEBPU,51778732.00704355,18911.846898629552,2562,Faixa 11 - Acima de 850 M,MANUFATURA,MODALIDADE ASSINATURA COMPLEMENTAR,ATIVO,0.0,9,2025-09,54367668.60739573,19290.08383660214,Manter Ativo
TFEBQ0,13469.159006814916,0.0,72,Sem Informações de Faturamento,MANUFATURA,MPN,GRATUITO,0.0,8,2025-09,14142.616957155662,0.0,Risco de Churn
TFEBQ1,5545408.591690612,2035339.6421060336,380,Sem Informações de Faturamento,VAREJO,MODALIDADE TRADICIONAL,ATIVO,9.0,9,2025-09,5822679.021275143,2076046.4349481543,Manter Ativo
TFEBQ4,52276.681543888364,69040.94166368504,36,Sem Informações de Faturamento,VAREJO,MODALIDADE ASSINATURA COMPLEMENTAR,ATIVO,0.0,8,2025-09,54890.515621082784,70421.76049695874,Manter Ativo
TFEBQ6,2732321.966299633,0.0,96,Sem Informações de Faturamento,VAREJO,MODALIDADE ASSINATURA (INTERA),ATIVO,0.0,8,2025-09,2868938.064614615,0.0,Manter Ativo
TFEBQE,1051939.5528121507,0.0,60,Faixa 08 - De 150 M ate 300 M,SERVICOS,MODALIDADE ASSINATURA (INTERA),ATIVO,0.0,8,2025-09,1104536.5304527583,0.0,Manter Ativo
TFEBQP,1113402.5034764165,270694.07738705137,168,Sem Informações de Faturamento,VAREJO,MODALIDADE TRADICIONAL,ATIVO,7.0,8,2025-09,1169072.6286502373,276107.9589347924,Manter Ativo
TFEBR0,4805.008971532286,340.47461208518905,54,Sem Informações de Faturamento,SERVICOS,MPN,GRATUITO,0.0,8,2025-09,5045.2594201089005,347.2841043268928,Risco de Churn
TFEBR2,429208.0905915859,104383.74585069586,117,"Faixa 01 - De 4,5 M ate 7,5 M",MANUFATURA,MODALIDADE ASSINATURA COMPLEMENTAR,ATIVO,0.0,8,2025-09,450668.49512116524,106471.42076770979,Manter Ativo
TFEBR4,913610.7391068449,39155.593519422364,121,Sem Informações de Faturamento,VAREJO,MODALIDADE TRADICIONAL,ATIVO,0.0,9,2025-09,959291.2760621872,39938.70538981081,Manter Ativo
TFEBRB,5296.860283578906,3985.2988233616043,4,Sem Informações de Faturamento,VAREJO,MODALIDADE TRADICIONAL,ATIVO,0.0,9,2025-09,5561.703297757852,4065.0047998288364,Manter Ativo
TFEBRE,260713.5819018665,130625.90088034072,49,Sem Informações de Faturamento,VAREJO,MODALIDADE TRADICIONAL,ATIVO,0.0,9,2025-09,273749.26099695987,133238.41889794753,Manter Ativo
TFEBRF,383473.8806771056,0.0,35,"Faixa 00 - Ate 4,5 M",SAUDE,MODALIDADE ASSINATURA (INTERA),ATIVO,0.0,9,2025-09,402647.5747109609,0.0,Manter Ativo
TFEBS5,1479501.4591008886,344883.49157694244,360,"Faixa 02 - De 7,5 M ate 15 M",DISTRIBUICAO,MODALIDADE ASSINATURA COMPLEMENTAR,ATIVO,0.0,8,2025-09,1553476.532055933,351781.1614084813,Manter Ativo
TFEBS7,2128992.445077369,0.0,208,Faixa 05 - De 35 M ate 50 M,MANUFATURA,MODALIDADE ASSINATURA (INTERA),ATIVO,0.0,8,2025-09,2235442.0673312377,0.0,Manter Ativo
TFEBS8,267239.0867629379,109036.92830952833,270,Sem Informações de Faturamento,HOSPITALITY,MODALIDADE ASSINATURA COMPLEMENTAR,ATIVO,0.0,8,2025-09,280601.0411010848,111217.6668757189,Manter Ativo
TFEBSD,15621.81984149086,39319.33376390292,16,Sem Informações de Faturamento,MANUFATURA,MODALIDADE ASSINATURA COMPLEMENTAR,ATIVO,0.0,8,2025-09,16402.910833565405,40105.72043918098,Manter Ativo
TFEBTA,232776.12049603136,38150.938870207545,117,"Faixa 02 - De 7,5 M ate 15 M",CONSTRUCAO E PROJETOS,MODALIDADE ASSINATURA (INTERA),ATIVO,0.0,8,2025-09,244414.92652083293,38913.9576476117,Manter Ativo
TFEBU3,959.0680199172152,49.2692083520196,8,Sem Informações de Faturamento,VAREJO,MODALIDADE ASSINATURA COMPLEMENTAR,ATIVO,0.0,9,2025-09,1007.021420913076,50.25459251905999,Manter Ativo
TFEBUG,60625.34049142313,40417.24678496775,16,Sem Informações de Faturamento,DISTRIBUICAO,MODALIDADE TRADICIONAL,ATIVO,0.0,9,2025-09,63656.607515994285,41225.59172066711,Manter Ativo
TFEBUH,1649.0261104270437,0.0,6,Sem Informações de Faturamento,MANUFATURA,MODALIDADE ASSINATURA COMPLEMENTAR,ATIVO,0.0,8,2025-09,1731.477415948396,0.0,Manter Ativo
TFEBUK,5267.517359150817,51224.92687672338,20,Sem Informações de Faturamento,VAREJO,MODALIDADE ASSINATURA COMPLEMENTAR,ATIVO,0.0,9,2025-09,5530.893227108359,52249.42541425785,Manter Ativo
TFEBVO,4805.008971532286,340.47461208518905,54,Sem Informações de Faturamento,SERVICOS,MPN,GRATUITO,0.0,8,2025-09,5045.2594201089005,347.2841043268928,Risco de Churn
TFEBVQ,43843.67640212342,36929.84442054784,40,"Faixa 00 - Ate 4,5 M",DISTRIBUICAO,MODALIDADE ASSINATURA (INTERA),ATIVO,0.0,8,2025-09,46035.860222229596,37668.4413089588,Manter Ativo
TFEBW6,73741.1400633204,33876.09516677298,64,Sem Informações de Faturamento,VAREJO,MODALIDADE TRADICIONAL,ATIVO,0.0,9,2025-09,77428.19706648642,34553.61707010844,Manter Ativo
TFEBWE,6369.1634055584,0.0,16,Sem Informações de Faturamento,VAREJO,MODALIDADE ASSINATURA COMPLEMENTAR,ATIVO,0.0,9,2025-09,6687.6215758363205,0.0,Manter Ativo
TFEBWJ,60.1067526465167,0.0,1,Sem Informações de Faturamento,VAREJO,MODALIDADE ASSINATURA COMPLEMENTAR,ATIVO,0.0,9,2025-09,63.112090278842544,0.0,Manter Ativo
TFEBWO,31705.28207598245,20979.224078882547,15,Sem Informações de Faturamento,MANUFATURA,MODALIDADE ASSINATURA (INTERA),ATIVO,0.0,8,2025-09,33290.54617978157,21398.8085604602,Manter Ativo
TFEBWS,731.521628306454,1554.552823797786,6,Sem Informações de Faturamento,VAREJO,MODALIDADE ASSINATURA COMPLEMENTAR,CANCELADO,0.0,9,2025-09,768.0977097217767,1585.6438802737418,Risco de Churn
TFEBXH,54013.290818718604,62584.28757858548,63,Sem Informações de Faturamento,LOGISTICA,MODALIDADE TRADICIONAL,ATIVO,0.0,9,2025-09,56713.95535965454,63835.97333015719,Manter Ativo
TFEBXN,20365.721542323055,0.0,28,Sem Informações de Faturamento,SERVICOS,MODALIDADE ASSINATURA COMPLEMENTAR,ATIVO,0.0,8,2025-09,21384.00761943921,0.0,Manter Ativo
TFEBXP,6497.498763286262,2784.660343654248,4,Sem Informações de Faturamento,AGROINDUSTRIA,MODALIDADE TRADICIONAL,ATIVO,0.0,9,2025-09,6822.373701450576,2840.353550527333,Manter Ativo
TFEBY3,365.760814153227,777.276411898893,3,Sem Informações de Faturamento,VAREJO,MODALIDADE ASSINATURA COMPLEMENTAR,GRATUITO,0.0,9,2025-09,384.04885486088835,792.8219401368709,Risco de Churn
TFEBYQ,3325.8901643444538,0.0,12,Sem Informações de Faturamento,SERVICOS,MODALIDADE ASSINATURA COMPLEMENTAR,ATIVO,0.0,9,2025-09,3492.1846725616765,0.0,Manter Ativo
TFEBYR,7972.455751679841,4892.533281932375,24,Sem Informações de Faturamento,AGROINDUSTRIA,MODALIDADE ASSINATURA COMPLEMENTAR,ATIVO,0.0,9,2025-09,8371.078539263834,4990.383947571023,Manter Ativo
TFEBZ2,751159.7125846784,33505.970748671876,168,Sem Informações de Faturamento,LOGISTICA,MODALIDADE ASSINATURA COMPLEMENTAR,ATIVO,0.0,8,2025-09,788717.6982139124,34176.09016364531,Manter Ativo
TFEBZ4,117589.70975542018,79713.0389476104,240,Faixa 05 - De 35 M ate 50 M,SERVICOS,MODALIDADE ASSINATURA (INTERA),ATIVO,0.0,8,2025-09,123469.19524319119,81307.29972656262,Manter Ativo
TFEBZX,132358.73929511206,125675.80417946941,81,Sem Informações de Faturamento,MANUFATURA,MODALIDADE TRADICIONAL,ATIVO,0.0,9,2025-09,138976.67625986767,128189.3202630588,Manter Ativo
TFEC01,13595.274727852482,7707.22598262305,91,Sem Informações de Faturamento,SERVICOS,MPN,ATIVO,0.0,9,2025-09,14275.038464245106,7861.370502275511,Manter Ativo
TFEC03,125045.01117755599,32313.61386797936,42,Faixa 03 - De 15 M ate 25 M,MANUFATURA,MODALIDADE ASSINATURA (INTERA),ATIVO,0.0,8,2025-09,131297.2617364338,32959.88614533895,Manter Ativo
TFEC17,4374.029514173154,0.0,4,Sem Informações de Faturamento,VAREJO,MODALIDADE ASSINATURA COMPLEMENTAR,ATIVO,0.0,5,2025-09,4592.730989881812,0.0,Manter Ativo
TFEC18,7427.45927478799,5092.048352613848,24,Sem Informações de Faturamento,VAREJO,MODALIDADE ASSINATURA COMPLEMENTAR,ATIVO,0.0,9,2025-09,7798.83223852739,5193.889319666125,Manter Ativo
TFEC23,321006.54861435265,117348.02999533822,100,Sem Informações de Faturamento,VAREJO,MODALIDADE TRADICIONAL,ATIVO,0.0,9,2025-09,337056.8760450703,119694.99059524499,Manter Ativo
TFEC34,21268.40742722173,18464.92221027392,12,"Faixa 01 - De 4,5 M ate 7,5 M",DISTRIBUICAO,MODALIDADE ASSINATURA (INTERA),ATIVO,0.0,8,2025-09,22331.827798582817,18834.2206544794,Manter Ativo
TFEC42,4805.008971532286,340.47461208518905,54,Sem Informações de Faturamento,SERVICOS,MPN,GRATUITO,0.0,8,2025-09,5045.2594201089005,347.2841043268928,Risco de Churn
TFEC43,1477.6726802532696,871.2074009276892,12,Sem Informações de Faturamento,MANUFATURA,MODALIDADE ASSINATURA COMPLEMENTAR,ATIVO,0.0,8,2025-09,1551.5563142659332,888.6315489462429,Manter Ativo
TFEC45,49858.55552414293,47461.8187306856,40,"Faixa 01 - De 4,5 M ate 7,5 M",MANUFATURA,MODALIDADE ASSINATURA (INTERA),ATIVO,0.0,8,2025-09,52351.48330035008,48411.05510529931,Manter Ativo
TFEC60,144.2511617227986,0.0,4,Sem Informações de Faturamento,VAREJO,MODALIDADE ASSINATURA COMPLEMENTAR,ATIVO,0.0,9,2025-09,151.46371980893855,0.0,Manter Ativo
TFEC61,1098.610861387942,0.0,2,Sem Informações de Faturamento,MANUFATURA,MODALIDADE ASSINATURA COMPLEMENTAR,ATIVO,0.0,8,2025-09,1153.541404457339,0.0,Manter Ativo
TFEC85,45734.59246550056,3326.840236109607,21,"Faixa 02 - De 7,5 M ate 15 M",SERVICOS,MODALIDADE ASSINATURA (INTERA),ATIVO,0.0,9,2025-09,48021.32208877559,3393.377040831799,Manter Ativo
TFEC88,2903.5160030174497,0.0,55,Sem Informações de Faturamento,SERVICOS,MPN,GRATUITO,0.0,8,2025-09,3048.691803168322,0.0,Risco de Churn
TFEC92,12541.598897870266,24972.888578406302,15,"Faixa 00 - Ate 4,5 M",VAREJO,MODALIDADE ASSINATURA (INTERA),ATIVO,0.0,9,2025-09,13168.67884276378,25472.34634997443,Manter Ativo
TFEC94,9282.15910694051,0.0,4,Sem Informações de Faturamento,VAREJO,MODALIDADE TRADICIONAL,ATIVO,0.0,9,2025-09,9746.267062287536,0.0,Manter Ativo
TFEC99,2093649.0187194676,405572.47846891574,130,Faixa 09 - De 300 M ate 500 M,SERVICOS,MODALIDADE ASSINATURA (INTERA),ATIVO,0.0,8,2025-09,2198331.469655441,413683.9280382941,Manter Ativo
TFECA4,4386.893317718984,0.0,15,Sem Informações de Faturamento,SERVICOS,MODALIDADE ASSINATURA COMPLEMENTAR,ATIVO,0.0,8,2025-09,4606.237983604933,0.0,Manter Ativo
TFECAD,60.1067526465167,0.0,1,Sem Informações de Faturamento,VAREJO,MODALIDADE ASSINATURA COMPLEMENTAR,ATIVO,0.0,9,2025-09,63.112090278842544,0.0,Manter Ativo
TFECAI,71756.94460880647,0.0,24,"Faixa 01 - De 4,5 M ate 7,5 M",VAREJO,MODALIDADE ASSINATURA (INTERA),ATIVO,0.0,9,2025-09,75344.7918392468,0.0,Manter Ativo
TFECAJ,102631.71262318254,63504.31017126936,6,Sem Informações de Faturamento,LOGISTICA,MODALIDADE TRADICIONAL,ATIVO,0.0,9,2025-09,107763.29825434167,64774.39637469475,Manter Ativo
TFECAO,2716.545242721852,34.12691411277261,6,Sem Informações de Faturamento,VAREJO,MODALIDADE ASSINATURA COMPLEMENTAR,ATIVO,0.0,9,2025-09,2852.372504857945,34.80945239502806,Manter Ativo
TFECAR,22526.033397408588,11703.538912288634,24,Sem Informações de Faturamento,SERVICOS,MODALIDADE ASSINATURA COMPLEMENTAR,ATIVO,0.0,8,2025-09,23652.33506727902,11937.609690534406,Manter Ativo
TFECAS,59433.950497925405,26412.188448605222,45,"Faixa 00 - Ate 4,5 M",LOGISTICA,MODALIDADE ASSINATURA (INTERA),ATIVO,0.0,9,2025-09,62405.648022821675,26940.432217577327,Manter Ativo
TFECAU,4992.702795295165,51224.92687672338,20,Sem Informações de Faturamento,VAREJO,MODALIDADE ASSINATURA COMPLEMENTAR,ATIVO,0.0,9,2025-09,5242.337935059923,52249.42541425785,Manter Ativo
TFECAW,43522.36717577863,2720.0638713388016,128,Sem Informações de Faturamento,SERVICOS,MODALIDADE ASSINATURA COMPLEMENTAR,CANCELADO,0.0,8,2025-09,45698.48553456756,2774.465148765578,Risco de Churn
TFECB0,4179.3993257532065,0.0,6,Sem Informações de Faturamento,SERVICOS,MODALIDADE ASSINATURA COMPLEMENTAR,ATIVO,0.0,9,2025-09,4388.369292040867,0.0,Manter Ativo
TFECB7,7920.067281160836,0.0,24,Sem Informações de Faturamento,VAREJO,MPN,GRATUITO,0.0,8,2025-09,8316.070645218877,0.0,Risco de Churn
TFECBB,1463.951289804377,161.848508664911,20,Sem Informações de Faturamento,VAREJO,MODALIDADE ASSINATURA COMPLEMENTAR,ATIVO,0.0,8,2025-09,1537.1488542945958,165.08547883820924,Manter Ativo
TFECBJ,3920880.880460856,82171.25295121624,588,"Faixa 02 - De 7,5 M ate 15 M",SERVICOS,MODALIDADE ASSINATURA COMPLEMENTAR,ATIVO,0.0,9,2025-09,4116924.924483899,83814.67801024058,Manter Ativo
TFECBT,2329714.863594908,4164.088877219241,340,"Faixa 00 - Ate 4,5 M",LOGISTICA,MODALIDADE ASSINATURA COMPLEMENTAR,ATIVO,0.0,9,2025-09,2446200.6067746533,4247.370654763626,Manter Ativo
TFECGP,10069831.510975258,2027514.081742363,1225,Faixa 06 - De 50 M ate 75 M,AGROINDUSTRIA,MODALIDADE TRADICIONAL,ATIVO,9.0,9,2025-09,10573323.08652402,2068064.3633772105,Manter Ativo
TFECGV,30707707.580161955,68452296.47268425,2257,Faixa 07 - De 75 M ate 150 M,DISTRIBUICAO,MODALIDADE TRADICIONAL,ATIVO,0.0,9,2025-09,32243092.959170055,69821342.40213794,Manter Ativo
TFECH8,633306.887600457,0.0,35,"Faixa 01 - De 4,5 M ate 7,5 M",SAUDE,MODALIDADE ASSINATURA (INTERA),ATIVO,0.0,9,2025-09,664972.2319804798,0.0,Manter Ativo
TFECH9,755122.9243414282,532552.9750056635,30,Sem Informações de Faturamento,MANUFATURA,MODALIDADE TRADICIONAL,ATIVO,0.0,9,2025-09,792879.0705584997,543204.0345057767,Manter Ativo
TFECHQ,613.0359083916348,0.0,12,Sem Informações de Faturamento,VAREJO,MODALIDADE ASSINATURA COMPLEMENTAR,ATIVO,0.0,9,2025-09,643.6877038112166,0.0,Manter Ativo
TFECIL,6150.243329266608,0.0,35,Sem Informações de Faturamento,SERVICOS,MPN,GRATUITO,0.0,8,2025-09,6457.755495729939,0.0,Risco de Churn
TFECIN,111694.38413308664,0.0,110,Sem Informações de Faturamento,SERVICOS,MODALIDADE ASSINATURA COMPLEMENTAR,ATIVO,0.0,8,2025-09,117279.10333974098,0.0,Manter Ativo
TFECJ0,7645.0761552957265,0.0,28,Sem Informações de Faturamento,EDUCACIONAL,MODALIDADE ASSINATURA COMPLEMENTAR,ATIVO,0.0,9,2025-09,8027.329963060513,0.0,Manter Ativo
TFECJ1,2135.559542903238,1261.157210375928,12,Sem Informações de Faturamento,SERVICOS,MODALIDADE ASSINATURA COMPLEMENTAR,ATIVO,0.0,8,2025-09,2242.3375200483997,1286.3803545834464,Manter Ativo
TFECJ3,10120.70253611945,1471.350078771915,20,Sem Informações de Faturamento,SERVICOS,MODALIDADE ASSINATURA COMPLEMENTAR,ATIVO,0.0,8,2025-09,10626.737662925423,1500.7770803473531,Manter Ativo
TFECJA,8796.025040914266,6043.423313547768,28,Sem Informações de Faturamento,SERVICOS,MODALIDADE ASSINATURA COMPLEMENTAR,ATIVO,0.0,8,2025-09,9235.82629295998,6164.291779818724,Manter Ativo
TFECJG,315021.0796784793,74949.36230171948,234,Sem Informações de Faturamento,SERVICOS,MODALIDADE ASSINATURA COMPLEMENTAR,ATIVO,0.0,5,2025-09,330772.13366240327,76448.34954775387,Manter Ativo
TFECJU,58049.46892780398,20039.06500940621,16,Sem Informações de Faturamento,DISTRIBUICAO,MODALIDADE TRADICIONAL,ATIVO,0.0,9,2025-09,60951.94237419418,20439.846309594337,Manter Ativo
TFECJZ,1403.0794351168986,412.5665620876452,21,Sem Informações de Faturamento,SAUDE,MODALIDADE ASSINATURA COMPLEMENTAR,ATIVO,0.0,8,2025-09,1473.2334068727437,420.8178933293981,Manter Ativo
TFECKA,38228.19736091507,1032.1310609716586,112,Sem Informações de Faturamento,CONSTRUCAO E PROJETOS,MODALIDADE ASSINATURA COMPLEMENTAR,ATIVO,0.0,9,2025-09,40139.60722896082,1052.773682191092,Manter Ativo
TFECKF,667.4043957309407,118.296546333262,14,Sem Informações de Faturamento,SERVICOS,MODALIDADE ASSINATURA COMPLEMENTAR,ATIVO,0.0,9,2025-09,700.7746155174877,120.66247725992724,Manter Ativo
TFECKM,2421.421843921782,378.3471631127784,12,Sem Informações de Faturamento,SERVICOS,MODALIDADE ASSINATURA COMPLEMENTAR,ATIVO,0.0,9,2025-09,2542.492936117871,385.91410637503395,Manter Ativo
TFECKS,151882.0162286189,0.0,110,Sem Informações de Faturamento,SERVICOS,MODALIDADE ASSINATURA COMPLEMENTAR,ATIVO,8.0,8,2025-09,159476.11704004984,0.0,Manter Ativo
TFECKT,1589.058085073669,488.48822615227596,21,Sem Informações de Faturamento,CONSTRUCAO E PROJETOS,MODALIDADE ASSINATURA COMPLEMENTAR,ATIVO,0.0,8,2025-09,1668.5109893273525,498.2579906753215,Manter Ativo
TFECKV,4686.611532622193,1822.5907695763474,4,Sem Informações de Faturamento,SERVICOS,MODALIDADE TRADICIONAL,ATIVO,0.0,9,2025-09,4920.942109253303,1859.0425849678743,Manter Ativo
TFECKX,1327199.4396864984,130786.18975792215,672,Sem Informações de Faturamento,SERVICOS,MODALIDADE ASSINATURA COMPLEMENTAR,ATIVO,0.0,9,2025-09,1393559.4116708233,133401.9135530806,Manter Ativo
TFECL2,2554.9783925005913,0.0,15,Sem Informações de Faturamento,SERVICOS,MODALIDADE ASSINATURA COMPLEMENTAR,ATIVO,0.0,9,2025-09,2682.727312125621,0.0,Manter Ativo
TFECL4,60.1067526465167,0.0,1,Sem Informações de Faturamento,VAREJO,MODALIDADE ASSINATURA COMPLEMENTAR,ATIVO,0.0,9,2025-09,63.112090278842544,0.0,Manter Ativo
TFECLD,792.427113852875,504.46288415037117,15,Sem Informações de Faturamento,VAREJO,MODALIDADE ASSINATURA COMPLEMENTAR,ATIVO,0.0,9,2025-09,832.0484695455187,514.5521418333786,Manter Ativo
TFECLE,736.2635794174669,49.437362646736325,14,Sem Informações de Faturamento,CONSTRUCAO E PROJETOS,MODALIDADE ASSINATURA COMPLEMENTAR,ATIVO,0.0,9,2025-09,773.0767583883403,50.426109899671054,Manter Ativo
TFECLI,667.4043957309407,118.296546333262,14,Sem Informações de Faturamento,SERVICOS,MODALIDADE ASSINATURA COMPLEMENTAR,ATIVO,0.0,9,2025-09,700.7746155174877,120.66247725992724,Manter Ativo
TFECLK,773.5097556972352,0.0,24,Sem Informações de Faturamento,SERVICOS,MODALIDADE ASSINATURA COMPLEMENTAR,ATIVO,0.0,8,2025-09,812.185243482097,0.0,Manter Ativo
TFECLL,773.5097556972352,0.0,24,Sem Informações de Faturamento,SERVICOS,MODALIDADE ASSINATURA COMPLEMENTAR,ATIVO,0.0,8,2025-09,812.185243482097,0.0,Manter Ativo
TFECLM,773.5097556972352,0.0,24,Sem Informações de Faturamento,SERVICOS,MODALIDADE ASSINATURA COMPLEMENTAR,ATIVO,0.0,8,2025-09,812.185243482097,0.0,Manter Ativo
TFECLY,589.7171115717833,195.98383049241943,14,Sem Informações de Faturamento,SERVICOS,MODALIDADE ASSINATURA COMPLEMENTAR,ATIVO,0.0,9,2025-09,619.2029671503725,199.9035071022678,Manter Ativo
TFECM5,1471.9386188034248,343.7073784011195,21,Sem Informações de Faturamento,SERVICOS,MODALIDADE ASSINATURA COMPLEMENTAR,ATIVO,0.0,8,2025-09,1545.535549743596,350.5815259691419,Manter Ativo
TFECM8,1477.235479087004,338.4105181175407,21,Sem Informações de Faturamento,SERVICOS,MODALIDADE ASSINATURA COMPLEMENTAR,ATIVO,0.0,8,2025-09,1551.0972530413542,345.1787284798915,Manter Ativo
TFECM9,144.2511617227986,0.0,4,Sem Informações de Faturamento,VAREJO,MODALIDADE ASSINATURA COMPLEMENTAR,ATIVO,0.0,9,2025-09,151.46371980893855,0.0,Manter Ativo
TFECMA,1639.6725277834216,961.6744114853246,21,Sem Informações de Faturamento,SERVICOS,MODALIDADE ASSINATURA COMPLEMENTAR,ATIVO,0.0,8,2025-09,1721.6561541725928,980.9078997150311,Manter Ativo
TFECME,853.383045687711,194.2182103978928,14,Sem Informações de Faturamento,SAUDE,MODALIDADE ASSINATURA COMPLEMENTAR,ATIVO,0.0,8,2025-09,896.0521979720967,198.10257460585066,Manter Ativo
TFECMG,589.7171115717833,195.98383049241943,14,Sem Informações de Faturamento,EDUCACIONAL,MODALIDADE ASSINATURA COMPLEMENTAR,ATIVO,0.0,8,2025-09,619.2029671503725,199.9035071022678,Manter Ativo
TFECMM,4805.008971532286,340.47461208518905,54,Sem Informações de Faturamento,SERVICOS,MPN,GRATUITO,0.0,8,2025-09,5045.2594201089005,347.2841043268928,Risco de Churn
TFECN2,167226.98683928777,109501.00893980252,81,Sem Informações de Faturamento,VAREJO,MODALIDADE TRADICIONAL,ATIVO,0.0,9,2025-09,175588.33618125218,111691.02911859857,Manter Ativo
TFECNA,735.3807693702037,50.320172693999524,14,Sem Informações de Faturamento,SERVICOS,MODALIDADE ASSINATURA COMPLEMENTAR,ATIVO,0.0,9,2025-09,772.1498078387139,51.326576147879514,Manter Ativo
TFECNB,17774.96411976413,0.0,3,Sem Informações de Faturamento,SERVICOS,MODALIDADE ASSINATURA COMPLEMENTAR,ATIVO,0.0,9,2025-09,18663.712325752334,0.0,Manter Ativo
TFECND,903.9974883974637,667.4043957309415,14,Sem Informações de Faturamento,SAUDE,MODALIDADE ASSINATURA COMPLEMENTAR,ATIVO,0.0,8,2025-09,949.197362817337,680.7524836455603,Manter Ativo
TFECNH,2610.1750397413757,670.9356359199935,21,Sem Informações de Faturamento,MANUFATURA,MODALIDADE ASSINATURA COMPLEMENTAR,ATIVO,0.0,8,2025-09,2740.6837917284447,684.3543486383934,Manter Ativo
TFECNJ,2350.0403458145033,1618.485086649109,21,Sem Informações de Faturamento,MANUFATURA,MODALIDADE ASSINATURA COMPLEMENTAR,ATIVO,0.0,8,2025-09,2467.5423631052286,1650.8547883820913,Manter Ativo
TFECNS,144.2511617227986,0.0,4,Sem Informações de Faturamento,VAREJO,MODALIDADE ASSINATURA COMPLEMENTAR,ATIVO,0.0,9,2025-09,151.46371980893855,0.0,Manter Ativo
TFECNU,12059.185245614626,941.664050414024,21,Sem Informações de Faturamento,SERVICOS,MODALIDADE ASSINATURA COMPLEMENTAR,ATIVO,0.0,8,2025-09,12662.144507895358,960.4973314223046,Manter Ativo
TFECO0,343821.58879809134,3632.132765882672,192,Sem Informações de Faturamento,HOSPITALITY,MODALIDADE ASSINATURA COMPLEMENTAR,ATIVO,0.0,8,2025-09,361012.66823799594,3704.7754212003256,Manter Ativo
TFECO8,406088.58603797556,0.0,56,"Faixa 00 - Ate 4,5 M",SAUDE,MODALIDADE ASSINATURA (INTERA),ATIVO,0.0,9,2025-09,426393.0153398744,0.0,Manter Ativo
TFECOB,3275.704515086225,2566.253137961351,24,Sem Informações de Faturamento,JURIDICO,MODALIDADE ASSINATURA COMPLEMENTAR,ATIVO,0.0,8,2025-09,3439.4897408405363,2617.578200720578,Manter Ativo
TFECOC,1589.058085073669,488.48822615227596,21,Sem Informações de Faturamento,SERVICOS,MODALIDADE ASSINATURA COMPLEMENTAR,ATIVO,0.0,8,2025-09,1668.5109893273525,498.2579906753215,Manter Ativo
TFECOE,1328.923391146794,486.72260605774994,21,Sem Informações de Faturamento,SERVICOS,MODALIDADE ASSINATURA COMPLEMENTAR,ATIVO,0.0,8,2025-09,1395.3695607041338,496.45705817890496,Manter Ativo
TFECOK,1328.923391146794,486.72260605774994,21,Sem Informações de Faturamento,SERVICOS,MODALIDADE ASSINATURA COMPLEMENTAR,ATIVO,0.0,8,2025-09,1395.3695607041338,496.45705817890496,Manter Ativo
TFECOL,3531.2401890526,0.0,2,Sem Informações de Faturamento,LOGISTICA,MODALIDADE ASSINATURA COMPLEMENTAR,ATIVO,0.0,9,2025-09,3707.80219850523,0.0,Manter Ativo
TFECOP,10479.922148208201,2895.7010321704925,55,Sem Informações de Faturamento,LOGISTICA,MODALIDADE ASSINATURA COMPLEMENTAR,ATIVO,0.0,9,2025-09,11003.918255618612,2953.6150528139024,Manter Ativo
TFECOT,3942.377439635151,945.867907781946,36,Sem Informações de Faturamento,SAUDE,MODALIDADE ASSINATURA COMPLEMENTAR,ATIVO,0.0,8,2025-09,4139.496311616908,964.7852659375849,Manter Ativo
TFECP0,736.2635794174669,49.437362646736325,14,Sem Informações de Faturamento,CONSTRUCAO E PROJETOS,MODALIDADE ASSINATURA COMPLEMENTAR,ATIVO,0.0,9,2025-09,773.0767583883403,50.426109899671054,Manter Ativo
TFECP1,1129.996860496833,441.4050236315748,14,Sem Informações de Faturamento,EDUCACIONAL,MODALIDADE ASSINATURA COMPLEMENTAR,ATIVO,0.0,8,2025-09,1186.4967035216748,450.2331241042063,Manter Ativo
TFECP4,736.2635794174669,49.437362646736325,14,Sem Informações de Faturamento,CONSTRUCAO E PROJETOS,MODALIDADE ASSINATURA COMPLEMENTAR,ATIVO,0.0,9,2025-09,773.0767583883403,50.426109899671054,Manter Ativo
TFECP9,1104.773716289313,0.0,12,Sem Informações de Faturamento,MANUFATURA,MODALIDADE ASSINATURA COMPLEMENTAR,ATIVO,0.0,8,2025-09,1160.0124021037786,0.0,Manter Ativo
TFECPL,31073.89633017982,10300.778970331665,55,Sem Informações de Faturamento,MANUFATURA,MODALIDADE ASSINATURA COMPLEMENTAR,GRATUITO,0.0,8,2025-09,32627.591146688814,10506.794549738299,Risco de Churn
TFECPO,494.3736264673638,10.0892576830074,12,Sem Informações de Faturamento,VAREJO,MODALIDADE ASSINATURA COMPLEMENTAR,ATIVO,0.0,9,2025-09,519.092307790732,10.291042836667549,Manter Ativo
TFECPV,494.3736264673638,10.0892576830074,12,Sem Informações de Faturamento,VAREJO,MODALIDADE ASSINATURA COMPLEMENTAR,ATIVO,0.0,9,2025-09,519.092307790732,10.291042836667549,Manter Ativo
TFECPW,31062.629992433798,0.0,9,Sem Informações de Faturamento,MANUFATURA,MODALIDADE ASSINATURA (INTERA),ATIVO,0.0,8,2025-09,32615.761492055488,0.0,Manter Ativo
TFECPY,2705.938910582588,1726.3981052836077,27,Sem Informações de Faturamento,EDUCACIONAL,MODALIDADE ASSINATURA COMPLEMENTAR,ATIVO,0.0,8,2025-09,2841.2358561117176,1760.92606738928,Manter Ativo
TFECQ0,11575.25400084918,5303.536009079154,16,Sem Informações de Faturamento,MANUFATURA,MODALIDADE ASSINATURA COMPLEMENTAR,ATIVO,0.0,8,2025-09,12154.01670089164,5409.606729260737,Manter Ativo
TFECQ5,339715.89990742685,79788.90175767189,315,Faixa 08 - De 150 M ate 300 M,AGROINDUSTRIA,MODALIDADE ASSINATURA (INTERA),ATIVO,0.0,8,2025-09,356701.6949027982,81384.67979282534,Manter Ativo
TFECQ6,34523.57327858004,12442.38786398736,9,Sem Informações de Faturamento,SERVICOS,MODALIDADE ASSINATURA (INTERA),ATIVO,0.0,9,2025-09,36249.75194250904,12691.235621267107,Manter Ativo
TFECQA,60.1067526465167,0.0,1,Sem Informações de Faturamento,VAREJO,MODALIDADE ASSINATURA COMPLEMENTAR,ATIVO,0.0,9,2025-09,63.112090278842544,0.0,Manter Ativo
TFECQJ,6584.300010219056,56859.995893265834,24,Sem Informações de Faturamento,VAREJO,MODALIDADE ASSINATURA COMPLEMENTAR,ATIVO,0.0,9,2025-09,6913.51501073001,57997.195811131154,Manter Ativo
TFECQP,3374.856694965987,56.75207446691675,36,Sem Informações de Faturamento,SERVICOS,MODALIDADE ASSINATURA COMPLEMENTAR,ATIVO,0.0,8,2025-09,3543.5995297142867,57.88711595625509,Manter Ativo
TFECQY,1471.9386188034248,343.7073784011195,21,Sem Informações de Faturamento,EDUCACIONAL,MODALIDADE ASSINATURA COMPLEMENTAR,ATIVO,0.0,8,2025-09,1545.535549743596,350.5815259691419,Manter Ativo
TFECR2,13001.45465148962,0.0,16,Sem Informações de Faturamento,VAREJO,MODALIDADE ASSINATURA COMPLEMENTAR,ATIVO,5.0,9,2025-09,13651.5273840641,0.0,Manter Ativo
TFECR3,13042.467483971053,17836.12604060993,20,Sem Informações de Faturamento,SERVICOS,MODALIDADE ASSINATURA COMPLEMENTAR,ATIVO,0.0,8,2025-09,13694.590858169606,18192.84856142213,Manter Ativo
TFECR5,30555.82135587214,13563.49356615103,108,Sem Informações de Faturamento,SERVICOS,MODALIDADE ASSINATURA COMPLEMENTAR,TROCADO,0.0,9,2025-09,32083.61242366575,13834.76343747405,Risco de Churn
TFECRP,43975.20669145089,0.0,70,Sem Informações de Faturamento,SERVICOS,MODALIDADE ASSINATURA (INTERA),ATIVO,0.0,9,2025-09,46173.967026023434,0.0,Manter Ativo
TFECRR,7514.512753162872,0.0,48,Sem Informações de Faturamento,SERVICOS,MPN,GRATUITO,0.0,8,2025-09,7890.238390821016,0.0,Risco de Churn
TFECRT,1040463.905007777,0.0,663,Sem Informações de Faturamento,HOSPITALITY,MODALIDADE ASSINATURA COMPLEMENTAR,ATIVO,0.0,8,2025-09,1092487.100258166,0.0,Manter Ativo
TFECRV,1315073.261769869,1074243.68980225,240,Faixa 04 - De 25 M ate 35 M,LOGISTICA,MODALIDADE ASSINATURA (INTERA),ATIVO,0.0,8,2025-09,1380826.9248583624,1095728.563598295,Manter Ativo
TFECSB,593.248351760836,192.45259030336675,14,Sem Informações de Faturamento,SERVICOS,MODALIDADE ASSINATURA COMPLEMENTAR,ATIVO,0.0,9,2025-09,622.9107693488779,196.30164210943408,Manter Ativo
TFECSC,1397.7825748333203,417.86342237122403,21,Sem Informações de Faturamento,SERVICOS,MODALIDADE ASSINATURA COMPLEMENTAR,ATIVO,0.0,8,2025-09,1467.6717035749864,426.2206908186485,Manter Ativo
TFECSR,78817.28101965401,18889.360465568574,81,Sem Informações de Faturamento,MANUFATURA,MODALIDADE TRADICIONAL,ATIVO,10.0,9,2025-09,82758.14507063672,19267.147674879947,Manter Ativo
TFECSZ,1213.796553268944,0.0,2,Sem Informações de Faturamento,VAREJO,MODALIDADE ASSINATURA COMPLEMENTAR,ATIVO,0.0,8,2025-09,1274.4863809323913,0.0,Manter Ativo
TFECT0,222328.96321214872,346937.2860940397,210,Sem Informações de Faturamento,MANUFATURA,MODALIDADE TRADICIONAL,ATIVO,0.0,9,2025-09,233445.41137275618,353876.0318159205,Manter Ativo
TFECT8,915.6001347329238,37.83471631127784,12,Sem Informações de Faturamento,CONSTRUCAO E PROJETOS,MODALIDADE ASSINATURA COMPLEMENTAR,ATIVO,0.0,9,2025-09,961.38014146957,38.591410637503394,Manter Ativo
TFECTD,2044.398895879898,1315.967102738865,9,Sem Informações de Faturamento,VAREJO,MODALIDADE ASSINATURA COMPLEMENTAR,ATIVO,0.0,9,2025-09,2146.618840673893,1342.2864447936422,Manter Ativo
TFECTE,1104.1010991104458,711.5448980940985,21,Sem Informações de Faturamento,SERVICOS,MODALIDADE ASSINATURA COMPLEMENTAR,ATIVO,0.0,8,2025-09,1159.3061540659683,725.7757960559804,Manter Ativo
TFECTF,1008.9257683007432,0.0,16,Sem Informações de Faturamento,SERVICOS,MPN,GRATUITO,0.0,9,2025-09,1059.3720567157804,0.0,Risco de Churn
TFECTK,1839.7761384964037,1844.4844587484738,21,Sem Informações de Faturamento,SERVICOS,MODALIDADE ASSINATURA COMPLEMENTAR,ATIVO,0.0,8,2025-09,1931.764945421224,1881.3741479234434,Manter Ativo
TFECTM,244.89150711079782,0.0,4,Sem Informações de Faturamento,DISTRIBUICAO,MODALIDADE ASSINATURA COMPLEMENTAR,ATIVO,0.0,8,2025-09,257.1360824663377,0.0,Manter Ativo
TFECTO,9167.326539078407,1087.9751022471046,4,Sem Informações de Faturamento,LOGISTICA,MODALIDADE TRADICIONAL,ATIVO,10.0,9,2025-09,9625.692866032328,1109.7346042920467,Manter Ativo
TFECTR,877.7654184216462,0.0,12,Sem Informações de Faturamento,CONSTRUCAO E PROJETOS,MODALIDADE ASSINATURA COMPLEMENTAR,ATIVO,0.0,9,2025-09,921.6536893427286,0.0,Manter Ativo
TFECTU,5902.215744559338,0.0,12,Sem Informações de Faturamento,MANUFATURA,MODALIDADE ASSINATURA COMPLEMENTAR,ATIVO,0.0,8,2025-09,6197.326531787306,0.0,Manter Ativo
TFECUH,6305.78605187964,0.0,48,Sem Informações de Faturamento,MANUFATURA,MPN,GRATUITO,0.0,9,2025-09,6621.075354473622,0.0,Risco de Churn
TFECUM,3332.4818126973505,435.8559319059204,36,Sem Informações de Faturamento,VAREJO,MODALIDADE ASSINATURA COMPLEMENTAR,ATIVO,0.0,8,2025-09,3499.105903332218,444.5730505440388,Manter Ativo
TFECUT,1820203.6554124046,1645465.0396661088,775,Sem Informações de Faturamento,SERVICOS,MODALIDADE ASSINATURA COMPLEMENTAR,ATIVO,0.0,9,2025-09,1911213.838183025,1678374.340459431,Manter Ativo
TFECUW,504.9673470345216,0.0,12,Sem Informações de Faturamento,MANUFATURA,MODALIDADE ASSINATURA COMPLEMENTAR,ATIVO,0.0,8,2025-09,530.2157143862477,0.0,Manter Ativo
TFECUY,31999.05603656739,20159.799793012884,16,Sem Informações de Faturamento,DISTRIBUICAO,MODALIDADE TRADICIONAL,ATIVO,0.0,9,2025-09,33599.008838395755,20562.99578887314,Manter Ativo
TFECUZ,18050.690920668574,0.0,108,Sem Informações de Faturamento,SERVICOS,MPN,GRATUITO,0.0,8,2025-09,18953.225466702002,0.0,Risco de Churn
TFECV0,1008.925768300742,100.8925768300742,2,Sem Informações de Faturamento,SERVICOS,MODALIDADE ASSINATURA COMPLEMENTAR,GRATUITO,0.0,9,2025-09,1059.372056715779,102.91042836667569,Risco de Churn
TFECV1,37939.70764904165,22150.25058729025,15,"Faixa 02 - De 7,5 M ate 15 M",SERVICOS,MODALIDADE ASSINATURA (INTERA),ATIVO,0.0,9,2025-09,39836.693031493734,22593.255599036056,Manter Ativo
TFECV2,610595.1824346795,33763.0618498644,56,Faixa 03 - De 15 M ate 25 M,VAREJO,MODALIDADE ASSINATURA (INTERA),ATIVO,0.0,9,2025-09,641124.9415564134,34438.323086861696,Manter Ativo
TFECV4,16083.210003049506,11012.866166026239,66,Sem Informações de Faturamento,SERVICOS,MODALIDADE ASSINATURA COMPLEMENTAR,ATIVO,0.0,8,2025-09,16887.370503201983,11233.123489346764,Manter Ativo
TFECVG,25916.553664927444,7610.226177715675,54,Sem Informações de Faturamento,MANUFATURA,MODALIDADE ASSINATURA COMPLEMENTAR,ATIVO,0.0,8,2025-09,27212.381348173818,7762.430701269988,Manter Ativo
TFECVM,3596.215008531164,8269.899679746988,21,Sem Informações de Faturamento,DISTRIBUICAO,MODALIDADE ASSINATURA COMPLEMENTAR,ATIVO,0.0,8,2025-09,3776.0257589577227,8435.297673341927,Manter Ativo
TFECVO,24912.979407056067,13146.256518527625,91,Sem Informações de Faturamento,MANUFATURA,MODALIDADE ASSINATURA COMPLEMENTAR,ATIVO,0.0,8,2025-09,26158.628377408873,13409.181648898179,Manter Ativo
TFECW1,753.33124033122,13.4523435773432,24,Sem Informações de Faturamento,SERVICOS,MODALIDADE ASSINATURA COMPLEMENTAR,ATIVO,0.0,8,2025-09,790.997802347781,13.721390448890064,Manter Ativo
TFECW2,205858.39717964653,21549.89771657762,30,"Faixa 00 - Ate 4,5 M",MANUFATURA,MODALIDADE ASSINATURA (INTERA),ATIVO,0.0,8,2025-09,216151.31703862888,21980.895670909173,Manter Ativo
TFECW9,50917.77203813608,0.0,66,"Faixa 00 - Ate 4,5 M",EDUCACIONAL,MODALIDADE ASSINATURA (INTERA),ATIVO,0.0,9,2025-09,53463.66064004289,0.0,Manter Ativo
TFECWD,13595.690909731935,0.0,44,"Faixa 00 - Ate 4,5 M",SERVICOS,MODALIDADE ASSINATURA (INTERA),ATIVO,0.0,9,2025-09,14275.475455218531,0.0,Manter Ativo
TFECWH,135374.7631328671,174481.15470565547,121,Sem Informações de Faturamento,LOGISTICA,MODALIDADE TRADICIONAL,ATIVO,0.0,9,2025-09,142143.5012895105,177970.77779976858,Manter Ativo
TFECWJ,592.7438888766858,0.0,12,Sem Informações de Faturamento,VAREJO,MODALIDADE ASSINATURA COMPLEMENTAR,ATIVO,0.0,9,2025-09,622.3810833205201,0.0,Manter Ativo
TFECWL,235956.56139930326,69877.08889416425,64,"Faixa 02 - De 7,5 M ate 15 M",VAREJO,MODALIDADE ASSINATURA COMPLEMENTAR,ATIVO,0.0,9,2025-09,247754.38946926844,71274.63067204754,Manter Ativo
TFECWQ,10779.11067708305,5300.643755210031,36,Sem Informações de Faturamento,MANUFATURA,MODALIDADE ASSINATURA COMPLEMENTAR,ATIVO,0.0,8,2025-09,11318.066210937202,5406.656630314232,Manter Ativo
TFECWT,2992.8101373694362,0.0,12,Sem Informações de Faturamento,VAREJO,MODALIDADE ASSINATURA COMPLEMENTAR,ATIVO,0.0,9,2025-09,3142.4506442379084,0.0,Manter Ativo
TFECWU,580.1323167729264,0.0,12,Sem Informações de Faturamento,SERVICOS,MODALIDADE ASSINATURA COMPLEMENTAR,ATIVO,0.0,9,2025-09,609.1389326115727,0.0,Manter Ativo
TFECWY,39720.919850545535,31010.350822206354,35,"Faixa 00 - Ate 4,5 M",SERVICOS,MODALIDADE ASSINATURA (INTERA),ATIVO,0.0,8,2025-09,41706.965843072816,31630.557838650482,Manter Ativo
TFECX7,3003.31978078924,1245.9392467040575,21,Sem Informações de Faturamento,LOGISTICA,MODALIDADE ASSINATURA COMPLEMENTAR,ATIVO,0.0,8,2025-09,3153.4857698287024,1270.8580316381388,Manter Ativo
TFECXR,92290.64388383689,5364.122001465618,200,Sem Informações de Faturamento,SERVICOS,MODALIDADE ASSINATURA COMPLEMENTAR,ATIVO,0.0,8,2025-09,96905.17607802874,5471.40444149493,Manter Ativo
TFECXV,2044.398895879898,1315.967102738865,9,Sem Informações de Faturamento,VAREJO,MODALIDADE ASSINATURA COMPLEMENTAR,ATIVO,0.0,9,2025-09,2146.618840673893,1342.2864447936422,Manter Ativo
TFECXW,404.12521649286293,858.772390833384,3,Sem Informações de Faturamento,VAREJO,MODALIDADE ASSINATURA COMPLEMENTAR,GRATUITO,0.0,9,2025-09,424.3314773175061,875.9478386500516,Risco de Churn
TFECXX,6156.9022393373925,2618.061476163596,55,Sem Informações de Faturamento,LOGISTICA,MODALIDADE ASSINATURA COMPLEMENTAR,ATIVO,0.0,9,2025-09,6464.747351304262,2670.422705686868,Manter Ativo
TFECY4,18514.82199723113,12152.048454871972,66,Sem Informações de Faturamento,SERVICOS,MODALIDADE ASSINATURA COMPLEMENTAR,ATIVO,0.0,8,2025-09,19440.563097092687,12395.089423969412,Manter Ativo
TFECY7,2363.11434222874,0.0,2,Sem Informações de Faturamento,VAREJO,MODALIDADE ASSINATURA COMPLEMENTAR,ATIVO,0.0,8,2025-09,2481.2700593401773,0.0,Manter Ativo
TFECY8,5672.8364711361655,0.0,99,Sem Informações de Faturamento,VAREJO,MPN,GRATUITO,0.0,8,2025-09,5956.4782946929745,0.0,Risco de Churn
TFECYE,3325.8901643444538,329.4983404975508,12,Sem Informações de Faturamento,SERVICOS,MODALIDADE ASSINATURA COMPLEMENTAR,ATIVO,0.0,8,2025-09,3492.1846725616765,336.08830730750185,Manter Ativo
TFECYF,2698.456044467694,370.780219850523,21,Sem Informações de Faturamento,MANUFATURA,MODALIDADE ASSINATURA COMPLEMENTAR,ATIVO,0.0,8,2025-09,2833.3788466910787,378.19582424753344,Manter Ativo
TFECYG,117729.0886464534,21099.2862453103,20,"Faixa 01 - De 4,5 M ate 7,5 M",SERVICOS,MODALIDADE ASSINATURA (INTERA),ATIVO,0.0,9,2025-09,123615.54307877607,21521.27197021651,Manter Ativo
TFECYI,10987.201616795091,8194.999553022779,36,Sem Informações de Faturamento,VAREJO,MODALIDADE ASSINATURA COMPLEMENTAR,ATIVO,0.0,8,2025-09,11536.561697634846,8358.899544083235,Manter Ativo
TFECYL,1677.339089799984,662.1075354473621,21,Sem Informações de Faturamento,SERVICOS,MODALIDADE ASSINATURA COMPLEMENTAR,ATIVO,0.0,8,2025-09,1761.2060442899833,675.3496861563094,Manter Ativo
TFECYQ,13065.588699494618,1765.6200945263022,21,Sem Informações de Faturamento,SAUDE,MODALIDADE ASSINATURA COMPLEMENTAR,ATIVO,0.0,9,2025-09,13718.868134469349,1800.9324964168281,Manter Ativo
TFECYR,1453609.4643707043,143235.93016844615,32,Sem Informações de Faturamento,SERVICOS,MODALIDADE ASSINATURA COMPLEMENTAR,PENDENTE,0.0,8,2025-09,1526289.9375892396,146100.6487718151,Risco de Churn
TFECYW,1103.2182890631825,418.1576923869785,21,Sem Informações de Faturamento,SERVICOS,MODALIDADE ASSINATURA COMPLEMENTAR,ATIVO,0.0,8,2025-09,1158.3792035163417,426.5208462347181,Manter Ativo
TFECZE,47666.35741092176,92675.66256859252,49,Sem Informações de Faturamento,MANUFATURA,MODALIDADE ASSINATURA COMPLEMENTAR,ATIVO,0.0,8,2025-09,50049.67528146785,94529.17581996438,Manter Ativo
TFECZT,37071.16969754257,2.48027584707265,20,Sem Informações de Faturamento,SERVICOS,MODALIDADE ASSINATURA COMPLEMENTAR,ATIVO,0.0,9,2025-09,38924.728182419705,2.529881364014103,Manter Ativo
TFED05,5355.714286729782,4954.800817266004,4,Sem Informações de Faturamento,MANUFATURA,MODALIDADE TRADICIONAL,ATIVO,0.0,9,2025-09,5623.500001066271,5053.896833611324,Manter Ativo
TFED07,395657.43704294995,0.0,208,"Faixa 00 - Ate 4,5 M",SERVICOS,MODALIDADE ASSINATURA COMPLEMENTAR,ATIVO,0.0,9,2025-09,415440.30889509746,0.0,Manter Ativo
TFED09,1035.2419154239196,486.134066026241,21,Sem Informações de Faturamento,MANUFATURA,MODALIDADE ASSINATURA COMPLEMENTAR,ATIVO,0.0,8,2025-09,1087.0040111951157,495.8567473467658,Manter Ativo
TFED11,1035.2419154239196,486.134066026241,21,Sem Informações de Faturamento,VAREJO,MODALIDADE ASSINATURA COMPLEMENTAR,ATIVO,0.0,8,2025-09,1087.0040111951157,495.8567473467658,Manter Ativo
TFED12,4294.1057778942595,297.50698592768146,35,Sem Informações de Faturamento,SERVICOS,MODALIDADE ASSINATURA COMPLEMENTAR,ATIVO,0.0,8,2025-09,4508.811066788972,303.4571256462351,Manter Ativo
TFED23,33596.46718623117,9211.492264585775,55,Sem Informações de Faturamento,JURIDICO,MODALIDADE ASSINATURA COMPLEMENTAR,GRATUITO,0.0,8,2025-09,35276.29054554273,9395.72210987749,Risco de Churn
TFED25,4002.618715717443,0.0,90,Sem Informações de Faturamento,VAREJO,MPN,GRATUITO,0.0,8,2025-09,4202.749651503315,0.0,Risco de Churn
TFED27,3602.3568441456987,0.0,81,Sem Informações de Faturamento,VAREJO,MPN,GRATUITO,0.0,8,2025-09,3782.474686352984,0.0,Risco de Churn
TFED34,512.7655024520126,0.0,7,Sem Informações de Faturamento,SERVICOS,MPN,GRATUITO,0.0,9,2025-09,538.4037775746133,0.0,Risco de Churn
TFED36,6150.243329266608,0.0,35,Sem Informações de Faturamento,VAREJO,MPN,GRATUITO,0.0,8,2025-09,6457.755495729939,0.0,Risco de Churn
TFED38,2286.414964551039,0.0,6,Sem Informações de Faturamento,SAUDE,MODALIDADE ASSINATURA COMPLEMENTAR,ATIVO,0.0,9,2025-09,2400.735712778591,0.0,Manter Ativo
TFED39,1328.923391146794,192.45259030336678,21,Sem Informações de Faturamento,VAREJO,MODALIDADE ASSINATURA COMPLEMENTAR,ATIVO,0.0,8,2025-09,1395.3695607041338,196.3016421094341,Manter Ativo
TFED58,54727.91714426334,0.0,105,Sem Informações de Faturamento,SERVICOS,MODALIDADE ASSINATURA COMPLEMENTAR,TROCADO,0.0,8,2025-09,57464.313001476505,0.0,Risco de Churn
TFED64,19094.12195024522,7150.7613828315,12,Sem Informações de Faturamento,SERVICOS,MODALIDADE ASSINATURA COMPLEMENTAR,GRATUITO,0.0,9,2025-09,20048.82804775748,7293.77661048813,Risco de Churn
TFED68,1324.5093409104788,196.86664053968255,21,Sem Informações de Faturamento,VAREJO,MODALIDADE ASSINATURA COMPLEMENTAR,ATIVO,0.0,8,2025-09,1390.734807956003,200.8039733504762,Manter Ativo
TFED77,879.2788070740959,282.24698368213296,27,Sem Informações de Faturamento,SERVICOS,MODALIDADE ASSINATURA COMPLEMENTAR,ATIVO,0.0,8,2025-09,923.2427474278007,287.89192335577565,Manter Ativo
TFEDA3,1220.589986775502,0.0,2,Sem Informações de Faturamento,DISTRIBUICAO,MODALIDADE ASSINATURA COMPLEMENTAR,ATIVO,0.0,8,2025-09,1281.6194861142772,0.0,Manter Ativo
TFEDA8,3835.061368746896,0.0,8,"Faixa 00 - Ate 4,5 M",SERVICOS,MODALIDADE ASSINATURA (INTERA),ATIVO,0.0,9,2025-09,4026.814437184241,0.0,Manter Ativo
TFEDA9,9080.331914706678,4190.194831474017,36,Sem Informações de Faturamento,LOGISTICA,MODALIDADE ASSINATURA COMPLEMENTAR,ATIVO,0.0,9,2025-09,9534.348510442012,4273.998728103497,Manter Ativo
TFEDAB,2928.7853896560177,0.0,25,Sem Informações de Faturamento,VAREJO,MPN,GRATUITO,0.0,8,2025-09,3075.224659138819,0.0,Risco de Churn
TFEDAH,1397.7825748333203,123.59340661684085,21,Sem Informações de Faturamento,CONSTRUCAO E PROJETOS,MODALIDADE ASSINATURA COMPLEMENTAR,ATIVO,0.0,9,2025-09,1467.6717035749864,126.06527474917768,Manter Ativo
TFEDAN,406.370076327333,863.590011377019,3,Sem Informações de Faturamento,VAREJO,MODALIDADE ASSINATURA COMPLEMENTAR,GRATUITO,0.0,9,2025-09,426.68858014369965,880.8618116045594,Risco de Churn
TFEDAZ,2459.256560233056,0.0,54,Sem Informações de Faturamento,SERVICOS,MPN,GRATUITO,0.0,8,2025-09,2582.219388244709,0.0,Risco de Churn
TFEDB2,1471.0558087561617,50.320172693999524,21,Sem Informações de Faturamento,SERVICOS,MODALIDADE ASSINATURA COMPLEMENTAR,ATIVO,0.0,8,2025-09,1544.60859919397,51.326576147879514,Manter Ativo
TFEDB3,3064.612021213502,0.0,63,Sem Informações de Faturamento,SERVICOS,MPN,GRATUITO,0.0,8,2025-09,3217.8426222741773,0.0,Risco de Churn
TFEDB7,432.711446594716,0.0,8,Sem Informações de Faturamento,HOSPITALITY,MODALIDADE ASSINATURA COMPLEMENTAR,ATIVO,0.0,8,2025-09,454.3470189244518,0.0,Manter Ativo
TFEDB9,21483.66173988868,6740.027702556273,144,Sem Informações de Faturamento,SERVICOS,MODALIDADE ASSINATURA COMPLEMENTAR,TROCADO,0.0,9,2025-09,22557.844826883116,6874.8282566073985,Risco de Churn
TFEDBG,144.2511617227986,0.0,4,Sem Informações de Faturamento,DISTRIBUICAO,MODALIDADE ASSINATURA COMPLEMENTAR,ATIVO,0.0,8,2025-09,151.46371980893855,0.0,Manter Ativo
TFEDBO,1324.5093409104788,196.86664053968255,21,Sem Informações de Faturamento,CONSTRUCAO E PROJETOS,MODALIDADE ASSINATURA COMPLEMENTAR,ATIVO,0.0,8,2025-09,1390.734807956003,200.8039733504762,Manter Ativo
TFEDBQ,7445.031398585893,588.5400315087663,21,Sem Informações de Faturamento,CONSTRUCAO E PROJETOS,MODALIDADE ASSINATURA COMPLEMENTAR,ATIVO,0.0,9,2025-09,7817.282968515188,600.3108321389417,Manter Ativo
TFEDC1,98346.3256454695,49187.577849649315,42,Sem Informações de Faturamento,LOGISTICA,MODALIDADE ASSINATURA (INTERA),ATIVO,0.0,9,2025-09,103263.64192774297,50171.329406642304,Manter Ativo
TFEDC4,524.523691510084,438.655700912955,1,Sem Informações de Faturamento,VAREJO,MODALIDADE ASSINATURA COMPLEMENTAR,ATIVO,0.0,8,2025-09,550.7498760855882,447.4288149312141,Manter Ativo
TFEDC9,3902.02040890312,482.6028258371887,21,Sem Informações de Faturamento,MANUFATURA,MODALIDADE ASSINATURA COMPLEMENTAR,ATIVO,0.0,8,2025-09,4097.121429348276,492.25488235393243,Manter Ativo
TFEDCD,3903.701951850291,1422.585333304047,50,Sem Informações de Faturamento,MANUFATURA,MODALIDADE ASSINATURA COMPLEMENTAR,ATIVO,0.0,8,2025-09,4098.887049442806,1451.037039970128,Manter Ativo
TFEDCQ,36017.55272156348,1917.4634226555588,81,Sem Informações de Faturamento,SERVICOS,MODALIDADE ASSINATURA COMPLEMENTAR,ATIVO,0.0,8,2025-09,37818.43035764166,1955.81269110867,Manter Ativo
TFEDCX,1118.9827541928785,0.0,12,Sem Informações de Faturamento,SERVICOS,MODALIDADE ASSINATURA COMPLEMENTAR,ATIVO,0.0,9,2025-09,1174.9318919025225,0.0,Manter Ativo
TFEDD2,3713.687598820313,1406.6106753059514,21,Sem Informações de Faturamento,SERVICOS,MODALIDADE ASSINATURA COMPLEMENTAR,ATIVO,0.0,8,2025-09,3899.3719787613286,1434.7428888120705,Manter Ativo
TFEDDC,45580.4286081042,12512.29801201585,15,Sem Informações de Faturamento,MANUFATURA,MODALIDADE ASSINATURA (INTERA),ATIVO,0.0,8,2025-09,47859.450038509414,12762.543972256168,Manter Ativo
TFEDDL,1220.589986775502,0.0,2,Sem Informações de Faturamento,VAREJO,MODALIDADE ASSINATURA COMPLEMENTAR,ATIVO,0.0,8,2025-09,1281.6194861142772,0.0,Manter Ativo
TFEDDN,1181.7883832696025,339.58759818055836,21,Sem Informações de Faturamento,SERVICOS,MODALIDADE ASSINATURA COMPLEMENTAR,ATIVO,0.0,8,2025-09,1240.8778024330827,346.3793501441695,Manter Ativo
TFEDDS,62145.11059935899,99130.89154604427,54,"Faixa 02 - De 7,5 M ate 15 M",MANUFATURA,MODALIDADE ASSINATURA (INTERA),ATIVO,0.0,9,2025-09,65252.36612932694,101113.50937696516,Manter Ativo
TFEDE9,41392.07927001475,6349.228713919729,126,Sem Informações de Faturamento,SERVICOS,MODALIDADE ASSINATURA COMPLEMENTAR,ATIVO,0.0,8,2025-09,43461.68323351549,6476.213288198123,Manter Ativo
TFEDEG,1112505.7450304064,0.0,357,Sem Informações de Faturamento,MANUFATURA,MODALIDADE ASSINATURA COMPLEMENTAR,ATIVO,0.0,8,2025-09,1168131.0322819268,0.0,Manter Ativo
TFEDEH,763278.1554037514,0.0,368,Faixa 03 - De 15 M ate 25 M,SERVICOS,MODALIDADE ASSINATURA COMPLEMENTAR,ATIVO,0.0,9,2025-09,801442.063173939,0.0,Manter Ativo
TFEDET,7624.87241678552,0.0,16,Sem Informações de Faturamento,DISTRIBUICAO,MODALIDADE ASSINATURA COMPLEMENTAR,ATIVO,0.0,8,2025-09,8006.116037624796,0.0,Manter Ativo
TFEDEU,681444.9724582051,14401.179408426922,540,Faixa 07 - De 75 M ate 150 M,MANUFATURA,MODALIDADE ASSINATURA COMPLEMENTAR,ATIVO,0.0,9,2025-09,715517.2210811153,14689.20299659546,Manter Ativo
TFEDEZ,1913.0493724192438,15057.502436136043,21,Sem Informações de Faturamento,VAREJO,MODALIDADE ASSINATURA COMPLEMENTAR,ATIVO,0.0,8,2025-09,2008.701841040206,15358.652484858763,Manter Ativo
TFEDFL,1477.235479087004,44.14050236315748,21,Sem Informações de Faturamento,SERVICOS,MODALIDADE ASSINATURA COMPLEMENTAR,ATIVO,0.0,8,2025-09,1551.0972530413542,45.02331241042063,Manter Ativo
TFEDFP,3744.880220490283,1665.4842120224487,36,Sem Informações de Faturamento,MANUFATURA,MODALIDADE ASSINATURA COMPLEMENTAR,ATIVO,0.0,8,2025-09,3932.1242315147974,1698.7938962628978,Manter Ativo
TFEDFX,107155.60124480737,59604.01754774461,117,"Faixa 00 - Ate 4,5 M",SERVICOS,MODALIDADE ASSINATURA COMPLEMENTAR,ATIVO,0.0,8,2025-09,112513.38130704775,60796.0978986995,Manter Ativo
TFEDG4,6618.553040052871,1244.341780904249,32,Sem Informações de Faturamento,LOGISTICA,MODALIDADE ASSINATURA COMPLEMENTAR,ATIVO,0.0,9,2025-09,6949.480692055516,1269.2286165223338,Manter Ativo
TFEDGE,20616.82214676627,32470.194943362294,21,"Faixa 02 - De 7,5 M ate 15 M",CONSTRUCAO E PROJETOS,MODALIDADE ASSINATURA (INTERA),ATIVO,0.0,8,2025-09,21647.663254104584,33119.59884222954,Manter Ativo
TFEDGF,12523.837600490762,0.0,14,Sem Informações de Faturamento,SERVICOS,MODALIDADE ASSINATURA (INTERA),ATIVO,0.0,9,2025-09,13150.0294805153,0.0,Manter Ativo
TFEDGG,1023145.5260406,29893.9240132932,80,"Faixa 02 - De 7,5 M ate 15 M",SERVICOS,MODALIDADE ASSINATURA (INTERA),ATIVO,0.0,8,2025-09,1074302.80234263,30491.802493559062,Manter Ativo
TFEDGI,1471.9386188034248,49.437362646736325,21,Sem Informações de Faturamento,SAUDE,MODALIDADE ASSINATURA COMPLEMENTAR,ATIVO,0.0,8,2025-09,1545.535549743596,50.426109899671054,Manter Ativo
TFEDGP,64448.94214498528,53509.60144432386,54,"Faixa 02 - De 7,5 M ate 15 M",CONSTRUCAO E PROJETOS,MODALIDADE ASSINATURA (INTERA),ATIVO,0.0,9,2025-09,67671.38925223454,54579.79347321034,Manter Ativo
TFEDGT,413.1551021191536,45.90612245768376,12,Sem Informações de Faturamento,SERVICOS,MPN,GRATUITO,0.0,9,2025-09,433.81285722511126,46.824244906837436,Risco de Churn
TFEDGY,58334.68803864542,55542.10762771,77,Sem Informações de Faturamento,MANUFATURA,MODALIDADE ASSINATURA (INTERA),ATIVO,0.0,8,2025-09,61251.4224405777,56652.9497802642,Manter Ativo
TFEDH1,140561.91535071537,0.0,110,Sem Informações de Faturamento,MANUFATURA,MODALIDADE ASSINATURA COMPLEMENTAR,ATIVO,0.0,8,2025-09,147590.01111825113,0.0,Manter Ativo
TFEDH3,15864849.989859426,4848828.391677407,650,Sem Informações de Faturamento,MANUFATURA,MODALIDADE ASSINATURA COMPLEMENTAR,ATIVO,0.0,9,2025-09,16658092.489352398,4945804.959510955,Manter Ativo
TFEDH5,3045312.347453398,168433.22906086658,272,"Faixa 02 - De 7,5 M ate 15 M",SERVICOS,MODALIDADE ASSINATURA (INTERA),ATIVO,0.0,8,2025-09,3197577.9648260684,171801.89364208392,Manter Ativo
TFEDHK,460315.55892670475,0.0,170,Faixa 04 - De 25 M ate 35 M,LOGISTICA,MODALIDADE ASSINATURA (INTERA),ATIVO,0.0,9,2025-09,483331.33687304,0.0,Manter Ativo
TFEDHL,4829636.723420782,19021.365790778622,567,Faixa 06 - De 50 M ate 75 M,CONSTRUCAO E PROJETOS,MODALIDADE ASSINATURA COMPLEMENTAR,ATIVO,0.0,9,2025-09,5071118.559591821,19401.793106594196,Manter Ativo
TFEDHO,60.1067526465167,0.0,1,Sem Informações de Faturamento,VAREJO,MODALIDADE ASSINATURA COMPLEMENTAR,ATIVO,0.0,9,2025-09,63.112090278842544,0.0,Manter Ativo
TFEDHP,1753.0085224225393,0.0,9,Sem Informações de Faturamento,SERVICOS,MPN,GRATUITO,0.0,9,2025-09,1840.6589485436664,0.0,Risco de Churn
TFEDHR,2337.3446965633857,0.0,12,Sem Informações de Faturamento,SERVICOS,MPN,GRATUITO,0.0,9,2025-09,2454.211931391555,0.0,Risco de Churn
TFEDHW,756.6943262255559,0.0,27,Sem Informações de Faturamento,LOGISTICA,MODALIDADE ASSINATURA COMPLEMENTAR,ATIVO,0.0,9,2025-09,794.5290425368337,0.0,Manter Ativo
TFEDHY,594298.6897280684,0.0,35,"Faixa 02 - De 7,5 M ate 15 M",SAUDE,MODALIDADE ASSINATURA (INTERA),ATIVO,0.0,9,2025-09,624013.6242144719,0.0,Manter Ativo
TFEDI0,285769.6143712955,80978.4000153541,21,"Faixa 02 - De 7,5 M ate 15 M",MANUFATURA,MODALIDADE ASSINATURA (INTERA),ATIVO,0.0,9,2025-09,300058.09508986026,82597.96801566119,Manter Ativo
TFEDI1,58672.79167517515,65393.09487896108,56,Faixa 04 - De 25 M ate 35 M,VAREJO,MODALIDADE ASSINATURA (INTERA),TROCADO,0.0,9,2025-09,61606.43125893391,66700.9567765403,Risco de Churn
TFEDI2,247990.57394699863,37534.51885663473,66,Sem Informações de Faturamento,LOGISTICA,MODALIDADE TRADICIONAL,ATIVO,0.0,9,2025-09,260390.10264434858,38285.209233767426,Manter Ativo
TFEDI5,600.3108321389417,88.2810047263151,14,Sem Informações de Faturamento,VAREJO,MODALIDADE ASSINATURA COMPLEMENTAR,ATIVO,0.0,9,2025-09,630.3263737458888,90.0466248208414,Manter Ativo
TFEDIF,2540115.72203803,1214.5784707393782,744,Faixa 08 - De 150 M ate 300 M,VAREJO,MODALIDADE ASSINATURA COMPLEMENTAR,ATIVO,0.0,9,2025-09,2667121.5081399316,1238.8700401541657,Manter Ativo
TFEDIJ,33118.61892307706,3740.1719002382056,112,Sem Informações de Faturamento,SERVICOS,MODALIDADE ASSINATURA COMPLEMENTAR,TROCADO,0.0,9,2025-09,34774.54986923092,3814.97533824297,Risco de Churn
TFEDIK,238857.81572705653,692428.7815621039,165,Faixa 07 - De 75 M ate 150 M,AGROINDUSTRIA,MODALIDADE ASSINATURA (INTERA),ATIVO,0.0,8,2025-09,250800.70651340936,706277.357193346,Manter Ativo
TFEDIN,66034.85994860502,50135.42577425159,99,Sem Informações de Faturamento,VAREJO,MODALIDADE TRADICIONAL,ATIVO,0.0,9,2025-09,69336.60294603527,51138.13428973663,Manter Ativo
TFEDIO,1145.004631300305,171.5594191848053,21,Sem Informações de Faturamento,SERVICOS,MODALIDADE ASSINATURA COMPLEMENTAR,ATIVO,0.0,8,2025-09,1202.2548628653203,174.99060756850142,Manter Ativo
TFEDIS,1759442.57657043,0.0,56,Faixa 09 - De 300 M ate 500 M,SERVICOS,MODALIDADE ASSINATURA (INTERA),ATIVO,0.0,9,2025-09,1847414.7053989517,0.0,Manter Ativo
TFEDIU,1061755.4042235191,376818.2538189241,238,Sem Informações de Faturamento,EDUCACIONAL,MODALIDADE ASSINATURA COMPLEMENTAR,ATIVO,0.0,9,2025-09,1114843.1744346952,384354.6188953026,Manter Ativo
TFEDIV,756519.0674118885,0.0,35,"Faixa 01 - De 4,5 M ate 7,5 M",MANUFATURA,MODALIDADE ASSINATURA (INTERA),ATIVO,0.0,9,2025-09,794345.0207824829,0.0,Manter Ativo
TFEDJ6,3342564.7645943114,1082514.039294735,150,Faixa 07 - De 75 M ate 150 M,MANUFATURA,MODALIDADE ASSINATURA (INTERA),ATIVO,0.0,8,2025-09,3509693.002824027,1104164.3200806298,Manter Ativo
TFEDJG,1716767.152130851,408782.10255003587,210,Faixa 04 - De 25 M ate 35 M,SERVICOS,MODALIDADE ASSINATURA (INTERA),ATIVO,0.0,8,2025-09,1802605.5097373936,416957.7446010366,Manter Ativo
TFEDJI,127.7972639847608,13.4523435773432,8,Sem Informações de Faturamento,SERVICOS,MPN,GRATUITO,0.0,9,2025-09,134.18712718399885,13.721390448890064,Risco de Churn
TFEDKJ,72400.51313326125,3094.039022788944,48,Sem Informações de Faturamento,HOSPITALITY,MODALIDADE ASSINATURA COMPLEMENTAR,ATIVO,0.0,8,2025-09,76020.53878992432,3155.919803244723,Manter Ativo
TFEDKL,18507.587158700913,11929.28605294589,25,Sem Informações de Faturamento,SERVICOS,MODALIDADE TRADICIONAL,ATIVO,0.0,9,2025-09,19432.96651663596,12167.871774004809,Manter Ativo
TFEDKU,6747176.471310717,511778.49139217037,357,Faixa 08 - De 150 M ate 300 M,MANUFATURA,MODALIDADE ASSINATURA (INTERA),ATIVO,0.0,8,2025-09,7084535.294876253,522014.06122001377,Manter Ativo
TFEDKX,1927.4686031912129,0.0,28,Sem Informações de Faturamento,VAREJO,MPN,GRATUITO,0.0,8,2025-09,2023.8420333507736,0.0,Risco de Churn
TFEDL3,13728.116620678777,1366.253644573922,91,Sem Informações de Faturamento,LOGISTICA,MODALIDADE ASSINATURA COMPLEMENTAR,ATIVO,0.0,8,2025-09,14414.522451712715,1393.5787174654004,Manter Ativo
TFEDLO,11816.891722357199,0.0,4,"Faixa 01 - De 4,5 M ate 7,5 M",MANUFATURA,MODALIDADE ASSINATURA (INTERA),ATIVO,0.0,8,2025-09,12407.73630847506,0.0,Manter Ativo
TFEDLP,961.0858714538151,560.2901099963458,21,Sem Informações de Faturamento,CONSTRUCAO E PROJETOS,MODALIDADE ASSINATURA COMPLEMENTAR,ATIVO,0.0,9,2025-09,1009.1401650265059,571.4959121962727,Manter Ativo
TFEDLT,174.7963893581037,19.4218210397893,11,Sem Informações de Faturamento,SERVICOS,MPN,GRATUITO,0.0,9,2025-09,183.5362088260089,19.81025746058509,Risco de Churn
TFEDM0,12830.946196646799,3867.162023608332,12,Sem Informações de Faturamento,EDUCACIONAL,MODALIDADE ASSINATURA COMPLEMENTAR,ATIVO,0.0,9,2025-09,13472.493506479139,3944.505264080499,Manter Ativo
TFEDMH,7202.283858732734,2265.00471897622,56,Sem Informações de Faturamento,SERVICOS,MPN,ATIVO,0.0,8,2025-09,7562.398051669371,2310.3048133557445,Manter Ativo
TFEDMO,102209.02317255294,97908.07351486386,6,Sem Informações de Faturamento,MANUFATURA,MODALIDADE TRADICIONAL,ATIVO,0.0,9,2025-09,107319.4743311806,99866.23498516114,Manter Ativo
TFEDPQ,524.523691510084,438.655700912955,1,Sem Informações de Faturamento,VAREJO,MODALIDADE ASSINATURA COMPLEMENTAR,ATIVO,0.0,8,2025-09,550.7498760855882,447.4288149312141,Manter Ativo
TFEDQH,524.523691510084,438.655700912955,1,Sem Informações de Faturamento,DISTRIBUICAO,MODALIDADE ASSINATURA COMPLEMENTAR,ATIVO,0.0,8,2025-09,550.7498760855882,447.4288149312141,Manter Ativo
TFEDR2,1109.397959394025,411.97802205613647,21,Sem Informações de Faturamento,CONSTRUCAO E PROJETOS,MODALIDADE ASSINATURA COMPLEMENTAR,ATIVO,0.0,9,2025-09,1164.8678573637264,420.21758249725923,Manter Ativo
TFEDR6,12696.574099738613,4616.592084302119,72,Sem Informações de Faturamento,MANUFATURA,MODALIDADE ASSINATURA COMPLEMENTAR,ATIVO,0.0,8,2025-09,13331.402804725543,4708.923925988161,Manter Ativo
TFEDR7,1035.2419154239196,486.134066026241,21,Sem Informações de Faturamento,VAREJO,MODALIDADE ASSINATURA COMPLEMENTAR,ATIVO,0.0,8,2025-09,1087.0040111951157,495.8567473467658,Manter Ativo
TFEDRB,60.1067526465167,0.0,1,Sem Informações de Faturamento,VAREJO,MODALIDADE ASSINATURA COMPLEMENTAR,ATIVO,0.0,9,2025-09,63.112090278842544,0.0,Manter Ativo
TFEDRG,3565.64876160902,0.0,1,Sem Informações de Faturamento,VAREJO,MODALIDADE SERVICOS RECORRENTES,ATIVO,0.0,8,2025-09,3743.931199689471,0.0,Manter Ativo
TFEDRL,3658.482543864791,0.0,12,Sem Informações de Faturamento,SERVICOS,MODALIDADE ASSINATURA COMPLEMENTAR,ATIVO,0.0,9,2025-09,3841.4066710580305,0.0,Manter Ativo
TFEDRT,9263.62850366271,3005.463748046871,18,Sem Informações de Faturamento,SERVICOS,MODALIDADE ASSINATURA COMPLEMENTAR,ATIVO,0.0,9,2025-09,9726.809928845847,3065.5730230078084,Manter Ativo
TFEDS0,1906.8697020884013,1671.453689484898,21,Sem Informações de Faturamento,SERVICOS,MODALIDADE ASSINATURA COMPLEMENTAR,ATIVO,0.0,8,2025-09,2002.2131871928214,1704.8827632745958,Manter Ativo
TFEDS6,10647.643445616097,4315.852332058508,66,Sem Informações de Faturamento,EDUCACIONAL,MODALIDADE ASSINATURA COMPLEMENTAR,ATIVO,0.0,9,2025-09,11180.025617896903,4402.169378699678,Manter Ativo
TFEDSC,1477.235479087004,44.14050236315748,21,Sem Informações de Faturamento,CONSTRUCAO E PROJETOS,MODALIDADE ASSINATURA COMPLEMENTAR,ATIVO,0.0,9,2025-09,1551.0972530413542,45.02331241042063,Manter Ativo
TFEDSD,5392.035614388597,333.7526441538856,56,Sem Informações de Faturamento,VAREJO,MPN,GRATUITO,0.0,8,2025-09,5661.637395108028,340.42769703696337,Risco de Churn
TFEDSH,46978.13971736226,15268.07365169513,144,Sem Informações de Faturamento,SERVICOS,MODALIDADE ASSINATURA COMPLEMENTAR,ATIVO,0.0,8,2025-09,49327.04670323038,15573.435124729032,Manter Ativo
TFEDSK,1933.77438924309,0.0,2,Sem Informações de Faturamento,SERVICOS,MODALIDADE ASSINATURA COMPLEMENTAR,ATIVO,0.0,9,2025-09,2030.4631087052444,0.0,Manter Ativo
TFEDSS,97786.5357945,11659.776757088566,165,Faixa 07 - De 75 M ate 150 M,CONSTRUCAO E PROJETOS,MODALIDADE ASSINATURA COMPLEMENTAR,ATIVO,0.0,9,2025-09,102675.862584225,11892.972292230337,Manter Ativo
TFEDT1,1471.9386188034248,49.437362646736325,21,Sem Informações de Faturamento,SERVICOS,MODALIDADE ASSINATURA COMPLEMENTAR,ATIVO,0.0,8,2025-09,1545.535549743596,50.426109899671054,Manter Ativo
TFEDT2,4825.565834061414,0.0,15,Sem Informações de Faturamento,SERVICOS,MODALIDADE ASSINATURA COMPLEMENTAR,ATIVO,0.0,8,2025-09,5066.8441257644845,0.0,Manter Ativo
TFEDT5,1706.7660913754219,194.2182103978928,21,Sem Informações de Faturamento,CONSTRUCAO E PROJETOS,MODALIDADE ASSINATURA COMPLEMENTAR,ATIVO,0.0,8,2025-09,1792.1043959441931,198.10257460585066,Manter Ativo
TFEDTB,2307.9176949879475,472.933953890973,36,Sem Informações de Faturamento,EDUCACIONAL,MODALIDADE ASSINATURA COMPLEMENTAR,ATIVO,0.0,8,2025-09,2423.3135797373448,482.39263296879244,Manter Ativo
TFEDTL,3055.363535004082,1849.6972418846965,50,Sem Informações de Faturamento,LOGISTICA,MODALIDADE ASSINATURA COMPLEMENTAR,ATIVO,0.0,8,2025-09,3208.1317117542862,1886.6911867223905,Manter Ativo
TFEDTN,24211.69612479703,24723.3055664729,15,Faixa 03 - De 15 M ate 25 M,CONSTRUCAO E PROJETOS,MODALIDADE ASSINATURA (INTERA),ATIVO,0.0,8,2025-09,25422.28093103688,25217.771677802357,Manter Ativo
TFEDTT,123.593406616841,0.0,7,Sem Informações de Faturamento,SERVICOS,MPN,GRATUITO,0.0,9,2025-09,129.77307694768305,0.0,Risco de Churn
TFEDTU,141.249607562104,0.0,8,Sem Informações de Faturamento,SERVICOS,MPN,GRATUITO,0.0,9,2025-09,148.31208794020918,0.0,Risco de Churn
TFEDU2,30176.818391009954,2329.35736756434,30,Sem Informações de Faturamento,CONSTRUCAO E PROJETOS,MODALIDADE ASSINATURA COMPLEMENTAR,ATIVO,0.0,9,2025-09,31685.65931056045,2375.944514915627,Manter Ativo
TFEDUA,151.464980966149,0.0,4,Sem Informações de Faturamento,VAREJO,MODALIDADE ASSINATURA COMPLEMENTAR,ATIVO,0.0,9,2025-09,159.03823001445645,0.0,Manter Ativo
TFEDUF,6950.0103780838745,3560.5074440480485,4,Sem Informações de Faturamento,EDUCACIONAL,MODALIDADE TRADICIONAL,ATIVO,0.0,9,2025-09,7297.510896988068,3631.7175929290097,Manter Ativo
TFEDUK,3615.1071435425974,2593.9901888748877,21,Sem Informações de Faturamento,CONSTRUCAO E PROJETOS,MODALIDADE ASSINATURA COMPLEMENTAR,ATIVO,0.0,9,2025-09,3795.8625007197274,2645.8699926523855,Manter Ativo
TFEDUL,550988.276836923,60725.56045107453,55,Sem Informações de Faturamento,VAREJO,MODALIDADE ASSINATURA COMPLEMENTAR,GRATUITO,0.0,8,2025-09,578537.6906787691,61940.07166009602,Risco de Churn
TFEDUO,1471.9386188034248,49.437362646736325,21,Sem Informações de Faturamento,SERVICOS,MODALIDADE ASSINATURA COMPLEMENTAR,ATIVO,0.0,8,2025-09,1545.535549743596,50.426109899671054,Manter Ativo
TFEDUQ,26.98876430204484,0.0,12,Sem Informações de Faturamento,VAREJO,MODALIDADE ASSINATURA COMPLEMENTAR,ATIVO,0.0,9,2025-09,28.33820251714708,0.0,Manter Ativo
TFEDUV,1942.182103978928,0.0,44,Sem Informações de Faturamento,SERVICOS,MPN,GRATUITO,0.0,8,2025-09,2039.2912091778744,0.0,Risco de Churn
TFEDV5,1177.3743330332873,344.00164841687416,21,Sem Informações de Faturamento,VAREJO,MODALIDADE ASSINATURA COMPLEMENTAR,ATIVO,0.0,8,2025-09,1236.2430496849518,350.88168138521166,Manter Ativo
TFEDV8,4566.990771218034,0.0,9,Sem Informações de Faturamento,MANUFATURA,MODALIDADE ASSINATURA COMPLEMENTAR,ATIVO,0.0,8,2025-09,4795.340309778936,0.0,Manter Ativo
TFEDVE,13394.7171005438,5619.38022084572,8,Sem Informações de Faturamento,EDUCACIONAL,MODALIDADE TRADICIONAL,ATIVO,0.0,9,2025-09,14064.45295557099,5731.767825262635,Manter Ativo
TFEDW1,1434.8605968183724,86.51538463178862,21,Sem Informações de Faturamento,LOGISTICA,MODALIDADE ASSINATURA COMPLEMENTAR,ATIVO,0.0,8,2025-09,1506.6036266592912,88.2456923244244,Manter Ativo
TFEDW4,630.5786051879641,0.0,10,Sem Informações de Faturamento,CONSTRUCAO E PROJETOS,MODALIDADE ASSINATURA COMPLEMENTAR,ATIVO,0.0,9,2025-09,662.1075354473622,0.0,Manter Ativo
TFEDWD,7515.773910373251,681.41164848085,35,Sem Informações de Faturamento,VAREJO,MPN,GRATUITO,0.0,9,2025-09,7891.562605891914,695.039881450467,Risco de Churn
TFEDWE,9533.297546100031,375.824848692027,70,Sem Informações de Faturamento,SERVICOS,MPN,GRATUITO,0.0,8,2025-09,10009.962423405033,383.34134566586755,Risco de Churn
TFEDWL,61372.23982998168,42505.4961170524,60,"Faixa 02 - De 7,5 M ate 15 M",CONSTRUCAO E PROJETOS,MODALIDADE ASSINATURA (INTERA),ATIVO,0.0,9,2025-09,64440.85182148076,43355.606039393446,Manter Ativo
TFEDWW,1797.1490247856973,158.9058085073668,27,Sem Informações de Faturamento,MANUFATURA,MODALIDADE ASSINATURA COMPLEMENTAR,ATIVO,0.0,8,2025-09,1887.0064760249822,162.08392467751415,Manter Ativo
TFEDWY,1639.6725277834216,667.4043957309415,21,Sem Informações de Faturamento,SERVICOS,MODALIDADE ASSINATURA COMPLEMENTAR,ATIVO,0.0,8,2025-09,1721.6561541725928,680.7524836455603,Manter Ativo
TFEDWZ,7728.825401779421,1274.660000241686,28,Sem Informações de Faturamento,SERVICOS,MODALIDADE ASSINATURA COMPLEMENTAR,ATIVO,0.0,8,2025-09,8115.266671868392,1300.1532002465199,Manter Ativo
TFEDX4,2242.337520048397,1112.3406595515683,21,Sem Informações de Faturamento,CONSTRUCAO E PROJETOS,MODALIDADE ASSINATURA COMPLEMENTAR,ATIVO,0.0,9,2025-09,2354.4543960508167,1134.5874727425996,Manter Ativo
TFEDX9,1035.2419154239196,486.134066026241,21,Sem Informações de Faturamento,SERVICOS,MODALIDADE ASSINATURA COMPLEMENTAR,ATIVO,0.0,8,2025-09,1087.0040111951157,495.8567473467658,Manter Ativo
TFEDXA,1589.058085073669,194.2182103978928,21,Sem Informações de Faturamento,AGROINDUSTRIA,MODALIDADE ASSINATURA COMPLEMENTAR,CANCELADO,0.0,9,2025-09,1668.5109893273525,198.10257460585066,Risco de Churn
TFEDXB,186568.83790036745,64852.40315201396,140,Sem Informações de Faturamento,HOSPITALITY,MODALIDADE ASSINATURA COMPLEMENTAR,ATIVO,0.0,8,2025-09,195897.27979538584,66149.45121505424,Manter Ativo
TFEDXF,10328.877552978847,2534.925992855618,36,Sem Informações de Faturamento,SERVICOS,MODALIDADE ASSINATURA COMPLEMENTAR,ATIVO,0.0,8,2025-09,10845.32143062779,2585.6245127127304,Manter Ativo
TFEDYB,60.1067526465167,0.0,1,Sem Informações de Faturamento,VAREJO,MODALIDADE ASSINATURA COMPLEMENTAR,ATIVO,0.0,9,2025-09,63.112090278842544,0.0,Manter Ativo
TFEDYH,4815.678361532063,941.2142376756582,54,Sem Informações de Faturamento,SERVICOS,MPN,GRATUITO,0.0,8,2025-09,5056.462279608666,960.0385224291714,Risco de Churn
TFEDZ3,3317.8019427685745,3101.9927209290486,36,Sem Informações de Faturamento,VAREJO,MODALIDADE ASSINATURA COMPLEMENTAR,ATIVO,0.0,8,2025-09,3483.692039907003,3164.0325753476295,Manter Ativo
TFEDZ4,1328.923391146794,192.45259030336678,21,Sem Informações de Faturamento,EDUCACIONAL,MODALIDADE ASSINATURA COMPLEMENTAR,ATIVO,0.0,8,2025-09,1395.3695607041338,196.3016421094341,Manter Ativo
TFEDZ8,1477.235479087004,44.14050236315748,21,Sem Informações de Faturamento,JURIDICO,MODALIDADE ASSINATURA COMPLEMENTAR,ATIVO,0.0,8,2025-09,1551.0972530413542,45.02331241042063,Manter Ativo
TFEDZC,1225.348753315988,0.0,2,Sem Informações de Faturamento,VAREJO,MODALIDADE ASSINATURA COMPLEMENTAR,ATIVO,0.0,8,2025-09,1286.6161909817874,0.0,Manter Ativo
TFEDZG,3967.9368924321047,634.44615396645,21,Sem Informações de Faturamento,JURIDICO,MODALIDADE ASSINATURA COMPLEMENTAR,ATIVO,0.0,8,2025-09,4166.33373705371,647.135077045779,Manter Ativo
TFEDZO,57055.159971571666,24018.90722590429,35,"Faixa 01 - De 4,5 M ate 7,5 M",CONSTRUCAO E PROJETOS,MODALIDADE ASSINATURA (INTERA),ATIVO,0.0,8,2025-09,59907.91797015025,24499.285370422378,Manter Ativo
TFEDZU,158444.37630723455,44343.11988057645,72,"Faixa 02 - De 7,5 M ate 15 M",VAREJO,MODALIDADE ASSINATURA COMPLEMENTAR,ATIVO,0.0,9,2025-09,166366.59512259628,45229.98227818798,Manter Ativo
TFEDZX,1471.9386188034248,49.437362646736325,21,Sem Informações de Faturamento,SAUDE,MODALIDADE ASSINATURA COMPLEMENTAR,ATIVO,0.0,8,2025-09,1545.535549743596,50.426109899671054,Manter Ativo
TFEE01,263349.6527029945,18769.71868487756,32,"Faixa 01 - De 4,5 M ate 7,5 M",SERVICOS,MODALIDADE ASSINATURA (INTERA),ATIVO,0.0,8,2025-09,276517.13533814426,19145.113058575113,Manter Ativo
TFEE06,4271.119085806473,1593.2619424415889,50,Sem Informações de Faturamento,MANUFATURA,MODALIDADE ASSINATURA COMPLEMENTAR,ATIVO,0.0,8,2025-09,4484.675040096797,1625.1271812904206,Manter Ativo
TFEE13,105106.1030699402,964.0285716113593,144,Sem Informações de Faturamento,JURIDICO,MODALIDADE SERVICOS RECORRENTES,ATIVO,0.0,8,2025-09,110361.40822343722,983.3091430435866,Manter Ativo
TFEE21,126618.50237879592,15167.517383454475,220,Sem Informações de Faturamento,SERVICOS,MODALIDADE ASSINATURA COMPLEMENTAR,ATIVO,0.0,5,2025-09,132949.4274977357,15470.867731123564,Manter Ativo
TFEE25,144.2511617227986,0.0,4,Sem Informações de Faturamento,VAREJO,MODALIDADE ASSINATURA COMPLEMENTAR,ATIVO,0.0,9,2025-09,151.46371980893855,0.0,Manter Ativo
TFEE28,496066.30122884165,35852.54711601528,64,Sem Informações de Faturamento,EDUCACIONAL,MODALIDADE ASSINATURA COMPLEMENTAR,ATIVO,0.0,9,2025-09,520869.61629028374,36569.598058335585,Manter Ativo
TFEE29,63016.275961713,28735.11391439661,28,Faixa 04 - De 25 M ate 35 M,VAREJO,MODALIDADE ASSINATURA (INTERA),ATIVO,0.0,9,2025-09,66167.08975979865,29309.816192684542,Manter Ativo
TFEE30,26042.930025121834,0.0,12,"Faixa 02 - De 7,5 M ate 15 M",SERVICOS,MODALIDADE ASSINATURA (INTERA),ATIVO,0.0,9,2025-09,27345.076526377925,0.0,Manter Ativo
TFEE34,2242.337520048398,2877.9607540778675,21,Sem Informações de Faturamento,CONSTRUCAO E PROJETOS,MODALIDADE ASSINATURA COMPLEMENTAR,ATIVO,0.0,9,2025-09,2354.454396050818,2935.519969159425,Manter Ativo
TFEE35,1681.5429471679,0.0,1,Sem Informações de Faturamento,DISTRIBUICAO,MODALIDADE ASSINATURA COMPLEMENTAR,ATIVO,0.0,8,2025-09,1765.620094526295,0.0,Manter Ativo
TFEE37,4355.330756600644,0.0,24,Sem Informações de Faturamento,VAREJO,MODALIDADE ASSINATURA COMPLEMENTAR,GRATUITO,0.0,8,2025-09,4573.097294430677,0.0,Risco de Churn
TFEE44,52775.91482947303,0.0,112,"Faixa 01 - De 4,5 M ate 7,5 M",DISTRIBUICAO,MODALIDADE ASSINATURA (INTERA),ATIVO,0.0,9,2025-09,55414.710570946685,0.0,Manter Ativo
TFEE47,19993.79787326845,0.0,5,Sem Informações de Faturamento,EDUCACIONAL,MODALIDADE CORPORATIVO,GRATUITO,0.0,9,2025-09,20993.487766931874,0.0,Risco de Churn
TFEE55,28526.299911217277,6387.719231980401,28,Sem Informações de Faturamento,SERVICOS,MODALIDADE ASSINATURA COMPLEMENTAR,ATIVO,0.0,8,2025-09,29952.61490677814,6515.473616620009,Manter Ativo
TFEEA3,1552009.5993904837,175816.67815286978,195,Sem Informações de Faturamento,VAREJO,MODALIDADE TRADICIONAL,ATIVO,0.0,9,2025-09,1629610.079360008,179333.01171592716,Manter Ativo
TFEEAA,567567.1300313647,45821.8897676028,63,"Faixa 02 - De 7,5 M ate 15 M",MANUFATURA,MODALIDADE ASSINATURA (INTERA),ATIVO,0.0,9,2025-09,595945.486532933,46738.32756295486,Manter Ativo
TFEEAD,3571.193649477312,0.0,4,Sem Informações de Faturamento,VAREJO,MODALIDADE ASSINATURA COMPLEMENTAR,ATIVO,0.0,5,2025-09,3749.753331951178,0.0,Manter Ativo
TFEEAG,1366.0014131318464,155.37456831831437,21,Sem Informações de Faturamento,CONSTRUCAO E PROJETOS,MODALIDADE ASSINATURA COMPLEMENTAR,ATIVO,0.0,9,2025-09,1434.3014837884389,158.48205968468068,Manter Ativo
TFEEAH,13467.41020214986,5722.963266391244,48,Sem Informações de Faturamento,SERVICOS,MODALIDADE ASSINATURA COMPLEMENTAR,ATIVO,0.0,8,2025-09,14140.780712257354,5837.422531719069,Manter Ativo
TFEEAP,1489.0062797171793,556.1703297757845,21,Sem Informações de Faturamento,SERVICOS,MODALIDADE ASSINATURA COMPLEMENTAR,ATIVO,0.0,8,2025-09,1563.4565937030384,567.2937363713002,Manter Ativo
TFEEB7,60.1067526465167,0.0,1,Sem Informações de Faturamento,MANUFATURA,MODALIDADE ASSINATURA COMPLEMENTAR,ATIVO,0.0,8,2025-09,63.112090278842544,0.0,Manter Ativo
TFEEBE,13721973.410402898,1177464.9892174264,1833,"Faixa 00 - Ate 4,5 M",CONSTRUCAO E PROJETOS,MODALIDADE ASSINATURA COMPLEMENTAR,ATIVO,0.0,8,2025-09,14408072.080923043,1201014.289001775,Manter Ativo
TFEECF,151.3388652451114,0.0,2,Sem Informações de Faturamento,SERVICOS,MODALIDADE ASSINATURA COMPLEMENTAR,ATIVO,0.0,9,2025-09,158.90580850736697,0.0,Manter Ativo
TFEECR,1177.3743330332873,344.00164841687416,21,Sem Informações de Faturamento,MANUFATURA,MODALIDADE ASSINATURA COMPLEMENTAR,ATIVO,0.0,8,2025-09,1236.2430496849518,350.88168138521166,Manter Ativo
TFEED1,2061.504391509963,0.0,40,Sem Informações de Faturamento,SERVICOS,MPN,GRATUITO,0.0,8,2025-09,2164.5796110854612,0.0,Risco de Churn
TFEED5,961.0858714538151,560.2901099963458,21,Sem Informações de Faturamento,VAREJO,MODALIDADE ASSINATURA COMPLEMENTAR,ATIVO,0.0,8,2025-09,1009.1401650265059,571.4959121962727,Manter Ativo
TFEEDH,1328.923391146794,192.45259030336678,21,Sem Informações de Faturamento,SERVICOS,MODALIDADE ASSINATURA COMPLEMENTAR,ATIVO,0.0,8,2025-09,1395.3695607041338,196.3016421094341,Manter Ativo
TFEEDJ,950.4921508866573,403.149921583505,21,Sem Informações de Faturamento,VAREJO,MODALIDADE ASSINATURA COMPLEMENTAR,ATIVO,0.0,8,2025-09,998.0167584309902,411.2129200151751,Manter Ativo
TFEEDY,1255.6501572239526,265.7258242262081,21,Sem Informações de Faturamento,VAREJO,MODALIDADE ASSINATURA COMPLEMENTAR,ATIVO,0.0,8,2025-09,1318.4326650851503,271.04034071073227,Manter Ativo
TFEEDZ,16411.438778621963,9322.47409909886,21,Sem Informações de Faturamento,CONSTRUCAO E PROJETOS,MODALIDADE ASSINATURA COMPLEMENTAR,ATIVO,0.0,9,2025-09,17232.01071755306,9508.923581080837,Manter Ativo
TFEEEA,324687.95058858726,0.0,80,"Faixa 00 - Ate 4,5 M",CONSTRUCAO E PROJETOS,MODALIDADE ASSINATURA (INTERA),ATIVO,0.0,8,2025-09,340922.3481180166,0.0,Manter Ativo
TFEEEC,1471.0558087561617,50.320172693999524,21,Sem Informações de Faturamento,SERVICOS,MODALIDADE ASSINATURA COMPLEMENTAR,ATIVO,0.0,8,2025-09,1544.60859919397,51.326576147879514,Manter Ativo
TFEEED,9216.536893427281,3609.4319360959066,36,Sem Informações de Faturamento,MANUFATURA,MODALIDADE ASSINATURA COMPLEMENTAR,ATIVO,0.0,8,2025-09,9677.363738098646,3681.620574817825,Manter Ativo
TFEEEH,379962.9451191395,51865.29626572106,49,"Faixa 02 - De 7,5 M ate 15 M",VAREJO,MODALIDADE ASSINATURA (INTERA),ATIVO,0.0,9,2025-09,398961.0923750965,52902.60219103548,Manter Ativo
TFEEEK,1403.0794351168986,118.296546333262,21,Sem Informações de Faturamento,SERVICOS,MODALIDADE ASSINATURA COMPLEMENTAR,ATIVO,0.0,8,2025-09,1473.2334068727437,120.66247725992724,Manter Ativo
TFEEEN,1231.721801085754,0.0,2,Sem Informações de Faturamento,EDUCACIONAL,MODALIDADE ASSINATURA COMPLEMENTAR,ATIVO,0.0,8,2025-09,1293.3078911400416,0.0,Manter Ativo
TFEEEO,13472.522092709254,1027.002354982796,12,Sem Informações de Faturamento,AGROINDUSTRIA,MODALIDADE ASSINATURA COMPLEMENTAR,ATIVO,0.0,9,2025-09,14146.148197344717,1047.542402082452,Manter Ativo
TFEEEP,17107.681635896824,9643.110708264834,4,Sem Informações de Faturamento,DISTRIBUICAO,MODALIDADE TRADICIONAL,ATIVO,0.0,9,2025-09,17963.065717691665,9835.972922430132,Manter Ativo
TFEEER,3713.687598820313,670.9356359199935,21,Sem Informações de Faturamento,MANUFATURA,MODALIDADE ASSINATURA COMPLEMENTAR,ATIVO,0.0,8,2025-09,3899.3719787613286,684.3543486383934,Manter Ativo
TFEEEY,593.248351760836,192.45259030336675,14,Sem Informações de Faturamento,VAREJO,MODALIDADE ASSINATURA COMPLEMENTAR,ATIVO,0.0,9,2025-09,622.9107693488779,196.30164210943408,Manter Ativo
TFEEF1,5583.260678340533,414.3321821821712,48,Sem Informações de Faturamento,SERVICOS,MPN,GRATUITO,0.0,8,2025-09,5862.42371225756,422.61882582581467,Risco de Churn
TFEEF8,1255.6501572239526,265.7258242262081,21,Sem Informações de Faturamento,LOGISTICA,MODALIDADE ASSINATURA COMPLEMENTAR,ATIVO,0.0,8,2025-09,1318.4326650851503,271.04034071073227,Manter Ativo
TFEEFA,3211.7470290906936,0.0,64,Sem Informações de Faturamento,SERVICOS,MPN,GRATUITO,0.0,8,2025-09,3372.334380545228,0.0,Risco de Churn
TFEEFL,245516.8393019906,96742.09163529752,204,Sem Informações de Faturamento,HOSPITALITY,MODALIDADE ASSINATURA COMPLEMENTAR,ATIVO,0.0,8,2025-09,257792.68126709014,98676.93346800347,Manter Ativo
TFEEFN,151.3388652451114,0.0,2,Sem Informações de Faturamento,SERVICOS,MODALIDADE ASSINATURA COMPLEMENTAR,ATIVO,0.0,9,2025-09,158.90580850736697,0.0,Manter Ativo
TFEEFS,4716.727966805968,4161.818794240565,55,Sem Informações de Faturamento,VAREJO,MODALIDADE ASSINATURA COMPLEMENTAR,ATIVO,0.0,9,2025-09,4952.564365146267,4245.055170125376,Manter Ativo
TFEEFT,1353.6420724701622,0.0,21,Sem Informações de Faturamento,SAUDE,MODALIDADE ASSINATURA COMPLEMENTAR,ATIVO,0.0,8,2025-09,1421.3241760936705,0.0,Manter Ativo
TFEEFV,668.9934538160146,0.0,18,Sem Informações de Faturamento,CONSTRUCAO E PROJETOS,MODALIDADE ASSINATURA COMPLEMENTAR,ATIVO,0.0,9,2025-09,702.4431265068154,0.0,Manter Ativo
TFEEFW,956.6718212174998,564.7041602326616,21,Sem Informações de Faturamento,VAREJO,MODALIDADE ASSINATURA COMPLEMENTAR,ATIVO,0.0,8,2025-09,1004.5054122783748,575.9982434373148,Manter Ativo
TFEEG4,479.2397399428524,0.0,12,Sem Informações de Faturamento,SERVICOS,MODALIDADE ASSINATURA COMPLEMENTAR,ATIVO,0.0,9,2025-09,503.201726939995,0.0,Manter Ativo
TFEEG9,1129.9968604968337,176.5620094526298,12,Sem Informações de Faturamento,LOGISTICA,MODALIDADE ASSINATURA COMPLEMENTAR,ATIVO,0.0,9,2025-09,1186.4967035216755,180.0932496416824,Manter Ativo
TFEEGE,1249.7647569088654,271.6112245412959,21,Sem Informações de Faturamento,LOGISTICA,MODALIDADE ASSINATURA COMPLEMENTAR,ATIVO,0.0,8,2025-09,1312.2529947543087,277.0434490321218,Manter Ativo
TFEEGH,6845.666434354733,272.0736488517668,25,Sem Informações de Faturamento,VAREJO,MODALIDADE ASSINATURA COMPLEMENTAR,ATIVO,0.0,9,2025-09,7187.949756072469,277.51512182880214,Manter Ativo
TFEEGO,49861.31325457643,0.0,108,Sem Informações de Faturamento,EDUCACIONAL,MODALIDADE ASSINATURA COMPLEMENTAR,TROCADO,0.0,8,2025-09,52354.37891730526,0.0,Risco de Churn
TFEEHL,9433.455933611936,0.0,36,Sem Informações de Faturamento,SERVICOS,MPN,GRATUITO,0.0,8,2025-09,9905.128730292534,0.0,Risco de Churn
TFEEHV,1694.9952907452466,462.00392473438137,21,Sem Informações de Faturamento,CONSTRUCAO E PROJETOS,MODALIDADE ASSINATURA COMPLEMENTAR,ATIVO,0.0,8,2025-09,1779.745055282509,471.244003229069,Manter Ativo
TFEEI3,5520.740911564831,414.3321821821712,48,Sem Informações de Faturamento,SERVICOS,MPN,GRATUITO,0.0,8,2025-09,5796.777957143073,422.61882582581467,Risco de Churn
TFEEID,827900.674819457,610380.4578080414,210,Sem Informações de Faturamento,DISTRIBUICAO,MODALIDADE TRADICIONAL,ATIVO,0.0,8,2025-09,869295.7085604299,622588.0669642022,Manter Ativo
TFEEIF,1471.0558087561617,50.320172693999524,21,Sem Informações de Faturamento,SERVICOS,MODALIDADE ASSINATURA COMPLEMENTAR,ATIVO,0.0,8,2025-09,1544.60859919397,51.326576147879514,Manter Ativo
TFEEIG,1231.721801085754,0.0,2,Sem Informações de Faturamento,EDUCACIONAL,MODALIDADE ASSINATURA COMPLEMENTAR,ATIVO,0.0,8,2025-09,1293.3078911400416,0.0,Manter Ativo
TFEEII,1583.1726847585817,462.00392473438137,21,Sem Informações de Faturamento,CONSTRUCAO E PROJETOS,MODALIDADE ASSINATURA COMPLEMENTAR,ATIVO,0.0,8,2025-09,1662.3313189965108,471.244003229069,Manter Ativo
TFEEJG,1231.721801085754,0.0,2,Sem Informações de Faturamento,EDUCACIONAL,MODALIDADE ASSINATURA COMPLEMENTAR,ATIVO,0.0,8,2025-09,1293.3078911400416,0.0,Manter Ativo
TFEEJH,1231.721801085754,0.0,2,Sem Informações de Faturamento,EDUCACIONAL,MODALIDADE ASSINATURA COMPLEMENTAR,ATIVO,0.0,8,2025-09,1293.3078911400416,0.0,Manter Ativo
TFEEJK,1231.721801085754,0.0,2,Sem Informações de Faturamento,EDUCACIONAL,MODALIDADE ASSINATURA COMPLEMENTAR,ATIVO,0.0,8,2025-09,1293.3078911400416,0.0,Manter Ativo
TFEEJM,1231.721801085754,0.0,2,Sem Informações de Faturamento,EDUCACIONAL,MODALIDADE ASSINATURA COMPLEMENTAR,ATIVO,0.0,8,2025-09,1293.3078911400416,0.0,Manter Ativo
TFEEJX,1231.721801085754,0.0,2,Sem Informações de Faturamento,EDUCACIONAL,MODALIDADE ASSINATURA COMPLEMENTAR,ATIVO,0.0,8,2025-09,1293.3078911400416,0.0,Manter Ativo
TFEEK4,1776.928470846004,0.0,2,Sem Informações de Faturamento,EDUCACIONAL,MODALIDADE ASSINATURA COMPLEMENTAR,ATIVO,0.0,8,2025-09,1865.7748943883043,0.0,Manter Ativo
TFEEK8,227490.37521133324,132506.38296973065,180,"Faixa 01 - De 4,5 M ate 7,5 M",MANUFATURA,MODALIDADE ASSINATURA COMPLEMENTAR,ATIVO,0.0,8,2025-09,238864.8939718999,135156.51062912526,Manter Ativo
TFEEKK,32345.807007702897,4700.963501676272,28,Sem Informações de Faturamento,CONSTRUCAO E PROJETOS,MODALIDADE ASSINATURA COMPLEMENTAR,ATIVO,0.0,9,2025-09,33963.097358088045,4794.982771709798,Manter Ativo
TFEEKL,1231.721801085754,0.0,2,Sem Informações de Faturamento,EDUCACIONAL,MODALIDADE ASSINATURA COMPLEMENTAR,ATIVO,0.0,8,2025-09,1293.3078911400416,0.0,Manter Ativo
TFEEKN,19590.984260274417,20453.111329287352,20,Sem Informações de Faturamento,VAREJO,MODALIDADE ASSINATURA (INTERA),ATIVO,0.0,9,2025-09,20570.53347328814,20862.1735558731,Manter Ativo
TFEEKU,593.248351760836,192.45259030336675,14,Sem Informações de Faturamento,MANUFATURA,MODALIDADE ASSINATURA COMPLEMENTAR,ATIVO,0.0,8,2025-09,622.9107693488779,196.30164210943408,Manter Ativo
TFEEKW,14224.264274955416,0.0,27,"Faixa 01 - De 4,5 M ate 7,5 M",AGROINDUSTRIA,MODALIDADE ASSINATURA (INTERA),ATIVO,0.0,8,2025-09,14935.477488703187,0.0,Manter Ativo
TFEEKX,1231.721801085754,0.0,2,Sem Informações de Faturamento,EDUCACIONAL,MODALIDADE ASSINATURA COMPLEMENTAR,ATIVO,0.0,8,2025-09,1293.3078911400416,0.0,Manter Ativo
TFEEKZ,1231.721801085754,0.0,2,Sem Informações de Faturamento,EDUCACIONAL,MODALIDADE ASSINATURA COMPLEMENTAR,ATIVO,0.0,8,2025-09,1293.3078911400416,0.0,Manter Ativo
TFEEL4,2040288.6668232763,428545.7770671275,294,Faixa 09 - De 300 M ate 500 M,SERVICOS,MODALIDADE SERVICOS RECORRENTES,ATIVO,0.0,8,2025-09,2142303.10016444,437116.6926084701,Manter Ativo
TFEELG,92721.4215560423,120218.98712304128,48,Faixa 06 - De 50 M ate 75 M,MANUFATURA,MODALIDADE ASSINATURA (INTERA),ATIVO,0.0,9,2025-09,97357.49263384442,122623.36686550212,Manter Ativo
TFEELS,1231.721801085754,0.0,2,Sem Informações de Faturamento,EDUCACIONAL,MODALIDADE ASSINATURA COMPLEMENTAR,ATIVO,0.0,8,2025-09,1293.3078911400416,0.0,Manter Ativo
TFEELZ,1231.721801085754,0.0,2,Sem Informações de Faturamento,EDUCACIONAL,MODALIDADE ASSINATURA COMPLEMENTAR,ATIVO,0.0,8,2025-09,1293.3078911400416,0.0,Manter Ativo
TFEEM0,1231.721801085754,0.0,2,Sem Informações de Faturamento,EDUCACIONAL,MODALIDADE ASSINATURA COMPLEMENTAR,ATIVO,0.0,8,2025-09,1293.3078911400416,0.0,Manter Ativo
TFEEM7,1050.5439562431486,732.7323392284139,21,Sem Informações de Faturamento,VAREJO,MODALIDADE ASSINATURA COMPLEMENTAR,ATIVO,0.0,8,2025-09,1103.0711540553061,747.3869860129822,Manter Ativo
TFEEMD,1231.721801085754,0.0,2,Sem Informações de Faturamento,EDUCACIONAL,MODALIDADE ASSINATURA COMPLEMENTAR,ATIVO,0.0,8,2025-09,1293.3078911400416,0.0,Manter Ativo
TFEEMG,38127.304784085085,9897.561787030285,48,Sem Informações de Faturamento,SERVICOS,MODALIDADE ASSINATURA COMPLEMENTAR,ATIVO,0.0,8,2025-09,40033.67002328934,10095.51302277089,Manter Ativo
TFEEMN,1035.2419154239196,486.134066026241,21,Sem Informações de Faturamento,SERVICOS,MODALIDADE ASSINATURA COMPLEMENTAR,ATIVO,0.0,8,2025-09,1087.0040111951157,495.8567473467658,Manter Ativo
TFEEMS,4303.38369110526,0.0,5,Faixa 05 - De 35 M ate 50 M,CONSTRUCAO E PROJETOS,MODALIDADE ASSINATURA (INTERA),ATIVO,0.0,8,2025-09,4518.552875660524,0.0,Manter Ativo
TFEEMT,1231.721801085754,0.0,2,Sem Informações de Faturamento,EDUCACIONAL,MODALIDADE ASSINATURA COMPLEMENTAR,ATIVO,0.0,8,2025-09,1293.3078911400416,0.0,Manter Ativo
TFEEN7,10920575.942528132,1925675.5865582225,306,Faixa 07 - De 75 M ate 150 M,MANUFATURA,MODALIDADE TRADICIONAL,ATIVO,0.0,8,2025-09,11466604.73965454,1964189.098289387,Manter Ativo
TFEENB,1231.721801085754,0.0,2,Sem Informações de Faturamento,EDUCACIONAL,MODALIDADE ASSINATURA COMPLEMENTAR,ATIVO,0.0,8,2025-09,1293.3078911400416,0.0,Manter Ativo
TFEENS,13633.4499566106,13533.024007948348,9,"Faixa 01 - De 4,5 M ate 7,5 M",VAREJO,MODALIDADE ASSINATURA (INTERA),ATIVO,0.0,8,2025-09,14315.12245444113,13803.684488107316,Manter Ativo
TFEENX,1038666.5878286957,35020.822343487096,110,Faixa 06 - De 50 M ate 75 M,MANUFATURA,MODALIDADE ASSINATURA COMPLEMENTAR,ATIVO,0.0,8,2025-09,1090599.9172201306,35721.23879035684,Manter Ativo
TFEEO1,52776.93216295603,33773.79009386733,36,Sem Informações de Faturamento,VAREJO,MODALIDADE TRADICIONAL,ATIVO,0.0,9,2025-09,55415.77877110383,34449.26589574468,Manter Ativo
TFEEO6,10211.758086708613,1547.86028286806,21,Sem Informações de Faturamento,SERVICOS,MODALIDADE ASSINATURA COMPLEMENTAR,ATIVO,0.0,8,2025-09,10722.345991044043,1578.8174885254214,Manter Ativo
TFEEO9,10854.649790127227,0.0,14,"Faixa 01 - De 4,5 M ate 7,5 M",MANUFATURA,MODALIDADE ASSINATURA (INTERA),ATIVO,0.0,8,2025-09,11397.382279633588,0.0,Manter Ativo
TFEEOB,2454.211931391556,1795.0470961017393,21,Sem Informações de Faturamento,EDUCACIONAL,MODALIDADE ASSINATURA COMPLEMENTAR,ATIVO,0.0,8,2025-09,2576.9225279611337,1830.9480380237742,Manter Ativo
TFEEOC,6931.706783103947,292.0335636346499,35,Sem Informações de Faturamento,VAREJO,MPN,GRATUITO,0.0,9,2025-09,7278.292122259144,297.8742349073429,Risco de Churn
TFEEOE,1471.0558087561617,50.320172693999524,21,Sem Informações de Faturamento,SERVICOS,MODALIDADE ASSINATURA COMPLEMENTAR,ATIVO,0.0,8,2025-09,1544.60859919397,51.326576147879514,Manter Ativo
TFEEOK,1231.721801085754,0.0,2,Sem Informações de Faturamento,EDUCACIONAL,MODALIDADE ASSINATURA COMPLEMENTAR,ATIVO,0.0,8,2025-09,1293.3078911400416,0.0,Manter Ativo
TFEEOP,3091.054284057719,1734.5115500036918,15,Sem Informações de Faturamento,DISTRIBUICAO,MODALIDADE ASSINATURA COMPLEMENTAR,ATIVO,0.0,8,2025-09,3245.606998260605,1769.2017810037657,Manter Ativo
TFEEOR,1231.721801085754,0.0,2,Sem Informações de Faturamento,EDUCACIONAL,MODALIDADE ASSINATURA COMPLEMENTAR,ATIVO,0.0,8,2025-09,1293.3078911400416,0.0,Manter Ativo
TFEEOS,2621.94584037155,1147.6530614420956,21,Sem Informações de Faturamento,SERVICOS,MODALIDADE ASSINATURA COMPLEMENTAR,ATIVO,0.0,8,2025-09,2753.0431323901275,1170.6061226709376,Manter Ativo
TFEEP2,15640.274775336036,0.0,14,"Faixa 02 - De 7,5 M ate 15 M",MANUFATURA,MODALIDADE ASSINATURA (INTERA),ATIVO,0.0,9,2025-09,16422.28851410284,0.0,Manter Ativo
TFEEP6,13961.010318861529,5050.934627555592,36,Sem Informações de Faturamento,VAREJO,MODALIDADE ASSINATURA COMPLEMENTAR,ATIVO,0.0,8,2025-09,14659.060834804606,5151.953320106703,Manter Ativo
TFEEP7,3784.690749764479,1040.8750842969318,15,Sem Informações de Faturamento,CONSTRUCAO E PROJETOS,MODALIDADE ASSINATURA COMPLEMENTAR,ATIVO,0.0,8,2025-09,3973.925287252703,1061.6925859828705,Manter Ativo
TFEEP9,6228.578007460423,0.6810248936029201,24,Sem Informações de Faturamento,SAUDE,MODALIDADE ASSINATURA COMPLEMENTAR,ATIVO,0.0,8,2025-09,6540.0069078334445,0.6946453914749785,Manter Ativo
TFEEPA,1328.923391146794,192.45259030336678,21,Sem Informações de Faturamento,SAUDE,MODALIDADE ASSINATURA COMPLEMENTAR,ATIVO,0.0,8,2025-09,1395.3695607041338,196.3016421094341,Manter Ativo
TFEEPH,176284.65996278104,88872.95829000644,49,Sem Informações de Faturamento,AGROINDUSTRIA,MODALIDADE TRADICIONAL,ATIVO,0.0,9,2025-09,185098.8929609201,90650.41745580657,Manter Ativo
TFEEPI,1231.721801085754,0.0,2,Sem Informações de Faturamento,EDUCACIONAL,MODALIDADE ASSINATURA COMPLEMENTAR,ATIVO,0.0,8,2025-09,1293.3078911400416,0.0,Manter Ativo
TFEEPK,1776.928470846004,0.0,2,Sem Informações de Faturamento,EDUCACIONAL,MODALIDADE ASSINATURA COMPLEMENTAR,ATIVO,0.0,8,2025-09,1865.7748943883043,0.0,Manter Ativo
TFEEPN,250447.64870525795,290612.5925825748,49,Sem Informações de Faturamento,DISTRIBUICAO,MODALIDADE TRADICIONAL,ATIVO,0.0,9,2025-09,262970.0311405209,296424.84443422634,Manter Ativo
TFEEPV,2682.481386469596,2875.438439657118,36,Sem Informações de Faturamento,SERVICOS,MODALIDADE ASSINATURA COMPLEMENTAR,ATIVO,0.0,8,2025-09,2816.605455793076,2932.9472084502604,Manter Ativo
TFEEQ7,79465.51582578725,90973.52492417918,36,Sem Informações de Faturamento,MANUFATURA,MODALIDADE TRADICIONAL,ATIVO,0.0,9,2025-09,83438.79161707663,92792.99542266276,Manter Ativo
TFEEQD,5043128.905194839,108571.3426983165,475,Faixa 07 - De 75 M ate 150 M,LOGISTICA,MODALIDADE ASSINATURA (INTERA),ATIVO,0.0,9,2025-09,5295285.350454582,110742.76955228283,Manter Ativo
TFEEQE,8068.597969684156,467.250338729544,8,Sem Informações de Faturamento,VAREJO,MPN,GRATUITO,0.0,9,2025-09,8472.027868168365,476.5953455041349,Risco de Churn
TFEEQH,1240264.9809214165,55360.69857071216,256,Sem Informações de Faturamento,MANUFATURA,MODALIDADE ASSINATURA (INTERA),ATIVO,0.0,8,2025-09,1302278.2299674875,56467.9125421264,Manter Ativo
TFEERO,60.1067526465167,0.0,1,Sem Informações de Faturamento,VAREJO,MODALIDADE ASSINATURA COMPLEMENTAR,ATIVO,0.0,9,2025-09,63.112090278842544,0.0,Manter Ativo
TFEERX,1231.721801085754,0.0,2,Sem Informações de Faturamento,EDUCACIONAL,MODALIDADE ASSINATURA COMPLEMENTAR,ATIVO,0.0,8,2025-09,1293.3078911400416,0.0,Manter Ativo
TFEESA,11864.967035216736,2327.255438880381,32,Sem Informações de Faturamento,SERVICOS,MODALIDADE ASSINATURA COMPLEMENTAR,ATIVO,0.0,8,2025-09,12458.215386977574,2373.800547657989,Manter Ativo
TFEESC,8535.007536940137,2092.2598120136645,21,Sem Informações de Faturamento,SERVICOS,MODALIDADE ASSINATURA COMPLEMENTAR,ATIVO,0.0,8,2025-09,8961.757913787143,2134.1050082539377,Manter Ativo
TFEESE,840.7714735839512,0.0,24,Sem Informações de Faturamento,SERVICOS,MODALIDADE ASSINATURA COMPLEMENTAR,ATIVO,0.0,8,2025-09,882.8100472631488,0.0,Manter Ativo
TFEESO,33074.97447588335,0.0,32,"Faixa 00 - Ate 4,5 M",SAUDE,MODALIDADE ASSINATURA (INTERA),ATIVO,0.0,9,2025-09,34728.723199677515,0.0,Manter Ativo
TFEET1,27601.22428197712,1.6815429471679,50,Sem Informações de Faturamento,VAREJO,MODALIDADE ASSINATURA COMPLEMENTAR,ATIVO,0.0,9,2025-09,28981.285496075976,1.715173806111258,Manter Ativo
TFEET3,574498.5089135964,28293.33895131668,36,Sem Informações de Faturamento,SERVICOS,MODALIDADE ASSINATURA (INTERA),ATIVO,0.0,8,2025-09,603223.4343592762,28859.205730343016,Manter Ativo
TFEET5,631.0830680721144,4.5401659573533,12,Sem Informações de Faturamento,SERVICOS,MODALIDADE ASSINATURA COMPLEMENTAR,ATIVO,0.0,9,2025-09,662.6372214757201,4.630969276500366,Manter Ativo
TFEETF,12344.610345466912,19694.836352691505,32,Sem Informações de Faturamento,CONSTRUCAO E PROJETOS,MODALIDADE ASSINATURA COMPLEMENTAR,ATIVO,0.0,9,2025-09,12961.840862740259,20088.733079745336,Manter Ativo
TFEETJ,152568.1992552123,19446.64481754685,25,Sem Informações de Faturamento,MANUFATURA,MODALIDADE ASSINATURA (INTERA),ATIVO,0.0,8,2025-09,160196.60921797293,19835.577713897786,Manter Ativo
TFEETS,1233.697614048676,0.0,2,Sem Informações de Faturamento,EDUCACIONAL,MODALIDADE ASSINATURA COMPLEMENTAR,ATIVO,0.0,8,2025-09,1295.38249475111,0.0,Manter Ativo
TFEEUC,675635.7166116233,1062827.6274722107,225,Sem Informações de Faturamento,VAREJO,MODALIDADE TRADICIONAL,ATIVO,0.0,9,2025-09,709417.5024422045,1084084.1800216548,Manter Ativo
TFEEUE,2228.2125592921866,2021.0464682011059,21,Sem Informações de Faturamento,SAUDE,MODALIDADE ASSINATURA COMPLEMENTAR,ATIVO,0.0,8,2025-09,2339.623187256796,2061.467397565128,Manter Ativo
TFEEUK,1233.697614048676,0.0,2,Sem Informações de Faturamento,EDUCACIONAL,MODALIDADE ASSINATURA COMPLEMENTAR,ATIVO,0.0,8,2025-09,1295.38249475111,0.0,Manter Ativo
TFEEUL,1233.697614048676,0.0,2,Sem Informações de Faturamento,EDUCACIONAL,MODALIDADE ASSINATURA COMPLEMENTAR,ATIVO,0.0,8,2025-09,1295.38249475111,0.0,Manter Ativo
TFEEUM,1233.697614048676,0.0,2,Sem Informações de Faturamento,EDUCACIONAL,MODALIDADE ASSINATURA COMPLEMENTAR,ATIVO,0.0,8,2025-09,1295.38249475111,0.0,Manter Ativo
TFEEUR,1328.923391146794,192.45259030336678,21,Sem Informações de Faturamento,SERVICOS,MODALIDADE ASSINATURA COMPLEMENTAR,ATIVO,0.0,8,2025-09,1395.3695607041338,196.3016421094341,Manter Ativo
TFEEVG,18087.163587192634,10192.041995653073,24,Sem Informações de Faturamento,EDUCACIONAL,MODALIDADE ASSINATURA COMPLEMENTAR,ATIVO,0.0,9,2025-09,18991.521766552265,10395.882835566135,Manter Ativo
TFEEVR,2880.937085094353,1.00892576830068,18,Sem Informações de Faturamento,CONSTRUCAO E PROJETOS,MODALIDADE ASSINATURA COMPLEMENTAR,ATIVO,0.0,9,2025-09,3024.9839393490706,1.0291042836666937,Manter Ativo
TFEEWC,1765.6200945262992,100.892576830074,12,Sem Informações de Faturamento,CONSTRUCAO E PROJETOS,MODALIDADE ASSINATURA COMPLEMENTAR,ATIVO,0.0,9,2025-09,1853.9010992526144,102.91042836667549,Manter Ativo
TFEEWN,1231.721801085754,0.0,2,Sem Informações de Faturamento,EDUCACIONAL,MODALIDADE ASSINATURA COMPLEMENTAR,ATIVO,0.0,8,2025-09,1293.3078911400416,0.0,Manter Ativo
TFEEXM,7485.8760767726035,4856.363293138795,24,Sem Informações de Faturamento,SERVICOS,MODALIDADE ASSINATURA COMPLEMENTAR,ATIVO,0.0,8,2025-09,7860.169880611234,4953.490559001571,Manter Ativo
TFEEXN,107830.11436334744,99542.19274706421,81,Sem Informações de Faturamento,VAREJO,MODALIDADE TRADICIONAL,ATIVO,0.0,9,2025-09,113221.62008151482,101533.0366020055,Manter Ativo
TFEEXP,2401.85709173148,0.0,2,Sem Informações de Faturamento,VAREJO,MODALIDADE ASSINATURA COMPLEMENTAR,ATIVO,0.0,8,2025-09,2521.949946318054,0.0,Manter Ativo
TFEEXR,25020.67802896481,0.0,24,Sem Informações de Faturamento,AGROINDUSTRIA,MODALIDADE ASSINATURA COMPLEMENTAR,ATIVO,0.0,9,2025-09,26271.71193041305,0.0,Manter Ativo
TFEEXW,2706193.5130002233,314036.746475781,952,Faixa 08 - De 150 M ate 300 M,SAUDE,MODALIDADE ASSINATURA COMPLEMENTAR,ATIVO,0.0,9,2025-09,2841503.1886502346,320317.48140529665,Manter Ativo
TFEEYC,60.1067526465167,0.0,1,Sem Informações de Faturamento,VAREJO,MODALIDADE ASSINATURA COMPLEMENTAR,ATIVO,0.0,9,2025-09,63.112090278842544,0.0,Manter Ativo
TFEEYH,23283.40874852776,736.9950505994854,42,Sem Informações de Faturamento,VAREJO,MODALIDADE ASSINATURA COMPLEMENTAR,ATIVO,0.0,9,2025-09,24447.57918595415,751.734951611475,Manter Ativo
TFEEYP,21616.234585843413,4185.465491935116,150,Sem Informações de Faturamento,HOSPITALITY,MODALIDADE ASSINATURA COMPLEMENTAR,ATIVO,0.0,8,2025-09,22697.046315135583,4269.174801773818,Manter Ativo
TFEEYQ,67085.99664873705,32142.760696832327,132,Sem Informações de Faturamento,JURIDICO,MODALIDADE SERVICOS RECORRENTES,ATIVO,0.0,8,2025-09,70440.29648117391,32785.615910768975,Manter Ativo
